빌드 시작: 2026-01-22 오전 10:14:02
로깅의 세부 정보 표시가 Detailed(으)로 설정되었습니다.     0>프로세스 = "C:\Program Files\dotnet\dotnet.exe"
       MSBuild 실행 파일 경로 = "C:\Program Files\dotnet\sdk\9.0.309\MSBuild.dll"
       명령줄 인수 = "C:\Program Files\dotnet\sdk\9.0.309\MSBuild.dll -maxcpucount -verbosity:m -tlp:default=auto -nologo -restore -consoleloggerparameters:Summary c:\Work\backup\tcpaop\Tests\ProtoTestTool\ProtoTestTool.csproj /fl /flp:logfile=msbuild.log -distributedlogger:Microsoft.DotNet.Tools.MSBuild.MSBuildLogger,C:\Program Files\dotnet\sdk\9.0.309\dotnet.dll*Microsoft.DotNet.Tools.MSBuild.MSBuildForwardingLogger,C:\Program Files\dotnet\sdk\9.0.309\dotnet.dll"
       현재 디렉터리 = "C:\Work\backup\tcpaop\Tests\ProtoTestTool"
       MSBuild 버전 = "17.14.37+3393a8ad9"
       Windows 레지스트리 키 LongPathsEnabled에 따라 LongPaths 기능이 사용 안 함입니다.
       Windows 레지스트리 키 VerifiedAndReputablePolicyState에 따른 SAC 상태 = 0: 꺼짐.
       SDK "Microsoft.NET.Sdk"이(가) "DefaultSdkResolver" 확인자에 의해 "C:\Program Files\dotnet\sdk\9.0.309\Sdks\Microsoft.NET.Sdk\Sdk" 위치 및 "" 버전으로 확인되었습니다.
       C:\Program Files\dotnet\sdk\9.0.309\Sdks\Microsoft.NET.Sdk\Sdk\Sdk.props(49,11): message : 환경에서 값이 'MSBuildExtensionsPath'인 속성 'C:\Program Files\dotnet\sdk\9.0.309\'이(가) 확장되었습니다.
       C:\Program Files\dotnet\sdk\9.0.309\Current\Microsoft.Common.props(60,5): message : 속성 재할당: $(MSBuildProjectExtensionsPath)=C:\Program Files\dotnet\sdk\9.0.309\Current\Microsoft.Common.props (60,5)의 "c:\Work\backup\tcpaop\Tests\ProtoTestTool\obj\"(이전 값: "obj\")
       C:\Program Files\dotnet\sdk\9.0.309\Current\Microsoft.Common.props(84,119): message : 환경에서 값이 'MSBuildUserExtensionsPath'인 속성 'C:\Users\kentz\AppData\Local\Microsoft\MSBuild'이(가) 확장되었습니다.
       C:\Program Files\dotnet\sdk\9.0.309\Sdks\Microsoft.NET.Sdk\targets\Microsoft.NET.Sdk.props(90,5): message : 속성 재할당: $(AssemblySearchPaths)=C:\Program Files\dotnet\sdk\9.0.309\Sdks\Microsoft.NET.Sdk\targets\Microsoft.NET.Sdk.props (90,5)의 "{CandidateAssemblyFiles};{HintPathFromItem}"(이전 값: "{CandidateAssemblyFiles}")
       C:\Program Files\dotnet\sdk\9.0.309\Sdks\Microsoft.NET.Sdk\targets\Microsoft.NET.Sdk.props(91,5): message : 속성 재할당: $(AssemblySearchPaths)=C:\Program Files\dotnet\sdk\9.0.309\Sdks\Microsoft.NET.Sdk\targets\Microsoft.NET.Sdk.props (91,5)의 "{CandidateAssemblyFiles};{HintPathFromItem};{TargetFrameworkDirectory}"(이전 값: "{CandidateAssemblyFiles};{HintPathFromItem}")
       C:\Program Files\dotnet\sdk\9.0.309\Sdks\Microsoft.NET.Sdk\targets\Microsoft.NET.Sdk.props(92,5): message : 속성 재할당: $(AssemblySearchPaths)=C:\Program Files\dotnet\sdk\9.0.309\Sdks\Microsoft.NET.Sdk\targets\Microsoft.NET.Sdk.props (92,5)의 "{CandidateAssemblyFiles};{HintPathFromItem};{TargetFrameworkDirectory};{RawFileName}"(이전 값: "{CandidateAssemblyFiles};{HintPathFromItem};{TargetFrameworkDirectory}")
       "DefaultSdkResolver" 확인자가 SDK "Microsoft.NET.SDK.WorkloadAutoImportPropsLocator"을(를) 확인하려고 했습니다.
       경고: null
       오류: MSB4276: 디렉터리 "Microsoft.NET.SDK.WorkloadAutoImportPropsLocator"이(가) 없으므로 기본 SDK 확인자가 SDK "C:\Program Files\dotnet\sdk\9.0.309\Sdks\Microsoft.NET.SDK.WorkloadAutoImportPropsLocator\Sdk"을(를) 확인하지 못했습니다.
       Evaluation 동안 로드된 어셈블리: Microsoft.Build.NuGetSdkResolver, Version=6.14.0.116, Culture=neutral, PublicKeyToken=31bf3856ad364e35(위치: C:\Program Files\dotnet\sdk\9.0.309\Microsoft.Build.NuGetSdkResolver.dll, MVID: ee5cca45-a90e-417e-aaf7-f0e96f222226, AssemblyLoadContext: MSBuild plugin C:\Program Files\dotnet\sdk\9.0.309\Microsoft.Build.NuGetSdkResolver.dll)
       Evaluation 동안 로드된 어셈블리: System.Reflection.Metadata, Version=9.0.0.0, Culture=neutral, PublicKeyToken=b03f5f7f11d50a3a(위치: C:\Program Files\dotnet\shared\Microsoft.NETCore.App\9.0.12\System.Reflection.Metadata.dll, MVID: 1459e978-6a1b-4674-a831-e944258a8e53, AssemblyLoadContext: Default)
       Evaluation 동안 로드된 어셈블리: NuGet.Common, Version=6.14.0.116, Culture=neutral, PublicKeyToken=31bf3856ad364e35(위치: C:\Program Files\dotnet\sdk\9.0.309\NuGet.Common.dll, MVID: 0fbb79ae-e358-4591-bc91-e34371a3d05b, AssemblyLoadContext: MSBuild plugin C:\Program Files\dotnet\sdk\9.0.309\Microsoft.Build.NuGetSdkResolver.dll)
       Evaluation 동안 로드된 어셈블리: Microsoft.NET.Sdk.WorkloadMSBuildSdkResolver, Version=9.0.309.0, Culture=neutral, PublicKeyToken=31bf3856ad364e35(위치: C:\Program Files\dotnet\sdk\9.0.309\Microsoft.NET.Sdk.WorkloadMSBuildSdkResolver.dll, MVID: cece916b-2cfd-4759-8c4f-68edc69e3cbd, AssemblyLoadContext: MSBuild plugin C:\Program Files\dotnet\sdk\9.0.309\Microsoft.NET.Sdk.WorkloadMSBuildSdkResolver.dll)
       Evaluation 동안 로드된 어셈블리: Microsoft.DotNet.Cli.Utils, Version=9.0.309.0, Culture=neutral, PublicKeyToken=adb9793829ddae60(위치: C:\Program Files\dotnet\sdk\9.0.309\Microsoft.DotNet.Cli.Utils.dll, MVID: 78ab3ac0-fd18-4773-a0ba-c07821a9d5ad, AssemblyLoadContext: MSBuild plugin C:\Program Files\dotnet\sdk\9.0.309\Microsoft.NET.Sdk.WorkloadMSBuildSdkResolver.dll)
       Evaluation 동안 로드된 어셈블리: Microsoft.NET.Sdk.WorkloadManifestReader, Version=9.0.309.0, Culture=neutral, PublicKeyToken=adb9793829ddae60(위치: C:\Program Files\dotnet\sdk\9.0.309\Microsoft.NET.Sdk.WorkloadManifestReader.dll, MVID: 26b278a9-d95c-4846-a686-117d5fea75c2, AssemblyLoadContext: MSBuild plugin C:\Program Files\dotnet\sdk\9.0.309\Microsoft.NET.Sdk.WorkloadMSBuildSdkResolver.dll)
       Evaluation 동안 로드된 어셈블리: Microsoft.Deployment.DotNet.Releases, Version=2.0.0.0, Culture=neutral, PublicKeyToken=31bf3856ad364e35(위치: C:\Program Files\dotnet\sdk\9.0.309\Microsoft.Deployment.DotNet.Releases.dll, MVID: 400d16c0-099c-46d2-bc0e-802a0637399b, AssemblyLoadContext: MSBuild plugin C:\Program Files\dotnet\sdk\9.0.309\Microsoft.NET.Sdk.WorkloadMSBuildSdkResolver.dll)
       SDK "Microsoft.NET.SDK.WorkloadAutoImportPropsLocator"이(가) "Microsoft.DotNet.MSBuildWorkloadSdkResolver" 확인자에 의해 "null" 위치 및 "null" 버전으로 확인되었습니다.
       C:\Program Files\dotnet\sdk\9.0.309\Sdks\Microsoft.NET.Sdk\targets\Microsoft.NET.PackProjectTool.props(15,5): message : 속성 재할당: $(TargetsForTfmSpecificContentInPackage)=C:\Program Files\dotnet\sdk\9.0.309\Sdks\Microsoft.NET.Sdk\targets\Microsoft.NET.PackProjectTool.props (15,5)의 ";PackTool;_PackProjectToolValidation"(이전 값: ";PackTool")
       c:\Work\backup\tcpaop\Tests\ProtoTestTool\ProtoTestTool.csproj(4,5): message : 속성 재할당: $(OutputType)=c:\Work\backup\tcpaop\Tests\ProtoTestTool\ProtoTestTool.csproj (4,5)의 "WinExe"(이전 값: "Library")
       C:\Program Files\dotnet\sdk\9.0.309\Sdks\Microsoft.NET.Sdk\targets\Microsoft.NET.Sdk.ImportPublishProfile.targets(28,5): message : 속성 재할당: $(PublishProfileImported)=C:\Program Files\dotnet\sdk\9.0.309\Sdks\Microsoft.NET.Sdk\targets\Microsoft.NET.Sdk.ImportPublishProfile.targets (28,5)의 "false"(이전 값: "true")
       Evaluation 동안 로드된 어셈블리: NuGet.Frameworks, Version=6.14.0.116, Culture=neutral, PublicKeyToken=31bf3856ad364e35(위치: C:\Program Files\dotnet\sdk\9.0.309\NuGet.Frameworks.dll, MVID: 6b5909cd-5145-46c4-9595-25461e82c126, AssemblyLoadContext: Assembly.LoadFile(C:\Program Files\dotnet\sdk\9.0.309\NuGet.Frameworks.dll))
       C:\Program Files\dotnet\sdk\9.0.309\Sdks\Microsoft.NET.Sdk\targets\Microsoft.NET.TargetFrameworkInference.targets(68,5): message : 속성 재할당: $(TargetPlatformVersion)=C:\Program Files\dotnet\sdk\9.0.309\Sdks\Microsoft.NET.Sdk\targets\Microsoft.NET.TargetFrameworkInference.targets (68,5)의 "0.0"(이전 값: "0.0.0.0")
       C:\Program Files\dotnet\sdk\9.0.309\Sdks\Microsoft.NET.Sdk\targets\Microsoft.NET.TargetFrameworkInference.targets(69,5): message : 속성 재할당: $(TargetPlatformVersion)=C:\Program Files\dotnet\sdk\9.0.309\Sdks\Microsoft.NET.Sdk\targets\Microsoft.NET.TargetFrameworkInference.targets (69,5)의 ""(이전 값: "0.0")
       C:\Program Files\dotnet\sdk\9.0.309\Sdks\Microsoft.NET.Sdk\targets\Microsoft.NET.TargetFrameworkInference.targets(71,5): message : 속성 재할당: $(TargetPlatformIdentifier)=C:\Program Files\dotnet\sdk\9.0.309\Sdks\Microsoft.NET.Sdk\targets\Microsoft.NET.TargetFrameworkInference.targets (71,5)의 "Windows"(이전 값: "windows")
       C:\Program Files\dotnet\sdk\9.0.309\Sdks\Microsoft.NET.Sdk\targets\Microsoft.NET.DefaultOutputPaths.targets(122,5): message : 속성 재할당: $(DefaultItemExcludes)=C:\Program Files\dotnet\sdk\9.0.309\Sdks\Microsoft.NET.Sdk\targets\Microsoft.NET.DefaultOutputPaths.targets (122,5)의 ";bin\Debug\/**;obj\Debug\/**"(이전 값: ";bin\Debug\/**")
       C:\Program Files\dotnet\sdk\9.0.309\Sdks\Microsoft.NET.Sdk\targets\Microsoft.NET.DefaultOutputPaths.targets(137,5): message : 속성 재할당: $(OutputPath)=C:\Program Files\dotnet\sdk\9.0.309\Sdks\Microsoft.NET.Sdk\targets\Microsoft.NET.DefaultOutputPaths.targets (137,5)의 "bin\Debug\net9.0-windows\"(이전 값: "bin\Debug\")
       C:\Program Files\dotnet\sdk\9.0.309\Sdks\Microsoft.NET.Sdk\targets\Microsoft.NET.DefaultOutputPaths.targets(142,5): message : 속성 재할당: $(IntermediateOutputPath)=C:\Program Files\dotnet\sdk\9.0.309\Sdks\Microsoft.NET.Sdk\targets\Microsoft.NET.DefaultOutputPaths.targets (142,5)의 "obj\Debug\net9.0-windows\"(이전 값: "obj\Debug\")
       "DefaultSdkResolver" 확인자가 SDK "Microsoft.NET.SDK.WorkloadManifestTargetsLocator"을(를) 확인하려고 했습니다.
       경고: null
       오류: MSB4276: 디렉터리 "Microsoft.NET.SDK.WorkloadManifestTargetsLocator"이(가) 없으므로 기본 SDK 확인자가 SDK "C:\Program Files\dotnet\sdk\9.0.309\Sdks\Microsoft.NET.SDK.WorkloadManifestTargetsLocator\Sdk"을(를) 확인하지 못했습니다.
       SDK "Microsoft.NET.SDK.WorkloadManifestTargetsLocator"이(가) "Microsoft.DotNet.MSBuildWorkloadSdkResolver" 확인자에 의해 "C:\Program Files\dotnet\sdk-manifests\9.0.100\microsoft.net.sdk.android\35.0.7" 위치 및 "null" 버전으로 확인되었습니다.
       C:\Program Files\dotnet\sdk\9.0.309\Sdks\Microsoft.NET.Sdk\targets\Microsoft.NET.Sdk.BeforeCommon.targets(187,5): message : 속성 재할당: $(_FrameworkIdentifierForImplicitDefine)=C:\Program Files\dotnet\sdk\9.0.309\Sdks\Microsoft.NET.Sdk\targets\Microsoft.NET.Sdk.BeforeCommon.targets (187,5)의 "NET"(이전 값: "NETCOREAPP")
       C:\Program Files\dotnet\sdk\9.0.309\Sdks\Microsoft.NET.Sdk\targets\Microsoft.NET.Sdk.BeforeCommon.targets(192,5): message : 속성 재할당: $(_FrameworkVersionForImplicitDefine)=C:\Program Files\dotnet\sdk\9.0.309\Sdks\Microsoft.NET.Sdk\targets\Microsoft.NET.Sdk.BeforeCommon.targets (192,5)의 "9_0"(이전 값: "9.0")
       C:\Program Files\dotnet\sdk\9.0.309\Roslyn\Microsoft.CSharp.Core.targets(200,5): message : 속성 재할당: $(CommandLineArgsForDesignTimeEvaluation)=C:\Program Files\dotnet\sdk\9.0.309\Roslyn\Microsoft.CSharp.Core.targets (200,5)의 "-langversion:13.0 -define:TRACE"(이전 값: "-langversion:13.0")
       Evaluation 동안 로드된 어셈블리: Microsoft.Build.Utilities.Core, Version=15.1.0.0, Culture=neutral, PublicKeyToken=b03f5f7f11d50a3a(위치: C:\Program Files\dotnet\sdk\9.0.309\Microsoft.Build.Utilities.Core.dll, MVID: eb1e07da-36df-486e-8812-b1b4510facd7, AssemblyLoadContext: Default)
       C:\Program Files\dotnet\sdk\9.0.309\Microsoft.Common.CurrentVersion.targets(175,5): message : 속성 재할당: $(_DebugSymbolsProduced)=C:\Program Files\dotnet\sdk\9.0.309\Microsoft.Common.CurrentVersion.targets (175,5)의 "true"(이전 값: "false")
       C:\Program Files\dotnet\sdk\9.0.309\Microsoft.Common.CurrentVersion.targets(185,5): message : 속성 재할당: $(_DocumentationFileProduced)=C:\Program Files\dotnet\sdk\9.0.309\Microsoft.Common.CurrentVersion.targets (185,5)의 "false"(이전 값: "true")
       C:\Program Files\dotnet\sdk\9.0.309\Microsoft.Common.CurrentVersion.targets(392,5): message : 속성 재할당: $(MSBuildCopyMarkerName)=C:\Program Files\dotnet\sdk\9.0.309\Microsoft.Common.CurrentVersion.targets (392,5)의 "ProtoTes.966F7D4A"(이전 값: "ProtoTestTool.csproj")
       C:\Program Files\dotnet\sdk\9.0.309\Microsoft.Common.CurrentVersion.targets(393,5): message : 속성 재할당: $(MSBuildCopyMarkerName)=C:\Program Files\dotnet\sdk\9.0.309\Microsoft.Common.CurrentVersion.targets (393,5)의 "ProtoTes.966F7D4A.Up2Date"(이전 값: "ProtoTes.966F7D4A")
       C:\Program Files\dotnet\sdk\9.0.309\Microsoft.Common.CurrentVersion.targets(541,5): message : 속성 재할당: $(ProcessorArchitecture)=C:\Program Files\dotnet\sdk\9.0.309\Microsoft.Common.CurrentVersion.targets (541,5)의 "msil"(이전 값: "")
       C:\Program Files\dotnet\sdk\9.0.309\Microsoft.Common.CurrentVersion.targets(580,5): message : 속성 재할당: $(DelaySign)=C:\Program Files\dotnet\sdk\9.0.309\Microsoft.Common.CurrentVersion.targets (580,5)의 ""(이전 값: "false")
       C:\Program Files\dotnet\sdk\9.0.309\Microsoft.Common.CurrentVersion.targets(2619,5): message : 환경에서 값이 'LOCALAPPDATA'인 속성 'C:\Users\kentz\AppData\Local'이(가) 확장되었습니다.
       C:\Program Files\dotnet\sdk\9.0.309\Microsoft.Common.CurrentVersion.targets(3947,5): message : 속성 재할당: $(_SGenGenerateSerializationAssembliesConfig)=C:\Program Files\dotnet\sdk\9.0.309\Microsoft.Common.CurrentVersion.targets (3947,5)의 "Auto"(이전 값: "")
       C:\Program Files\dotnet\sdk\9.0.309\Microsoft.Common.CurrentVersion.targets(3948,5): message : 속성 재할당: $(_SGenGenerateSerializationAssembliesConfig)=C:\Program Files\dotnet\sdk\9.0.309\Microsoft.Common.CurrentVersion.targets (3948,5)의 "Off"(이전 값: "Auto")
       C:\Program Files\dotnet\sdk\9.0.309\Microsoft.Common.CurrentVersion.targets(5159,5): message : 속성 재할당: $(_TargetsThatPrepareProjectReferences)=C:\Program Files\dotnet\sdk\9.0.309\Microsoft.Common.CurrentVersion.targets (5159,5)의 "
       C:\Program Files\dotnet\sdk\9.0.309\Microsoft.Common.CurrentVersion.targets(5159,5): message :       AssignProjectConfiguration;
       C:\Program Files\dotnet\sdk\9.0.309\Microsoft.Common.CurrentVersion.targets(5159,5): message :       _SplitProjectReferencesByFileExistence
       C:\Program Files\dotnet\sdk\9.0.309\Microsoft.Common.CurrentVersion.targets(5159,5): message :     "(이전 값: "_SplitProjectReferencesByFileExistence")
       C:\Program Files\dotnet\sdk\9.0.309\Microsoft.Common.CurrentVersion.targets(6954,5): message : 환경에서 값이 'MSBuildExtensionsPath32'인 속성 'C:\Program Files\dotnet\sdk\9.0.309'이(가) 확장되었습니다.
       Evaluation 동안 로드된 어셈블리: System.Threading.Tasks.Parallel, Version=9.0.0.0, Culture=neutral, PublicKeyToken=b03f5f7f11d50a3a(위치: C:\Program Files\dotnet\shared\Microsoft.NETCore.App\9.0.12\System.Threading.Tasks.Parallel.dll, MVID: e7fbeb3f-ab4f-4e10-a26d-e74ba120a69c, AssemblyLoadContext: Default)
       C:\Program Files\dotnet\sdk\9.0.309\Sdks\Microsoft.NET.Sdk\targets\Microsoft.PackageDependencyResolution.targets(24,5): message : 속성 재할당: $(ProjectAssetsFile)=C:\Program Files\dotnet\sdk\9.0.309\Sdks\Microsoft.NET.Sdk\targets\Microsoft.PackageDependencyResolution.targets (24,5)의 "c:\Work\backup\tcpaop\Tests\ProtoTestTool\obj\project.assets.json"(이전 값: "c:\Work\backup\tcpaop\Tests\ProtoTestTool\obj\/project.assets.json")
       C:\Program Files\dotnet\sdk\9.0.309\Sdks\Microsoft.NET.Sdk\targets\Microsoft.PackageDependencyResolution.targets(29,5): message : 속성 재할당: $(ProjectAssetsCacheFile)=C:\Program Files\dotnet\sdk\9.0.309\Sdks\Microsoft.NET.Sdk\targets\Microsoft.PackageDependencyResolution.targets (29,5)의 "c:\Work\backup\tcpaop\Tests\ProtoTestTool\obj\Debug\net9.0-windows\ProtoTestTool.assets.cache"(이전 값: "obj\Debug\net9.0-windows\ProtoTestTool.assets.cache")
       C:\Program Files\dotnet\sdk\9.0.309\Sdks\Microsoft.NET.Sdk\targets\Microsoft.PackageDependencyResolution.targets(80,5): message : 속성 재할당: $(ResolveAssemblyReferencesDependsOn)=C:\Program Files\dotnet\sdk\9.0.309\Sdks\Microsoft.NET.Sdk\targets\Microsoft.PackageDependencyResolution.targets (80,5)의 "
       C:\Program Files\dotnet\sdk\9.0.309\Sdks\Microsoft.NET.Sdk\targets\Microsoft.PackageDependencyResolution.targets(80,5): message :       
       C:\Program Files\dotnet\sdk\9.0.309\Sdks\Microsoft.NET.Sdk\targets\Microsoft.PackageDependencyResolution.targets(80,5): message :       ResolveProjectReferences;
       C:\Program Files\dotnet\sdk\9.0.309\Sdks\Microsoft.NET.Sdk\targets\Microsoft.PackageDependencyResolution.targets(80,5): message :       FindInvalidProjectReferences;
       C:\Program Files\dotnet\sdk\9.0.309\Sdks\Microsoft.NET.Sdk\targets\Microsoft.PackageDependencyResolution.targets(80,5): message :       GetFrameworkPaths;
       C:\Program Files\dotnet\sdk\9.0.309\Sdks\Microsoft.NET.Sdk\targets\Microsoft.PackageDependencyResolution.targets(80,5): message :       GetReferenceAssemblyPaths;
       C:\Program Files\dotnet\sdk\9.0.309\Sdks\Microsoft.NET.Sdk\targets\Microsoft.PackageDependencyResolution.targets(80,5): message :       PrepareForBuild;
       C:\Program Files\dotnet\sdk\9.0.309\Sdks\Microsoft.NET.Sdk\targets\Microsoft.PackageDependencyResolution.targets(80,5): message :       ResolveSDKReferences;
       C:\Program Files\dotnet\sdk\9.0.309\Sdks\Microsoft.NET.Sdk\targets\Microsoft.PackageDependencyResolution.targets(80,5): message :       ExpandSDKReferences;
       C:\Program Files\dotnet\sdk\9.0.309\Sdks\Microsoft.NET.Sdk\targets\Microsoft.PackageDependencyResolution.targets(80,5): message :     ;
       C:\Program Files\dotnet\sdk\9.0.309\Sdks\Microsoft.NET.Sdk\targets\Microsoft.PackageDependencyResolution.targets(80,5): message :       ResolvePackageDependenciesForBuild;
       C:\Program Files\dotnet\sdk\9.0.309\Sdks\Microsoft.NET.Sdk\targets\Microsoft.PackageDependencyResolution.targets(80,5): message :       _HandlePackageFileConflicts;
       C:\Program Files\dotnet\sdk\9.0.309\Sdks\Microsoft.NET.Sdk\targets\Microsoft.PackageDependencyResolution.targets(80,5): message :     "(이전 값: "
       C:\Program Files\dotnet\sdk\9.0.309\Sdks\Microsoft.NET.Sdk\targets\Microsoft.PackageDependencyResolution.targets(80,5): message :       ResolveProjectReferences;
       C:\Program Files\dotnet\sdk\9.0.309\Sdks\Microsoft.NET.Sdk\targets\Microsoft.PackageDependencyResolution.targets(80,5): message :       FindInvalidProjectReferences;
       C:\Program Files\dotnet\sdk\9.0.309\Sdks\Microsoft.NET.Sdk\targets\Microsoft.PackageDependencyResolution.targets(80,5): message :       GetFrameworkPaths;
       C:\Program Files\dotnet\sdk\9.0.309\Sdks\Microsoft.NET.Sdk\targets\Microsoft.PackageDependencyResolution.targets(80,5): message :       GetReferenceAssemblyPaths;
       C:\Program Files\dotnet\sdk\9.0.309\Sdks\Microsoft.NET.Sdk\targets\Microsoft.PackageDependencyResolution.targets(80,5): message :       PrepareForBuild;
       C:\Program Files\dotnet\sdk\9.0.309\Sdks\Microsoft.NET.Sdk\targets\Microsoft.PackageDependencyResolution.targets(80,5): message :       ResolveSDKReferences;
       C:\Program Files\dotnet\sdk\9.0.309\Sdks\Microsoft.NET.Sdk\targets\Microsoft.PackageDependencyResolution.targets(80,5): message :       ExpandSDKReferences;
       C:\Program Files\dotnet\sdk\9.0.309\Sdks\Microsoft.NET.Sdk\targets\Microsoft.PackageDependencyResolution.targets(80,5): message :     ")
       C:\Program Files\dotnet\sdk\9.0.309\Sdks\Microsoft.NET.Sdk\targets\Microsoft.PackageDependencyResolution.targets(86,5): message : 속성 재할당: $(PrepareResourcesDependsOn)=C:\Program Files\dotnet\sdk\9.0.309\Sdks\Microsoft.NET.Sdk\targets\Microsoft.PackageDependencyResolution.targets (86,5)의 "
       C:\Program Files\dotnet\sdk\9.0.309\Sdks\Microsoft.NET.Sdk\targets\Microsoft.PackageDependencyResolution.targets(86,5): message :       ResolvePackageDependenciesForBuild;
       C:\Program Files\dotnet\sdk\9.0.309\Sdks\Microsoft.NET.Sdk\targets\Microsoft.PackageDependencyResolution.targets(86,5): message :       _HandlePackageFileConflicts;
       C:\Program Files\dotnet\sdk\9.0.309\Sdks\Microsoft.NET.Sdk\targets\Microsoft.PackageDependencyResolution.targets(86,5): message :       
       C:\Program Files\dotnet\sdk\9.0.309\Sdks\Microsoft.NET.Sdk\targets\Microsoft.PackageDependencyResolution.targets(86,5): message :       ;
       C:\Program Files\dotnet\sdk\9.0.309\Sdks\Microsoft.NET.Sdk\targets\Microsoft.PackageDependencyResolution.targets(86,5): message :       PrepareResourceNames;
       C:\Program Files\dotnet\sdk\9.0.309\Sdks\Microsoft.NET.Sdk\targets\Microsoft.PackageDependencyResolution.targets(86,5): message :       ResGen;
       C:\Program Files\dotnet\sdk\9.0.309\Sdks\Microsoft.NET.Sdk\targets\Microsoft.PackageDependencyResolution.targets(86,5): message :       CompileLicxFiles
       C:\Program Files\dotnet\sdk\9.0.309\Sdks\Microsoft.NET.Sdk\targets\Microsoft.PackageDependencyResolution.targets(86,5): message :     
       C:\Program Files\dotnet\sdk\9.0.309\Sdks\Microsoft.NET.Sdk\targets\Microsoft.PackageDependencyResolution.targets(86,5): message :     "(이전 값: "
       C:\Program Files\dotnet\sdk\9.0.309\Sdks\Microsoft.NET.Sdk\targets\Microsoft.PackageDependencyResolution.targets(86,5): message :       ;
       C:\Program Files\dotnet\sdk\9.0.309\Sdks\Microsoft.NET.Sdk\targets\Microsoft.PackageDependencyResolution.targets(86,5): message :       PrepareResourceNames;
       C:\Program Files\dotnet\sdk\9.0.309\Sdks\Microsoft.NET.Sdk\targets\Microsoft.PackageDependencyResolution.targets(86,5): message :       ResGen;
       C:\Program Files\dotnet\sdk\9.0.309\Sdks\Microsoft.NET.Sdk\targets\Microsoft.PackageDependencyResolution.targets(86,5): message :       CompileLicxFiles
       C:\Program Files\dotnet\sdk\9.0.309\Sdks\Microsoft.NET.Sdk\targets\Microsoft.PackageDependencyResolution.targets(86,5): message :     ")
       C:\Program Files\dotnet\sdk\9.0.309\Sdks\Microsoft.NET.Sdk\targets\Microsoft.NET.Sdk.DefaultItems.targets(27,5): message : 속성 재할당: $(DefaultItemExcludes)=C:\Program Files\dotnet\sdk\9.0.309\Sdks\Microsoft.NET.Sdk\targets\Microsoft.NET.Sdk.DefaultItems.targets (27,5)의 ";bin\Debug\/**;obj\Debug\/**;bin\/**"(이전 값: ";bin\Debug\/**;obj\Debug\/**")
       C:\Program Files\dotnet\sdk\9.0.309\Sdks\Microsoft.NET.Sdk\targets\Microsoft.NET.Sdk.DefaultItems.targets(29,5): message : 속성 재할당: $(DefaultItemExcludes)=C:\Program Files\dotnet\sdk\9.0.309\Sdks\Microsoft.NET.Sdk\targets\Microsoft.NET.Sdk.DefaultItems.targets (29,5)의 ";bin\Debug\/**;obj\Debug\/**;bin\/**;obj\/**"(이전 값: ";bin\Debug\/**;obj\Debug\/**;bin\/**")
       C:\Program Files\dotnet\sdk\9.0.309\Sdks\Microsoft.NET.Sdk\targets\Microsoft.NET.Sdk.DefaultItems.targets(32,5): message : 속성 재할당: $(DefaultItemExcludes)=C:\Program Files\dotnet\sdk\9.0.309\Sdks\Microsoft.NET.Sdk\targets\Microsoft.NET.Sdk.DefaultItems.targets (32,5)의 ";bin\Debug\/**;obj\Debug\/**;bin\/**;obj\/**;**/*.user"(이전 값: ";bin\Debug\/**;obj\Debug\/**;bin\/**;obj\/**")
       C:\Program Files\dotnet\sdk\9.0.309\Sdks\Microsoft.NET.Sdk\targets\Microsoft.NET.Sdk.DefaultItems.targets(33,5): message : 속성 재할당: $(DefaultItemExcludes)=C:\Program Files\dotnet\sdk\9.0.309\Sdks\Microsoft.NET.Sdk\targets\Microsoft.NET.Sdk.DefaultItems.targets (33,5)의 ";bin\Debug\/**;obj\Debug\/**;bin\/**;obj\/**;**/*.user;**/*.*proj"(이전 값: ";bin\Debug\/**;obj\Debug\/**;bin\/**;obj\/**;**/*.user")
       C:\Program Files\dotnet\sdk\9.0.309\Sdks\Microsoft.NET.Sdk\targets\Microsoft.NET.Sdk.DefaultItems.targets(34,5): message : 속성 재할당: $(DefaultItemExcludes)=C:\Program Files\dotnet\sdk\9.0.309\Sdks\Microsoft.NET.Sdk\targets\Microsoft.NET.Sdk.DefaultItems.targets (34,5)의 ";bin\Debug\/**;obj\Debug\/**;bin\/**;obj\/**;**/*.user;**/*.*proj;**/*.sln"(이전 값: ";bin\Debug\/**;obj\Debug\/**;bin\/**;obj\/**;**/*.user;**/*.*proj")
       C:\Program Files\dotnet\sdk\9.0.309\Sdks\Microsoft.NET.Sdk\targets\Microsoft.NET.Sdk.DefaultItems.targets(35,5): message : 속성 재할당: $(DefaultItemExcludes)=C:\Program Files\dotnet\sdk\9.0.309\Sdks\Microsoft.NET.Sdk\targets\Microsoft.NET.Sdk.DefaultItems.targets (35,5)의 ";bin\Debug\/**;obj\Debug\/**;bin\/**;obj\/**;**/*.user;**/*.*proj;**/*.sln;**/*.slnx"(이전 값: ";bin\Debug\/**;obj\Debug\/**;bin\/**;obj\/**;**/*.user;**/*.*proj;**/*.sln")
       C:\Program Files\dotnet\sdk\9.0.309\Sdks\Microsoft.NET.Sdk\targets\Microsoft.NET.Sdk.DefaultItems.targets(36,5): message : 속성 재할당: $(DefaultItemExcludes)=C:\Program Files\dotnet\sdk\9.0.309\Sdks\Microsoft.NET.Sdk\targets\Microsoft.NET.Sdk.DefaultItems.targets (36,5)의 ";bin\Debug\/**;obj\Debug\/**;bin\/**;obj\/**;**/*.user;**/*.*proj;**/*.sln;**/*.slnx;**/*.vssscc"(이전 값: ";bin\Debug\/**;obj\Debug\/**;bin\/**;obj\/**;**/*.user;**/*.*proj;**/*.sln;**/*.slnx")
       C:\Program Files\dotnet\sdk\9.0.309\Sdks\Microsoft.NET.Sdk\targets\Microsoft.NET.Sdk.DefaultItems.targets(37,5): message : 속성 재할당: $(DefaultItemExcludes)=C:\Program Files\dotnet\sdk\9.0.309\Sdks\Microsoft.NET.Sdk\targets\Microsoft.NET.Sdk.DefaultItems.targets (37,5)의 ";bin\Debug\/**;obj\Debug\/**;bin\/**;obj\/**;**/*.user;**/*.*proj;**/*.sln;**/*.slnx;**/*.vssscc;**/.DS_Store"(이전 값: ";bin\Debug\/**;obj\Debug\/**;bin\/**;obj\/**;**/*.user;**/*.*proj;**/*.sln;**/*.slnx;**/*.vssscc")
       C:\Program Files\dotnet\sdk\9.0.309\Sdks\Microsoft.NET.Sdk\targets\Microsoft.NET.Sdk.FrameworkReferenceResolution.targets(14,5): message : 속성 재할당: $(ResolveAssemblyReferencesDependsOn)=C:\Program Files\dotnet\sdk\9.0.309\Sdks\Microsoft.NET.Sdk\targets\Microsoft.NET.Sdk.FrameworkReferenceResolution.targets (14,5)의 "
       C:\Program Files\dotnet\sdk\9.0.309\Sdks\Microsoft.NET.Sdk\targets\Microsoft.NET.Sdk.FrameworkReferenceResolution.targets(14,5): message :       
       C:\Program Files\dotnet\sdk\9.0.309\Sdks\Microsoft.NET.Sdk\targets\Microsoft.NET.Sdk.FrameworkReferenceResolution.targets(14,5): message :       
       C:\Program Files\dotnet\sdk\9.0.309\Sdks\Microsoft.NET.Sdk\targets\Microsoft.NET.Sdk.FrameworkReferenceResolution.targets(14,5): message :       ResolveProjectReferences;
       C:\Program Files\dotnet\sdk\9.0.309\Sdks\Microsoft.NET.Sdk\targets\Microsoft.NET.Sdk.FrameworkReferenceResolution.targets(14,5): message :       FindInvalidProjectReferences;
       C:\Program Files\dotnet\sdk\9.0.309\Sdks\Microsoft.NET.Sdk\targets\Microsoft.NET.Sdk.FrameworkReferenceResolution.targets(14,5): message :       GetFrameworkPaths;
       C:\Program Files\dotnet\sdk\9.0.309\Sdks\Microsoft.NET.Sdk\targets\Microsoft.NET.Sdk.FrameworkReferenceResolution.targets(14,5): message :       GetReferenceAssemblyPaths;
       C:\Program Files\dotnet\sdk\9.0.309\Sdks\Microsoft.NET.Sdk\targets\Microsoft.NET.Sdk.FrameworkReferenceResolution.targets(14,5): message :       PrepareForBuild;
       C:\Program Files\dotnet\sdk\9.0.309\Sdks\Microsoft.NET.Sdk\targets\Microsoft.NET.Sdk.FrameworkReferenceResolution.targets(14,5): message :       ResolveSDKReferences;
       C:\Program Files\dotnet\sdk\9.0.309\Sdks\Microsoft.NET.Sdk\targets\Microsoft.NET.Sdk.FrameworkReferenceResolution.targets(14,5): message :       ExpandSDKReferences;
       C:\Program Files\dotnet\sdk\9.0.309\Sdks\Microsoft.NET.Sdk\targets\Microsoft.NET.Sdk.FrameworkReferenceResolution.targets(14,5): message :     ;
       C:\Program Files\dotnet\sdk\9.0.309\Sdks\Microsoft.NET.Sdk\targets\Microsoft.NET.Sdk.FrameworkReferenceResolution.targets(14,5): message :       ResolvePackageDependenciesForBuild;
       C:\Program Files\dotnet\sdk\9.0.309\Sdks\Microsoft.NET.Sdk\targets\Microsoft.NET.Sdk.FrameworkReferenceResolution.targets(14,5): message :       _HandlePackageFileConflicts;
       C:\Program Files\dotnet\sdk\9.0.309\Sdks\Microsoft.NET.Sdk\targets\Microsoft.NET.Sdk.FrameworkReferenceResolution.targets(14,5): message :     ;
       C:\Program Files\dotnet\sdk\9.0.309\Sdks\Microsoft.NET.Sdk\targets\Microsoft.NET.Sdk.FrameworkReferenceResolution.targets(14,5): message :       ResolveTargetingPackAssets;
       C:\Program Files\dotnet\sdk\9.0.309\Sdks\Microsoft.NET.Sdk\targets\Microsoft.NET.Sdk.FrameworkReferenceResolution.targets(14,5): message :     "(이전 값: "
       C:\Program Files\dotnet\sdk\9.0.309\Sdks\Microsoft.NET.Sdk\targets\Microsoft.NET.Sdk.FrameworkReferenceResolution.targets(14,5): message :       
       C:\Program Files\dotnet\sdk\9.0.309\Sdks\Microsoft.NET.Sdk\targets\Microsoft.NET.Sdk.FrameworkReferenceResolution.targets(14,5): message :       ResolveProjectReferences;
       C:\Program Files\dotnet\sdk\9.0.309\Sdks\Microsoft.NET.Sdk\targets\Microsoft.NET.Sdk.FrameworkReferenceResolution.targets(14,5): message :       FindInvalidProjectReferences;
       C:\Program Files\dotnet\sdk\9.0.309\Sdks\Microsoft.NET.Sdk\targets\Microsoft.NET.Sdk.FrameworkReferenceResolution.targets(14,5): message :       GetFrameworkPaths;
       C:\Program Files\dotnet\sdk\9.0.309\Sdks\Microsoft.NET.Sdk\targets\Microsoft.NET.Sdk.FrameworkReferenceResolution.targets(14,5): message :       GetReferenceAssemblyPaths;
       C:\Program Files\dotnet\sdk\9.0.309\Sdks\Microsoft.NET.Sdk\targets\Microsoft.NET.Sdk.FrameworkReferenceResolution.targets(14,5): message :       PrepareForBuild;
       C:\Program Files\dotnet\sdk\9.0.309\Sdks\Microsoft.NET.Sdk\targets\Microsoft.NET.Sdk.FrameworkReferenceResolution.targets(14,5): message :       ResolveSDKReferences;
       C:\Program Files\dotnet\sdk\9.0.309\Sdks\Microsoft.NET.Sdk\targets\Microsoft.NET.Sdk.FrameworkReferenceResolution.targets(14,5): message :       ExpandSDKReferences;
       C:\Program Files\dotnet\sdk\9.0.309\Sdks\Microsoft.NET.Sdk\targets\Microsoft.NET.Sdk.FrameworkReferenceResolution.targets(14,5): message :     ;
       C:\Program Files\dotnet\sdk\9.0.309\Sdks\Microsoft.NET.Sdk\targets\Microsoft.NET.Sdk.FrameworkReferenceResolution.targets(14,5): message :       ResolvePackageDependenciesForBuild;
       C:\Program Files\dotnet\sdk\9.0.309\Sdks\Microsoft.NET.Sdk\targets\Microsoft.NET.Sdk.FrameworkReferenceResolution.targets(14,5): message :       _HandlePackageFileConflicts;
       C:\Program Files\dotnet\sdk\9.0.309\Sdks\Microsoft.NET.Sdk\targets\Microsoft.NET.Sdk.FrameworkReferenceResolution.targets(14,5): message :     ")
       C:\Program Files\dotnet\sdk\9.0.309\Sdks\Microsoft.NET.Sdk\targets\Microsoft.NET.Sdk.targets(44,5): message : 속성 재할당: $(_GenerateRuntimeConfigurationPropertyInputsCache)=C:\Program Files\dotnet\sdk\9.0.309\Sdks\Microsoft.NET.Sdk\targets\Microsoft.NET.Sdk.targets (44,5)의 "c:\Work\backup\tcpaop\Tests\ProtoTestTool\obj\Debug\net9.0-windows\ProtoTestTool.genruntimeconfig.cache"(이전 값: "obj\Debug\net9.0-windows\ProtoTestTool.genruntimeconfig.cache")
       C:\Program Files\dotnet\sdk\9.0.309\Sdks\Microsoft.NET.Sdk\targets\Microsoft.NET.Sdk.targets(46,5): message : 속성 재할당: $(_GeneratePublishDependencyFilePropertyInputsCache)=C:\Program Files\dotnet\sdk\9.0.309\Sdks\Microsoft.NET.Sdk\targets\Microsoft.NET.Sdk.targets (46,5)의 "c:\Work\backup\tcpaop\Tests\ProtoTestTool\obj\Debug\net9.0-windows\ProtoTestTool.genpublishdeps.cache"(이전 값: "obj\Debug\net9.0-windows\ProtoTestTool.genpublishdeps.cache")
       C:\Program Files\dotnet\sdk\9.0.309\Sdks\Microsoft.NET.Sdk\targets\Microsoft.NET.Sdk.targets(48,5): message : 속성 재할당: $(_GenerateSingleFileBundlePropertyInputsCache)=C:\Program Files\dotnet\sdk\9.0.309\Sdks\Microsoft.NET.Sdk\targets\Microsoft.NET.Sdk.targets (48,5)의 "c:\Work\backup\tcpaop\Tests\ProtoTestTool\obj\Debug\net9.0-windows\ProtoTestTool.genbundle.cache"(이전 값: "obj\Debug\net9.0-windows\ProtoTestTool.genbundle.cache")
       C:\Program Files\dotnet\sdk\9.0.309\Sdks\Microsoft.NET.Sdk\targets\Microsoft.NET.Sdk.targets(81,5): message : 속성 재할당: $(GenerateRuntimeConfigDevFile)=C:\Program Files\dotnet\sdk\9.0.309\Sdks\Microsoft.NET.Sdk\targets\Microsoft.NET.Sdk.targets (81,5)의 "false"(이전 값: "true")
       C:\Program Files\dotnet\sdk\9.0.309\Sdks\Microsoft.NET.Sdk\targets\Microsoft.NET.Sdk.targets(97,5): message : 환경에서 값이 'USERPROFILE'인 속성 'C:\Users\kentz'이(가) 확장되었습니다.
       C:\Program Files\dotnet\sdk\9.0.309\Sdks\Microsoft.NET.Sdk\targets\Microsoft.NET.Sdk.targets(97,5): message : 속성 재할당: $(_DefaultUserProfileRuntimeStorePath)=C:\Program Files\dotnet\sdk\9.0.309\Sdks\Microsoft.NET.Sdk\targets\Microsoft.NET.Sdk.targets (97,5)의 "C:\Users\kentz"(이전 값: "")
       C:\Program Files\dotnet\sdk\9.0.309\Sdks\Microsoft.NET.Sdk\targets\Microsoft.NET.Sdk.targets(98,5): message : 속성 재할당: $(_DefaultUserProfileRuntimeStorePath)=C:\Program Files\dotnet\sdk\9.0.309\Sdks\Microsoft.NET.Sdk\targets\Microsoft.NET.Sdk.targets (98,5)의 "C:\Users\kentz\.dotnet\store"(이전 값: "C:\Users\kentz")
       C:\Program Files\dotnet\sdk\9.0.309\Sdks\Microsoft.NET.Sdk\targets\Microsoft.NET.Sdk.targets(140,5): message : 속성 재할당: $(AvailablePlatforms)=C:\Program Files\dotnet\sdk\9.0.309\Sdks\Microsoft.NET.Sdk\targets\Microsoft.NET.Sdk.targets (140,5)의 "Any CPU,x86,x64,ARM32"(이전 값: "Any CPU,x86,x64")
       C:\Program Files\dotnet\sdk\9.0.309\Sdks\Microsoft.NET.Sdk\targets\Microsoft.NET.Sdk.targets(144,5): message : 속성 재할당: $(AvailablePlatforms)=C:\Program Files\dotnet\sdk\9.0.309\Sdks\Microsoft.NET.Sdk\targets\Microsoft.NET.Sdk.targets (144,5)의 "Any CPU,x86,x64,ARM32,ARM64"(이전 값: "Any CPU,x86,x64,ARM32")
       C:\Program Files\dotnet\sdk\9.0.309\Sdks\Microsoft.NET.Sdk\targets\Microsoft.NET.Sdk.targets(201,5): message : 속성 재할당: $(CoreBuildDependsOn)=C:\Program Files\dotnet\sdk\9.0.309\Sdks\Microsoft.NET.Sdk\targets\Microsoft.NET.Sdk.targets (201,5)의 "
       C:\Program Files\dotnet\sdk\9.0.309\Sdks\Microsoft.NET.Sdk\targets\Microsoft.NET.Sdk.targets(201,5): message :       _CheckForBuildWithNoBuild;
       C:\Program Files\dotnet\sdk\9.0.309\Sdks\Microsoft.NET.Sdk\targets\Microsoft.NET.Sdk.targets(201,5): message :       
       C:\Program Files\dotnet\sdk\9.0.309\Sdks\Microsoft.NET.Sdk\targets\Microsoft.NET.Sdk.targets(201,5): message :       BuildOnlySettings;
       C:\Program Files\dotnet\sdk\9.0.309\Sdks\Microsoft.NET.Sdk\targets\Microsoft.NET.Sdk.targets(201,5): message :       PrepareForBuild;
       C:\Program Files\dotnet\sdk\9.0.309\Sdks\Microsoft.NET.Sdk\targets\Microsoft.NET.Sdk.targets(201,5): message :       PreBuildEvent;
       C:\Program Files\dotnet\sdk\9.0.309\Sdks\Microsoft.NET.Sdk\targets\Microsoft.NET.Sdk.targets(201,5): message :       ResolveReferences;
       C:\Program Files\dotnet\sdk\9.0.309\Sdks\Microsoft.NET.Sdk\targets\Microsoft.NET.Sdk.targets(201,5): message :       PrepareResources;
       C:\Program Files\dotnet\sdk\9.0.309\Sdks\Microsoft.NET.Sdk\targets\Microsoft.NET.Sdk.targets(201,5): message :       ResolveKeySource;
       C:\Program Files\dotnet\sdk\9.0.309\Sdks\Microsoft.NET.Sdk\targets\Microsoft.NET.Sdk.targets(201,5): message :       Compile;
       C:\Program Files\dotnet\sdk\9.0.309\Sdks\Microsoft.NET.Sdk\targets\Microsoft.NET.Sdk.targets(201,5): message :       ExportWindowsMDFile;
       C:\Program Files\dotnet\sdk\9.0.309\Sdks\Microsoft.NET.Sdk\targets\Microsoft.NET.Sdk.targets(201,5): message :       UnmanagedUnregistration;
       C:\Program Files\dotnet\sdk\9.0.309\Sdks\Microsoft.NET.Sdk\targets\Microsoft.NET.Sdk.targets(201,5): message :       GenerateSerializationAssemblies;
       C:\Program Files\dotnet\sdk\9.0.309\Sdks\Microsoft.NET.Sdk\targets\Microsoft.NET.Sdk.targets(201,5): message :       CreateSatelliteAssemblies;
       C:\Program Files\dotnet\sdk\9.0.309\Sdks\Microsoft.NET.Sdk\targets\Microsoft.NET.Sdk.targets(201,5): message :       GenerateManifests;
       C:\Program Files\dotnet\sdk\9.0.309\Sdks\Microsoft.NET.Sdk\targets\Microsoft.NET.Sdk.targets(201,5): message :       GetTargetPath;
       C:\Program Files\dotnet\sdk\9.0.309\Sdks\Microsoft.NET.Sdk\targets\Microsoft.NET.Sdk.targets(201,5): message :       PrepareForRun;
       C:\Program Files\dotnet\sdk\9.0.309\Sdks\Microsoft.NET.Sdk\targets\Microsoft.NET.Sdk.targets(201,5): message :       UnmanagedRegistration;
       C:\Program Files\dotnet\sdk\9.0.309\Sdks\Microsoft.NET.Sdk\targets\Microsoft.NET.Sdk.targets(201,5): message :       IncrementalClean;
       C:\Program Files\dotnet\sdk\9.0.309\Sdks\Microsoft.NET.Sdk\targets\Microsoft.NET.Sdk.targets(201,5): message :       PostBuildEvent
       C:\Program Files\dotnet\sdk\9.0.309\Sdks\Microsoft.NET.Sdk\targets\Microsoft.NET.Sdk.targets(201,5): message :     ;
       C:\Program Files\dotnet\sdk\9.0.309\Sdks\Microsoft.NET.Sdk\targets\Microsoft.NET.Sdk.targets(201,5): message :       GenerateBuildDependencyFile;
       C:\Program Files\dotnet\sdk\9.0.309\Sdks\Microsoft.NET.Sdk\targets\Microsoft.NET.Sdk.targets(201,5): message :       GenerateBuildRuntimeConfigurationFiles
       C:\Program Files\dotnet\sdk\9.0.309\Sdks\Microsoft.NET.Sdk\targets\Microsoft.NET.Sdk.targets(201,5): message :     "(이전 값: "
       C:\Program Files\dotnet\sdk\9.0.309\Sdks\Microsoft.NET.Sdk\targets\Microsoft.NET.Sdk.targets(201,5): message :       BuildOnlySettings;
       C:\Program Files\dotnet\sdk\9.0.309\Sdks\Microsoft.NET.Sdk\targets\Microsoft.NET.Sdk.targets(201,5): message :       PrepareForBuild;
       C:\Program Files\dotnet\sdk\9.0.309\Sdks\Microsoft.NET.Sdk\targets\Microsoft.NET.Sdk.targets(201,5): message :       PreBuildEvent;
       C:\Program Files\dotnet\sdk\9.0.309\Sdks\Microsoft.NET.Sdk\targets\Microsoft.NET.Sdk.targets(201,5): message :       ResolveReferences;
       C:\Program Files\dotnet\sdk\9.0.309\Sdks\Microsoft.NET.Sdk\targets\Microsoft.NET.Sdk.targets(201,5): message :       PrepareResources;
       C:\Program Files\dotnet\sdk\9.0.309\Sdks\Microsoft.NET.Sdk\targets\Microsoft.NET.Sdk.targets(201,5): message :       ResolveKeySource;
       C:\Program Files\dotnet\sdk\9.0.309\Sdks\Microsoft.NET.Sdk\targets\Microsoft.NET.Sdk.targets(201,5): message :       Compile;
       C:\Program Files\dotnet\sdk\9.0.309\Sdks\Microsoft.NET.Sdk\targets\Microsoft.NET.Sdk.targets(201,5): message :       ExportWindowsMDFile;
       C:\Program Files\dotnet\sdk\9.0.309\Sdks\Microsoft.NET.Sdk\targets\Microsoft.NET.Sdk.targets(201,5): message :       UnmanagedUnregistration;
       C:\Program Files\dotnet\sdk\9.0.309\Sdks\Microsoft.NET.Sdk\targets\Microsoft.NET.Sdk.targets(201,5): message :       GenerateSerializationAssemblies;
       C:\Program Files\dotnet\sdk\9.0.309\Sdks\Microsoft.NET.Sdk\targets\Microsoft.NET.Sdk.targets(201,5): message :       CreateSatelliteAssemblies;
       C:\Program Files\dotnet\sdk\9.0.309\Sdks\Microsoft.NET.Sdk\targets\Microsoft.NET.Sdk.targets(201,5): message :       GenerateManifests;
       C:\Program Files\dotnet\sdk\9.0.309\Sdks\Microsoft.NET.Sdk\targets\Microsoft.NET.Sdk.targets(201,5): message :       GetTargetPath;
       C:\Program Files\dotnet\sdk\9.0.309\Sdks\Microsoft.NET.Sdk\targets\Microsoft.NET.Sdk.targets(201,5): message :       PrepareForRun;
       C:\Program Files\dotnet\sdk\9.0.309\Sdks\Microsoft.NET.Sdk\targets\Microsoft.NET.Sdk.targets(201,5): message :       UnmanagedRegistration;
       C:\Program Files\dotnet\sdk\9.0.309\Sdks\Microsoft.NET.Sdk\targets\Microsoft.NET.Sdk.targets(201,5): message :       IncrementalClean;
       C:\Program Files\dotnet\sdk\9.0.309\Sdks\Microsoft.NET.Sdk\targets\Microsoft.NET.Sdk.targets(201,5): message :       PostBuildEvent
       C:\Program Files\dotnet\sdk\9.0.309\Sdks\Microsoft.NET.Sdk\targets\Microsoft.NET.Sdk.targets(201,5): message :     ")
       C:\Program Files\dotnet\sdk\9.0.309\Sdks\Microsoft.NET.Sdk\targets\Microsoft.NET.Sdk.targets(210,5): message : 속성 재할당: $(CoreCleanDependsOn)=C:\Program Files\dotnet\sdk\9.0.309\Sdks\Microsoft.NET.Sdk\targets\Microsoft.NET.Sdk.targets (210,5)의 "
       C:\Program Files\dotnet\sdk\9.0.309\Sdks\Microsoft.NET.Sdk\targets\Microsoft.NET.Sdk.targets(210,5): message :       _SdkBeforeClean;
       C:\Program Files\dotnet\sdk\9.0.309\Sdks\Microsoft.NET.Sdk\targets\Microsoft.NET.Sdk.targets(210,5): message :       
       C:\Program Files\dotnet\sdk\9.0.309\Sdks\Microsoft.NET.Sdk\targets\Microsoft.NET.Sdk.targets(210,5): message :     "(이전 값: "")
       C:\Program Files\dotnet\sdk\9.0.309\Sdks\Microsoft.NET.Sdk\targets\Microsoft.NET.Sdk.targets(217,5): message : 속성 재할당: $(RebuildDependsOn)=C:\Program Files\dotnet\sdk\9.0.309\Sdks\Microsoft.NET.Sdk\targets\Microsoft.NET.Sdk.targets (217,5)의 "
       C:\Program Files\dotnet\sdk\9.0.309\Sdks\Microsoft.NET.Sdk\targets\Microsoft.NET.Sdk.targets(217,5): message :       _SdkBeforeRebuild;
       C:\Program Files\dotnet\sdk\9.0.309\Sdks\Microsoft.NET.Sdk\targets\Microsoft.NET.Sdk.targets(217,5): message :       
       C:\Program Files\dotnet\sdk\9.0.309\Sdks\Microsoft.NET.Sdk\targets\Microsoft.NET.Sdk.targets(217,5): message :       BeforeRebuild;
       C:\Program Files\dotnet\sdk\9.0.309\Sdks\Microsoft.NET.Sdk\targets\Microsoft.NET.Sdk.targets(217,5): message :       Clean;
       C:\Program Files\dotnet\sdk\9.0.309\Sdks\Microsoft.NET.Sdk\targets\Microsoft.NET.Sdk.targets(217,5): message :       Build;
       C:\Program Files\dotnet\sdk\9.0.309\Sdks\Microsoft.NET.Sdk\targets\Microsoft.NET.Sdk.targets(217,5): message :       AfterRebuild;
       C:\Program Files\dotnet\sdk\9.0.309\Sdks\Microsoft.NET.Sdk\targets\Microsoft.NET.Sdk.targets(217,5): message :     
       C:\Program Files\dotnet\sdk\9.0.309\Sdks\Microsoft.NET.Sdk\targets\Microsoft.NET.Sdk.targets(217,5): message :     "(이전 값: "
       C:\Program Files\dotnet\sdk\9.0.309\Sdks\Microsoft.NET.Sdk\targets\Microsoft.NET.Sdk.targets(217,5): message :       BeforeRebuild;
       C:\Program Files\dotnet\sdk\9.0.309\Sdks\Microsoft.NET.Sdk\targets\Microsoft.NET.Sdk.targets(217,5): message :       Clean;
       C:\Program Files\dotnet\sdk\9.0.309\Sdks\Microsoft.NET.Sdk\targets\Microsoft.NET.Sdk.targets(217,5): message :       Build;
       C:\Program Files\dotnet\sdk\9.0.309\Sdks\Microsoft.NET.Sdk\targets\Microsoft.NET.Sdk.targets(217,5): message :       AfterRebuild;
       C:\Program Files\dotnet\sdk\9.0.309\Sdks\Microsoft.NET.Sdk\targets\Microsoft.NET.Sdk.targets(217,5): message :     ")
       C:\Program Files\dotnet\sdk\9.0.309\Sdks\Microsoft.NET.Sdk\targets\Microsoft.NET.Sdk.targets(784,5): message : 속성 재할당: $(CompileDependsOn)=C:\Program Files\dotnet\sdk\9.0.309\Sdks\Microsoft.NET.Sdk\targets\Microsoft.NET.Sdk.targets (784,5)의 "
       C:\Program Files\dotnet\sdk\9.0.309\Sdks\Microsoft.NET.Sdk\targets\Microsoft.NET.Sdk.targets(784,5): message :       
       C:\Program Files\dotnet\sdk\9.0.309\Sdks\Microsoft.NET.Sdk\targets\Microsoft.NET.Sdk.targets(784,5): message :       ResolveReferences;
       C:\Program Files\dotnet\sdk\9.0.309\Sdks\Microsoft.NET.Sdk\targets\Microsoft.NET.Sdk.targets(784,5): message :       ResolveKeySource;
       C:\Program Files\dotnet\sdk\9.0.309\Sdks\Microsoft.NET.Sdk\targets\Microsoft.NET.Sdk.targets(784,5): message :       SetWin32ManifestProperties;
       C:\Program Files\dotnet\sdk\9.0.309\Sdks\Microsoft.NET.Sdk\targets\Microsoft.NET.Sdk.targets(784,5): message :       _SetPreferNativeArm64Win32ManifestProperties;
       C:\Program Files\dotnet\sdk\9.0.309\Sdks\Microsoft.NET.Sdk\targets\Microsoft.NET.Sdk.targets(784,5): message :       FindReferenceAssembliesForReferences;
       C:\Program Files\dotnet\sdk\9.0.309\Sdks\Microsoft.NET.Sdk\targets\Microsoft.NET.Sdk.targets(784,5): message :       _GenerateCompileInputs;
       C:\Program Files\dotnet\sdk\9.0.309\Sdks\Microsoft.NET.Sdk\targets\Microsoft.NET.Sdk.targets(784,5): message :       BeforeCompile;
       C:\Program Files\dotnet\sdk\9.0.309\Sdks\Microsoft.NET.Sdk\targets\Microsoft.NET.Sdk.targets(784,5): message :       _TimeStampBeforeCompile;
       C:\Program Files\dotnet\sdk\9.0.309\Sdks\Microsoft.NET.Sdk\targets\Microsoft.NET.Sdk.targets(784,5): message :       _GenerateCompileDependencyCache;
       C:\Program Files\dotnet\sdk\9.0.309\Sdks\Microsoft.NET.Sdk\targets\Microsoft.NET.Sdk.targets(784,5): message :       CoreCompile;
       C:\Program Files\dotnet\sdk\9.0.309\Sdks\Microsoft.NET.Sdk\targets\Microsoft.NET.Sdk.targets(784,5): message :       _TimeStampAfterCompile;
       C:\Program Files\dotnet\sdk\9.0.309\Sdks\Microsoft.NET.Sdk\targets\Microsoft.NET.Sdk.targets(784,5): message :       AfterCompile;
       C:\Program Files\dotnet\sdk\9.0.309\Sdks\Microsoft.NET.Sdk\targets\Microsoft.NET.Sdk.targets(784,5): message :     ;
       C:\Program Files\dotnet\sdk\9.0.309\Sdks\Microsoft.NET.Sdk\targets\Microsoft.NET.Sdk.targets(784,5): message :       _CreateAppHost;
       C:\Program Files\dotnet\sdk\9.0.309\Sdks\Microsoft.NET.Sdk\targets\Microsoft.NET.Sdk.targets(784,5): message :       _CreateComHost;
       C:\Program Files\dotnet\sdk\9.0.309\Sdks\Microsoft.NET.Sdk\targets\Microsoft.NET.Sdk.targets(784,5): message :       _GetIjwHostPaths;
       C:\Program Files\dotnet\sdk\9.0.309\Sdks\Microsoft.NET.Sdk\targets\Microsoft.NET.Sdk.targets(784,5): message :     "(이전 값: "
       C:\Program Files\dotnet\sdk\9.0.309\Sdks\Microsoft.NET.Sdk\targets\Microsoft.NET.Sdk.targets(784,5): message :       ResolveReferences;
       C:\Program Files\dotnet\sdk\9.0.309\Sdks\Microsoft.NET.Sdk\targets\Microsoft.NET.Sdk.targets(784,5): message :       ResolveKeySource;
       C:\Program Files\dotnet\sdk\9.0.309\Sdks\Microsoft.NET.Sdk\targets\Microsoft.NET.Sdk.targets(784,5): message :       SetWin32ManifestProperties;
       C:\Program Files\dotnet\sdk\9.0.309\Sdks\Microsoft.NET.Sdk\targets\Microsoft.NET.Sdk.targets(784,5): message :       _SetPreferNativeArm64Win32ManifestProperties;
       C:\Program Files\dotnet\sdk\9.0.309\Sdks\Microsoft.NET.Sdk\targets\Microsoft.NET.Sdk.targets(784,5): message :       FindReferenceAssembliesForReferences;
       C:\Program Files\dotnet\sdk\9.0.309\Sdks\Microsoft.NET.Sdk\targets\Microsoft.NET.Sdk.targets(784,5): message :       _GenerateCompileInputs;
       C:\Program Files\dotnet\sdk\9.0.309\Sdks\Microsoft.NET.Sdk\targets\Microsoft.NET.Sdk.targets(784,5): message :       BeforeCompile;
       C:\Program Files\dotnet\sdk\9.0.309\Sdks\Microsoft.NET.Sdk\targets\Microsoft.NET.Sdk.targets(784,5): message :       _TimeStampBeforeCompile;
       C:\Program Files\dotnet\sdk\9.0.309\Sdks\Microsoft.NET.Sdk\targets\Microsoft.NET.Sdk.targets(784,5): message :       _GenerateCompileDependencyCache;
       C:\Program Files\dotnet\sdk\9.0.309\Sdks\Microsoft.NET.Sdk\targets\Microsoft.NET.Sdk.targets(784,5): message :       CoreCompile;
       C:\Program Files\dotnet\sdk\9.0.309\Sdks\Microsoft.NET.Sdk\targets\Microsoft.NET.Sdk.targets(784,5): message :       _TimeStampAfterCompile;
       C:\Program Files\dotnet\sdk\9.0.309\Sdks\Microsoft.NET.Sdk\targets\Microsoft.NET.Sdk.targets(784,5): message :       AfterCompile;
       C:\Program Files\dotnet\sdk\9.0.309\Sdks\Microsoft.NET.Sdk\targets\Microsoft.NET.Sdk.targets(784,5): message :     ")
       C:\Program Files\dotnet\sdk\9.0.309\Sdks\Microsoft.NET.Sdk\targets\Microsoft.NET.Sdk.targets(1184,5): message : 속성 재할당: $(CreateSatelliteAssembliesDependsOn)=C:\Program Files\dotnet\sdk\9.0.309\Sdks\Microsoft.NET.Sdk\targets\Microsoft.NET.Sdk.targets (1184,5)의 "
       C:\Program Files\dotnet\sdk\9.0.309\Sdks\Microsoft.NET.Sdk\targets\Microsoft.NET.Sdk.targets(1184,5): message :       
       C:\Program Files\dotnet\sdk\9.0.309\Sdks\Microsoft.NET.Sdk\targets\Microsoft.NET.Sdk.targets(1184,5): message :       ;
       C:\Program Files\dotnet\sdk\9.0.309\Sdks\Microsoft.NET.Sdk\targets\Microsoft.NET.Sdk.targets(1184,5): message :       _GenerateSatelliteAssemblyInputs;
       C:\Program Files\dotnet\sdk\9.0.309\Sdks\Microsoft.NET.Sdk\targets\Microsoft.NET.Sdk.targets(1184,5): message :       ComputeIntermediateSatelliteAssemblies;
       C:\Program Files\dotnet\sdk\9.0.309\Sdks\Microsoft.NET.Sdk\targets\Microsoft.NET.Sdk.targets(1184,5): message :       GenerateSatelliteAssemblies
       C:\Program Files\dotnet\sdk\9.0.309\Sdks\Microsoft.NET.Sdk\targets\Microsoft.NET.Sdk.targets(1184,5): message :     ;
       C:\Program Files\dotnet\sdk\9.0.309\Sdks\Microsoft.NET.Sdk\targets\Microsoft.NET.Sdk.targets(1184,5): message :       CoreGenerateSatelliteAssemblies
       C:\Program Files\dotnet\sdk\9.0.309\Sdks\Microsoft.NET.Sdk\targets\Microsoft.NET.Sdk.targets(1184,5): message :     "(이전 값: "
       C:\Program Files\dotnet\sdk\9.0.309\Sdks\Microsoft.NET.Sdk\targets\Microsoft.NET.Sdk.targets(1184,5): message :       ;
       C:\Program Files\dotnet\sdk\9.0.309\Sdks\Microsoft.NET.Sdk\targets\Microsoft.NET.Sdk.targets(1184,5): message :       _GenerateSatelliteAssemblyInputs;
       C:\Program Files\dotnet\sdk\9.0.309\Sdks\Microsoft.NET.Sdk\targets\Microsoft.NET.Sdk.targets(1184,5): message :       ComputeIntermediateSatelliteAssemblies;
       C:\Program Files\dotnet\sdk\9.0.309\Sdks\Microsoft.NET.Sdk\targets\Microsoft.NET.Sdk.targets(1184,5): message :       GenerateSatelliteAssemblies
       C:\Program Files\dotnet\sdk\9.0.309\Sdks\Microsoft.NET.Sdk\targets\Microsoft.NET.Sdk.targets(1184,5): message :     ")
       C:\Program Files\dotnet\sdk\9.0.309\Sdks\Microsoft.SourceLink.GitLab\build\Microsoft.SourceLink.GitLab.targets(12,5): message : 속성 재할당: $(SourceLinkUrlInitializerTargets)=C:\Program Files\dotnet\sdk\9.0.309\Sdks\Microsoft.SourceLink.GitLab\build\Microsoft.SourceLink.GitLab.targets (12,5)의 ";_InitializeGitHubSourceLinkUrl;_InitializeGitLabSourceLinkUrl"(이전 값: ";_InitializeGitHubSourceLinkUrl")
       C:\Program Files\dotnet\sdk\9.0.309\Sdks\Microsoft.SourceLink.GitLab\build\Microsoft.SourceLink.GitLab.targets(13,5): message : 속성 재할당: $(SourceControlManagerUrlTranslationTargets)=C:\Program Files\dotnet\sdk\9.0.309\Sdks\Microsoft.SourceLink.GitLab\build\Microsoft.SourceLink.GitLab.targets (13,5)의 ";TranslateGitHubUrlsInSourceControlInformation;TranslateGitLabUrlsInSourceControlInformation"(이전 값: ";TranslateGitHubUrlsInSourceControlInformation")
       C:\Program Files\dotnet\sdk\9.0.309\Sdks\Microsoft.SourceLink.AzureRepos.Git\build\Microsoft.SourceLink.AzureRepos.Git.targets(12,5): message : 속성 재할당: $(SourceLinkUrlInitializerTargets)=C:\Program Files\dotnet\sdk\9.0.309\Sdks\Microsoft.SourceLink.AzureRepos.Git\build\Microsoft.SourceLink.AzureRepos.Git.targets (12,5)의 ";_InitializeGitHubSourceLinkUrl;_InitializeGitLabSourceLinkUrl;_InitializeAzureReposGitSourceLinkUrl"(이전 값: ";_InitializeGitHubSourceLinkUrl;_InitializeGitLabSourceLinkUrl")
       C:\Program Files\dotnet\sdk\9.0.309\Sdks\Microsoft.SourceLink.AzureRepos.Git\build\Microsoft.SourceLink.AzureRepos.Git.targets(13,5): message : 속성 재할당: $(SourceControlManagerUrlTranslationTargets)=C:\Program Files\dotnet\sdk\9.0.309\Sdks\Microsoft.SourceLink.AzureRepos.Git\build\Microsoft.SourceLink.AzureRepos.Git.targets (13,5)의 ";TranslateGitHubUrlsInSourceControlInformation;TranslateGitLabUrlsInSourceControlInformation;TranslateAzureReposGitUrlsInSourceControlInformation"(이전 값: ";TranslateGitHubUrlsInSourceControlInformation;TranslateGitLabUrlsInSourceControlInformation")
       C:\Program Files\dotnet\sdk\9.0.309\Sdks\Microsoft.SourceLink.Bitbucket.Git\build\Microsoft.SourceLink.Bitbucket.Git.targets(12,5): message : 속성 재할당: $(SourceLinkUrlInitializerTargets)=C:\Program Files\dotnet\sdk\9.0.309\Sdks\Microsoft.SourceLink.Bitbucket.Git\build\Microsoft.SourceLink.Bitbucket.Git.targets (12,5)의 ";_InitializeGitHubSourceLinkUrl;_InitializeGitLabSourceLinkUrl;_InitializeAzureReposGitSourceLinkUrl;_InitializeBitbucketGitSourceLinkUrl"(이전 값: ";_InitializeGitHubSourceLinkUrl;_InitializeGitLabSourceLinkUrl;_InitializeAzureReposGitSourceLinkUrl")
       C:\Program Files\dotnet\sdk\9.0.309\Sdks\Microsoft.SourceLink.Bitbucket.Git\build\Microsoft.SourceLink.Bitbucket.Git.targets(13,5): message : 속성 재할당: $(SourceControlManagerUrlTranslationTargets)=C:\Program Files\dotnet\sdk\9.0.309\Sdks\Microsoft.SourceLink.Bitbucket.Git\build\Microsoft.SourceLink.Bitbucket.Git.targets (13,5)의 ";TranslateGitHubUrlsInSourceControlInformation;TranslateGitLabUrlsInSourceControlInformation;TranslateAzureReposGitUrlsInSourceControlInformation;TranslateBitbucketGitUrlsInSourceControlInformation"(이전 값: ";TranslateGitHubUrlsInSourceControlInformation;TranslateGitLabUrlsInSourceControlInformation;TranslateAzureReposGitUrlsInSourceControlInformation")
       C:\Program Files\dotnet\sdk\9.0.309\Sdks\Microsoft.NET.Sdk\targets\Microsoft.NET.DesignerSupport.targets(21,5): message : 속성 재할당: $(DesignerRuntimeImplementationProjectOutputGroupDependsOn)=C:\Program Files\dotnet\sdk\9.0.309\Sdks\Microsoft.NET.Sdk\targets\Microsoft.NET.DesignerSupport.targets (21,5)의 "
       C:\Program Files\dotnet\sdk\9.0.309\Sdks\Microsoft.NET.Sdk\targets\Microsoft.NET.DesignerSupport.targets(21,5): message :       
       C:\Program Files\dotnet\sdk\9.0.309\Sdks\Microsoft.NET.Sdk\targets\Microsoft.NET.DesignerSupport.targets(21,5): message :       ;
       C:\Program Files\dotnet\sdk\9.0.309\Sdks\Microsoft.NET.Sdk\targets\Microsoft.NET.DesignerSupport.targets(21,5): message :       
       C:\Program Files\dotnet\sdk\9.0.309\Sdks\Microsoft.NET.Sdk\targets\Microsoft.NET.DesignerSupport.targets(21,5): message :       ;
       C:\Program Files\dotnet\sdk\9.0.309\Sdks\Microsoft.NET.Sdk\targets\Microsoft.NET.DesignerSupport.targets(21,5): message :       BuildOnlySettings;
       C:\Program Files\dotnet\sdk\9.0.309\Sdks\Microsoft.NET.Sdk\targets\Microsoft.NET.DesignerSupport.targets(21,5): message :       PrepareForBuild;
       C:\Program Files\dotnet\sdk\9.0.309\Sdks\Microsoft.NET.Sdk\targets\Microsoft.NET.DesignerSupport.targets(21,5): message :       AssignTargetPaths;
       C:\Program Files\dotnet\sdk\9.0.309\Sdks\Microsoft.NET.Sdk\targets\Microsoft.NET.DesignerSupport.targets(21,5): message :       ResolveReferences
       C:\Program Files\dotnet\sdk\9.0.309\Sdks\Microsoft.NET.Sdk\targets\Microsoft.NET.DesignerSupport.targets(21,5): message :     
       C:\Program Files\dotnet\sdk\9.0.309\Sdks\Microsoft.NET.Sdk\targets\Microsoft.NET.DesignerSupport.targets(21,5): message :     ;
       C:\Program Files\dotnet\sdk\9.0.309\Sdks\Microsoft.NET.Sdk\targets\Microsoft.NET.DesignerSupport.targets(21,5): message :       _GenerateDesignerDepsFile;
       C:\Program Files\dotnet\sdk\9.0.309\Sdks\Microsoft.NET.Sdk\targets\Microsoft.NET.DesignerSupport.targets(21,5): message :       _GenerateDesignerRuntimeConfigFile;
       C:\Program Files\dotnet\sdk\9.0.309\Sdks\Microsoft.NET.Sdk\targets\Microsoft.NET.DesignerSupport.targets(21,5): message :       GetCopyToOutputDirectoryItems;
       C:\Program Files\dotnet\sdk\9.0.309\Sdks\Microsoft.NET.Sdk\targets\Microsoft.NET.DesignerSupport.targets(21,5): message :       _GatherDesignerShadowCopyFiles;
       C:\Program Files\dotnet\sdk\9.0.309\Sdks\Microsoft.NET.Sdk\targets\Microsoft.NET.DesignerSupport.targets(21,5): message :     "(이전 값: "
       C:\Program Files\dotnet\sdk\9.0.309\Sdks\Microsoft.NET.Sdk\targets\Microsoft.NET.DesignerSupport.targets(21,5): message :       ;
       C:\Program Files\dotnet\sdk\9.0.309\Sdks\Microsoft.NET.Sdk\targets\Microsoft.NET.DesignerSupport.targets(21,5): message :       
       C:\Program Files\dotnet\sdk\9.0.309\Sdks\Microsoft.NET.Sdk\targets\Microsoft.NET.DesignerSupport.targets(21,5): message :       ;
       C:\Program Files\dotnet\sdk\9.0.309\Sdks\Microsoft.NET.Sdk\targets\Microsoft.NET.DesignerSupport.targets(21,5): message :       BuildOnlySettings;
       C:\Program Files\dotnet\sdk\9.0.309\Sdks\Microsoft.NET.Sdk\targets\Microsoft.NET.DesignerSupport.targets(21,5): message :       PrepareForBuild;
       C:\Program Files\dotnet\sdk\9.0.309\Sdks\Microsoft.NET.Sdk\targets\Microsoft.NET.DesignerSupport.targets(21,5): message :       AssignTargetPaths;
       C:\Program Files\dotnet\sdk\9.0.309\Sdks\Microsoft.NET.Sdk\targets\Microsoft.NET.DesignerSupport.targets(21,5): message :       ResolveReferences
       C:\Program Files\dotnet\sdk\9.0.309\Sdks\Microsoft.NET.Sdk\targets\Microsoft.NET.DesignerSupport.targets(21,5): message :     
       C:\Program Files\dotnet\sdk\9.0.309\Sdks\Microsoft.NET.Sdk\targets\Microsoft.NET.DesignerSupport.targets(21,5): message :     ")
       C:\Program Files\dotnet\sdk\9.0.309\Sdks\Microsoft.NET.Sdk\targets\Microsoft.NET.PackTool.targets(68,5): message : 속성 재할당: $(_GenerateToolsSettingsFileCacheFile)=C:\Program Files\dotnet\sdk\9.0.309\Sdks\Microsoft.NET.Sdk\targets\Microsoft.NET.PackTool.targets (68,5)의 "c:\Work\backup\tcpaop\Tests\ProtoTestTool\obj\Debug\net9.0-windows\ProtoTestTool.toolssettingsinput.cache"(이전 값: "obj\Debug\net9.0-windows\ProtoTestTool.toolssettingsinput.cache")
       C:\Program Files\dotnet\sdk\9.0.309\Sdks\Microsoft.NET.Sdk\targets\Microsoft.NET.PackTool.targets(137,5): message : 속성 재할당: $(_ShimInputCacheFile)=C:\Program Files\dotnet\sdk\9.0.309\Sdks\Microsoft.NET.Sdk\targets\Microsoft.NET.PackTool.targets (137,5)의 "c:\Work\backup\tcpaop\Tests\ProtoTestTool\obj\Debug\net9.0-windows\ProtoTestTool.shiminput.cache"(이전 값: "obj\Debug\net9.0-windows\ProtoTestTool.shiminput.cache")
       C:\Program Files\dotnet\sdk\9.0.309\Sdks\Microsoft.NET.Sdk\targets\Microsoft.NET.PackTool.targets(139,5): message : 속성 재할당: $(_ShimCreatedSentinelFile)=C:\Program Files\dotnet\sdk\9.0.309\Sdks\Microsoft.NET.Sdk\targets\Microsoft.NET.PackTool.targets (139,5)의 "c:\Work\backup\tcpaop\Tests\ProtoTestTool\obj\Debug\net9.0-windows\ProtoTestTool.shimcreated.sentinel"(이전 값: "obj\Debug\net9.0-windows\ProtoTestTool.shimcreated.sentinel")
       C:\Program Files\dotnet\sdk\9.0.309\Sdks\Microsoft.NET.Sdk\targets\Microsoft.NET.Sdk.CSharp.targets(31,5): message : 속성 재할당: $(DefineConstants)=C:\Program Files\dotnet\sdk\9.0.309\Sdks\Microsoft.NET.Sdk\targets\Microsoft.NET.Sdk.CSharp.targets (31,5)의 "TRACE;DEBUG"(이전 값: "TRACE")
       C:\Program Files\dotnet\sdk\9.0.309\Sdks\Microsoft.NET.Sdk\targets\Microsoft.NET.Sdk.CSharp.targets(34,5): message : 속성 재할당: $(DefineConstants)=C:\Program Files\dotnet\sdk\9.0.309\Sdks\Microsoft.NET.Sdk\targets\Microsoft.NET.Sdk.CSharp.targets (34,5)의 "TRACE;DEBUG;NET;NET9_0;NETCOREAPP"(이전 값: "TRACE;DEBUG")
       C:\Program Files\dotnet\sdk\9.0.309\Sdks\Microsoft.NET.Sdk\targets\Microsoft.NET.Sdk.CSharp.targets(48,5): message : 속성 재할당: $(WarningsAsErrors)=C:\Program Files\dotnet\sdk\9.0.309\Sdks\Microsoft.NET.Sdk\targets\Microsoft.NET.Sdk.CSharp.targets (48,5)의 ";NU1605;SYSLIB0011"(이전 값: ";NU1605")
       C:\Program Files\dotnet\sdk\9.0.309\Sdks\Microsoft.NET.Sdk\targets\Microsoft.NET.Windows.targets(34,5): message : 속성 재할당: $(TargetPlatformVersion)=C:\Program Files\dotnet\sdk\9.0.309\Sdks\Microsoft.NET.Sdk\targets\Microsoft.NET.Windows.targets (34,5)의 "7.0"(이전 값: "")
       C:\Program Files\dotnet\sdk\9.0.309\Sdks\Microsoft.NET.Sdk\targets\Microsoft.NET.Windows.targets(44,5): message : 속성 재할당: $(SupportedOSPlatformVersion)=C:\Program Files\dotnet\sdk\9.0.309\Sdks\Microsoft.NET.Sdk\targets\Microsoft.NET.Windows.targets (44,5)의 "7.0"(이전 값: "")
       C:\Program Files\dotnet\sdk\9.0.309\Sdks\Microsoft.NET.Sdk\targets\Microsoft.NET.Windows.targets(45,5): message : 속성 재할당: $(TargetPlatformMinVersion)=C:\Program Files\dotnet\sdk\9.0.309\Sdks\Microsoft.NET.Sdk\targets\Microsoft.NET.Windows.targets (45,5)의 "7.0"(이전 값: "")
       C:\Program Files\dotnet\sdk\9.0.309\Sdks\Microsoft.NET.Sdk\targets\Microsoft.NET.Sdk.targets(1473,5): message : 속성 재할당: $(TargetPlatformDisplayName)=C:\Program Files\dotnet\sdk\9.0.309\Sdks\Microsoft.NET.Sdk\targets\Microsoft.NET.Sdk.targets (1473,5)의 "Windows 7.0"(이전 값: "Windows ")
       C:\Program Files\dotnet\sdk\9.0.309\Sdks\Microsoft.NET.Sdk.WindowsDesktop\targets\Microsoft.NET.Sdk.WindowsDesktop.targets(51,5): message : 속성 재할당: $(_TargetFrameworkVersionValue)=C:\Program Files\dotnet\sdk\9.0.309\Sdks\Microsoft.NET.Sdk.WindowsDesktop\targets\Microsoft.NET.Sdk.WindowsDesktop.targets (51,5)의 "9.0"(이전 값: "0.0")
       C:\Program Files\dotnet\sdk\9.0.309\Sdks\Microsoft.NET.Sdk.WindowsDesktop\targets\Microsoft.WinFX.targets(61,7): message : 속성 재할당: $(PrepareResourceNamesDependsOn)=C:\Program Files\dotnet\sdk\9.0.309\Sdks\Microsoft.NET.Sdk.WindowsDesktop\targets\Microsoft.WinFX.targets (61,7)의 "
       C:\Program Files\dotnet\sdk\9.0.309\Sdks\Microsoft.NET.Sdk.WindowsDesktop\targets\Microsoft.WinFX.targets(61,7): message :                     AssignWinFXEmbeddedResource;
       C:\Program Files\dotnet\sdk\9.0.309\Sdks\Microsoft.NET.Sdk.WindowsDesktop\targets\Microsoft.WinFX.targets(61,7): message :                     
       C:\Program Files\dotnet\sdk\9.0.309\Sdks\Microsoft.NET.Sdk.WindowsDesktop\targets\Microsoft.WinFX.targets(61,7): message :       AssignTargetPaths;
       C:\Program Files\dotnet\sdk\9.0.309\Sdks\Microsoft.NET.Sdk.WindowsDesktop\targets\Microsoft.WinFX.targets(61,7): message :       SplitResourcesByCulture;
       C:\Program Files\dotnet\sdk\9.0.309\Sdks\Microsoft.NET.Sdk.WindowsDesktop\targets\Microsoft.WinFX.targets(61,7): message :       CreateManifestResourceNames;
       C:\Program Files\dotnet\sdk\9.0.309\Sdks\Microsoft.NET.Sdk.WindowsDesktop\targets\Microsoft.WinFX.targets(61,7): message :       CreateCustomManifestResourceNames
       C:\Program Files\dotnet\sdk\9.0.309\Sdks\Microsoft.NET.Sdk.WindowsDesktop\targets\Microsoft.WinFX.targets(61,7): message :     
       C:\Program Files\dotnet\sdk\9.0.309\Sdks\Microsoft.NET.Sdk.WindowsDesktop\targets\Microsoft.WinFX.targets(61,7): message :       "(이전 값: "
       C:\Program Files\dotnet\sdk\9.0.309\Sdks\Microsoft.NET.Sdk.WindowsDesktop\targets\Microsoft.WinFX.targets(61,7): message :       AssignTargetPaths;
       C:\Program Files\dotnet\sdk\9.0.309\Sdks\Microsoft.NET.Sdk.WindowsDesktop\targets\Microsoft.WinFX.targets(61,7): message :       SplitResourcesByCulture;
       C:\Program Files\dotnet\sdk\9.0.309\Sdks\Microsoft.NET.Sdk.WindowsDesktop\targets\Microsoft.WinFX.targets(61,7): message :       CreateManifestResourceNames;
       C:\Program Files\dotnet\sdk\9.0.309\Sdks\Microsoft.NET.Sdk.WindowsDesktop\targets\Microsoft.WinFX.targets(61,7): message :       CreateCustomManifestResourceNames
       C:\Program Files\dotnet\sdk\9.0.309\Sdks\Microsoft.NET.Sdk.WindowsDesktop\targets\Microsoft.WinFX.targets(61,7): message :     ")
       C:\Program Files\dotnet\sdk\9.0.309\Sdks\Microsoft.NET.Sdk.WindowsDesktop\targets\Microsoft.WinFX.targets(69,7): message : 속성 재할당: $(PrepareResourcesDependsOn)=C:\Program Files\dotnet\sdk\9.0.309\Sdks\Microsoft.NET.Sdk.WindowsDesktop\targets\Microsoft.WinFX.targets (69,7)의 "
       C:\Program Files\dotnet\sdk\9.0.309\Sdks\Microsoft.NET.Sdk.WindowsDesktop\targets\Microsoft.WinFX.targets(69,7): message :                 MarkupCompilePass1;
       C:\Program Files\dotnet\sdk\9.0.309\Sdks\Microsoft.NET.Sdk.WindowsDesktop\targets\Microsoft.WinFX.targets(69,7): message :                 AfterMarkupCompilePass1;
       C:\Program Files\dotnet\sdk\9.0.309\Sdks\Microsoft.NET.Sdk.WindowsDesktop\targets\Microsoft.WinFX.targets(69,7): message :                 MarkupCompilePass2ForMainAssembly;
       C:\Program Files\dotnet\sdk\9.0.309\Sdks\Microsoft.NET.Sdk.WindowsDesktop\targets\Microsoft.WinFX.targets(69,7): message :                 FileClassification;
       C:\Program Files\dotnet\sdk\9.0.309\Sdks\Microsoft.NET.Sdk.WindowsDesktop\targets\Microsoft.WinFX.targets(69,7): message :                 MainResourcesGeneration;
       C:\Program Files\dotnet\sdk\9.0.309\Sdks\Microsoft.NET.Sdk.WindowsDesktop\targets\Microsoft.WinFX.targets(69,7): message :                 
       C:\Program Files\dotnet\sdk\9.0.309\Sdks\Microsoft.NET.Sdk.WindowsDesktop\targets\Microsoft.WinFX.targets(69,7): message :       ResolvePackageDependenciesForBuild;
       C:\Program Files\dotnet\sdk\9.0.309\Sdks\Microsoft.NET.Sdk.WindowsDesktop\targets\Microsoft.WinFX.targets(69,7): message :       _HandlePackageFileConflicts;
       C:\Program Files\dotnet\sdk\9.0.309\Sdks\Microsoft.NET.Sdk.WindowsDesktop\targets\Microsoft.WinFX.targets(69,7): message :       
       C:\Program Files\dotnet\sdk\9.0.309\Sdks\Microsoft.NET.Sdk.WindowsDesktop\targets\Microsoft.WinFX.targets(69,7): message :       ;
       C:\Program Files\dotnet\sdk\9.0.309\Sdks\Microsoft.NET.Sdk.WindowsDesktop\targets\Microsoft.WinFX.targets(69,7): message :       PrepareResourceNames;
       C:\Program Files\dotnet\sdk\9.0.309\Sdks\Microsoft.NET.Sdk.WindowsDesktop\targets\Microsoft.WinFX.targets(69,7): message :       ResGen;
       C:\Program Files\dotnet\sdk\9.0.309\Sdks\Microsoft.NET.Sdk.WindowsDesktop\targets\Microsoft.WinFX.targets(69,7): message :       CompileLicxFiles
       C:\Program Files\dotnet\sdk\9.0.309\Sdks\Microsoft.NET.Sdk.WindowsDesktop\targets\Microsoft.WinFX.targets(69,7): message :     
       C:\Program Files\dotnet\sdk\9.0.309\Sdks\Microsoft.NET.Sdk.WindowsDesktop\targets\Microsoft.WinFX.targets(69,7): message :     
       C:\Program Files\dotnet\sdk\9.0.309\Sdks\Microsoft.NET.Sdk.WindowsDesktop\targets\Microsoft.WinFX.targets(69,7): message :       "(이전 값: "
       C:\Program Files\dotnet\sdk\9.0.309\Sdks\Microsoft.NET.Sdk.WindowsDesktop\targets\Microsoft.WinFX.targets(69,7): message :       ResolvePackageDependenciesForBuild;
       C:\Program Files\dotnet\sdk\9.0.309\Sdks\Microsoft.NET.Sdk.WindowsDesktop\targets\Microsoft.WinFX.targets(69,7): message :       _HandlePackageFileConflicts;
       C:\Program Files\dotnet\sdk\9.0.309\Sdks\Microsoft.NET.Sdk.WindowsDesktop\targets\Microsoft.WinFX.targets(69,7): message :       
       C:\Program Files\dotnet\sdk\9.0.309\Sdks\Microsoft.NET.Sdk.WindowsDesktop\targets\Microsoft.WinFX.targets(69,7): message :       ;
       C:\Program Files\dotnet\sdk\9.0.309\Sdks\Microsoft.NET.Sdk.WindowsDesktop\targets\Microsoft.WinFX.targets(69,7): message :       PrepareResourceNames;
       C:\Program Files\dotnet\sdk\9.0.309\Sdks\Microsoft.NET.Sdk.WindowsDesktop\targets\Microsoft.WinFX.targets(69,7): message :       ResGen;
       C:\Program Files\dotnet\sdk\9.0.309\Sdks\Microsoft.NET.Sdk.WindowsDesktop\targets\Microsoft.WinFX.targets(69,7): message :       CompileLicxFiles
       C:\Program Files\dotnet\sdk\9.0.309\Sdks\Microsoft.NET.Sdk.WindowsDesktop\targets\Microsoft.WinFX.targets(69,7): message :     
       C:\Program Files\dotnet\sdk\9.0.309\Sdks\Microsoft.NET.Sdk.WindowsDesktop\targets\Microsoft.WinFX.targets(69,7): message :     ")
       C:\Program Files\dotnet\sdk\9.0.309\Sdks\Microsoft.NET.Sdk.WindowsDesktop\targets\Microsoft.WinFX.targets(136,5): message : 속성 재할당: $(CompileDependsOn)=C:\Program Files\dotnet\sdk\9.0.309\Sdks\Microsoft.NET.Sdk.WindowsDesktop\targets\Microsoft.WinFX.targets (136,5)의 "
       C:\Program Files\dotnet\sdk\9.0.309\Sdks\Microsoft.NET.Sdk.WindowsDesktop\targets\Microsoft.WinFX.targets(136,5): message :         
       C:\Program Files\dotnet\sdk\9.0.309\Sdks\Microsoft.NET.Sdk.WindowsDesktop\targets\Microsoft.WinFX.targets(136,5): message :       
       C:\Program Files\dotnet\sdk\9.0.309\Sdks\Microsoft.NET.Sdk.WindowsDesktop\targets\Microsoft.WinFX.targets(136,5): message :       ResolveReferences;
       C:\Program Files\dotnet\sdk\9.0.309\Sdks\Microsoft.NET.Sdk.WindowsDesktop\targets\Microsoft.WinFX.targets(136,5): message :       ResolveKeySource;
       C:\Program Files\dotnet\sdk\9.0.309\Sdks\Microsoft.NET.Sdk.WindowsDesktop\targets\Microsoft.WinFX.targets(136,5): message :       SetWin32ManifestProperties;
       C:\Program Files\dotnet\sdk\9.0.309\Sdks\Microsoft.NET.Sdk.WindowsDesktop\targets\Microsoft.WinFX.targets(136,5): message :       _SetPreferNativeArm64Win32ManifestProperties;
       C:\Program Files\dotnet\sdk\9.0.309\Sdks\Microsoft.NET.Sdk.WindowsDesktop\targets\Microsoft.WinFX.targets(136,5): message :       FindReferenceAssembliesForReferences;
       C:\Program Files\dotnet\sdk\9.0.309\Sdks\Microsoft.NET.Sdk.WindowsDesktop\targets\Microsoft.WinFX.targets(136,5): message :       _GenerateCompileInputs;
       C:\Program Files\dotnet\sdk\9.0.309\Sdks\Microsoft.NET.Sdk.WindowsDesktop\targets\Microsoft.WinFX.targets(136,5): message :       BeforeCompile;
       C:\Program Files\dotnet\sdk\9.0.309\Sdks\Microsoft.NET.Sdk.WindowsDesktop\targets\Microsoft.WinFX.targets(136,5): message :       _TimeStampBeforeCompile;
       C:\Program Files\dotnet\sdk\9.0.309\Sdks\Microsoft.NET.Sdk.WindowsDesktop\targets\Microsoft.WinFX.targets(136,5): message :       _GenerateCompileDependencyCache;
       C:\Program Files\dotnet\sdk\9.0.309\Sdks\Microsoft.NET.Sdk.WindowsDesktop\targets\Microsoft.WinFX.targets(136,5): message :       CoreCompile;
       C:\Program Files\dotnet\sdk\9.0.309\Sdks\Microsoft.NET.Sdk.WindowsDesktop\targets\Microsoft.WinFX.targets(136,5): message :       _TimeStampAfterCompile;
       C:\Program Files\dotnet\sdk\9.0.309\Sdks\Microsoft.NET.Sdk.WindowsDesktop\targets\Microsoft.WinFX.targets(136,5): message :       AfterCompile;
       C:\Program Files\dotnet\sdk\9.0.309\Sdks\Microsoft.NET.Sdk.WindowsDesktop\targets\Microsoft.WinFX.targets(136,5): message :     ;
       C:\Program Files\dotnet\sdk\9.0.309\Sdks\Microsoft.NET.Sdk.WindowsDesktop\targets\Microsoft.WinFX.targets(136,5): message :       _CreateAppHost;
       C:\Program Files\dotnet\sdk\9.0.309\Sdks\Microsoft.NET.Sdk.WindowsDesktop\targets\Microsoft.WinFX.targets(136,5): message :       _CreateComHost;
       C:\Program Files\dotnet\sdk\9.0.309\Sdks\Microsoft.NET.Sdk.WindowsDesktop\targets\Microsoft.WinFX.targets(136,5): message :       _GetIjwHostPaths;
       C:\Program Files\dotnet\sdk\9.0.309\Sdks\Microsoft.NET.Sdk.WindowsDesktop\targets\Microsoft.WinFX.targets(136,5): message :     ;
       C:\Program Files\dotnet\sdk\9.0.309\Sdks\Microsoft.NET.Sdk.WindowsDesktop\targets\Microsoft.WinFX.targets(136,5): message :         _AfterCompileWinFXInternal
       C:\Program Files\dotnet\sdk\9.0.309\Sdks\Microsoft.NET.Sdk.WindowsDesktop\targets\Microsoft.WinFX.targets(136,5): message :     "(이전 값: "
       C:\Program Files\dotnet\sdk\9.0.309\Sdks\Microsoft.NET.Sdk.WindowsDesktop\targets\Microsoft.WinFX.targets(136,5): message :       
       C:\Program Files\dotnet\sdk\9.0.309\Sdks\Microsoft.NET.Sdk.WindowsDesktop\targets\Microsoft.WinFX.targets(136,5): message :       ResolveReferences;
       C:\Program Files\dotnet\sdk\9.0.309\Sdks\Microsoft.NET.Sdk.WindowsDesktop\targets\Microsoft.WinFX.targets(136,5): message :       ResolveKeySource;
       C:\Program Files\dotnet\sdk\9.0.309\Sdks\Microsoft.NET.Sdk.WindowsDesktop\targets\Microsoft.WinFX.targets(136,5): message :       SetWin32ManifestProperties;
       C:\Program Files\dotnet\sdk\9.0.309\Sdks\Microsoft.NET.Sdk.WindowsDesktop\targets\Microsoft.WinFX.targets(136,5): message :       _SetPreferNativeArm64Win32ManifestProperties;
       C:\Program Files\dotnet\sdk\9.0.309\Sdks\Microsoft.NET.Sdk.WindowsDesktop\targets\Microsoft.WinFX.targets(136,5): message :       FindReferenceAssembliesForReferences;
       C:\Program Files\dotnet\sdk\9.0.309\Sdks\Microsoft.NET.Sdk.WindowsDesktop\targets\Microsoft.WinFX.targets(136,5): message :       _GenerateCompileInputs;
       C:\Program Files\dotnet\sdk\9.0.309\Sdks\Microsoft.NET.Sdk.WindowsDesktop\targets\Microsoft.WinFX.targets(136,5): message :       BeforeCompile;
       C:\Program Files\dotnet\sdk\9.0.309\Sdks\Microsoft.NET.Sdk.WindowsDesktop\targets\Microsoft.WinFX.targets(136,5): message :       _TimeStampBeforeCompile;
       C:\Program Files\dotnet\sdk\9.0.309\Sdks\Microsoft.NET.Sdk.WindowsDesktop\targets\Microsoft.WinFX.targets(136,5): message :       _GenerateCompileDependencyCache;
       C:\Program Files\dotnet\sdk\9.0.309\Sdks\Microsoft.NET.Sdk.WindowsDesktop\targets\Microsoft.WinFX.targets(136,5): message :       CoreCompile;
       C:\Program Files\dotnet\sdk\9.0.309\Sdks\Microsoft.NET.Sdk.WindowsDesktop\targets\Microsoft.WinFX.targets(136,5): message :       _TimeStampAfterCompile;
       C:\Program Files\dotnet\sdk\9.0.309\Sdks\Microsoft.NET.Sdk.WindowsDesktop\targets\Microsoft.WinFX.targets(136,5): message :       AfterCompile;
       C:\Program Files\dotnet\sdk\9.0.309\Sdks\Microsoft.NET.Sdk.WindowsDesktop\targets\Microsoft.WinFX.targets(136,5): message :     ;
       C:\Program Files\dotnet\sdk\9.0.309\Sdks\Microsoft.NET.Sdk.WindowsDesktop\targets\Microsoft.WinFX.targets(136,5): message :       _CreateAppHost;
       C:\Program Files\dotnet\sdk\9.0.309\Sdks\Microsoft.NET.Sdk.WindowsDesktop\targets\Microsoft.WinFX.targets(136,5): message :       _CreateComHost;
       C:\Program Files\dotnet\sdk\9.0.309\Sdks\Microsoft.NET.Sdk.WindowsDesktop\targets\Microsoft.WinFX.targets(136,5): message :       _GetIjwHostPaths;
       C:\Program Files\dotnet\sdk\9.0.309\Sdks\Microsoft.NET.Sdk.WindowsDesktop\targets\Microsoft.WinFX.targets(136,5): message :     ")
       C:\Program Files\dotnet\sdk\9.0.309\Sdks\Microsoft.NET.Sdk.WindowsDesktop\targets\Microsoft.WinFX.targets(803,9): message : 속성 재할당: $(PublishBuildDependsOn)=C:\Program Files\dotnet\sdk\9.0.309\Sdks\Microsoft.NET.Sdk.WindowsDesktop\targets\Microsoft.WinFX.targets (803,9)의 "
       C:\Program Files\dotnet\sdk\9.0.309\Sdks\Microsoft.NET.Sdk.WindowsDesktop\targets\Microsoft.WinFX.targets(803,9): message :             BuildOnlySettings;
       C:\Program Files\dotnet\sdk\9.0.309\Sdks\Microsoft.NET.Sdk.WindowsDesktop\targets\Microsoft.WinFX.targets(803,9): message :             PrepareForBuild;
       C:\Program Files\dotnet\sdk\9.0.309\Sdks\Microsoft.NET.Sdk.WindowsDesktop\targets\Microsoft.WinFX.targets(803,9): message :             ResolveReferences;
       C:\Program Files\dotnet\sdk\9.0.309\Sdks\Microsoft.NET.Sdk.WindowsDesktop\targets\Microsoft.WinFX.targets(803,9): message :             PrepareResources;
       C:\Program Files\dotnet\sdk\9.0.309\Sdks\Microsoft.NET.Sdk.WindowsDesktop\targets\Microsoft.WinFX.targets(803,9): message :             ResolveKeySource;
       C:\Program Files\dotnet\sdk\9.0.309\Sdks\Microsoft.NET.Sdk.WindowsDesktop\targets\Microsoft.WinFX.targets(803,9): message :             PrepareResourcesForSatelliteAssemblies;
       C:\Program Files\dotnet\sdk\9.0.309\Sdks\Microsoft.NET.Sdk.WindowsDesktop\targets\Microsoft.WinFX.targets(803,9): message :             GenerateSerializationAssemblies;
       C:\Program Files\dotnet\sdk\9.0.309\Sdks\Microsoft.NET.Sdk.WindowsDesktop\targets\Microsoft.WinFX.targets(803,9): message :             CreateSatelliteAssemblies;
       C:\Program Files\dotnet\sdk\9.0.309\Sdks\Microsoft.NET.Sdk.WindowsDesktop\targets\Microsoft.WinFX.targets(803,9): message :         "(이전 값: "
       C:\Program Files\dotnet\sdk\9.0.309\Sdks\Microsoft.NET.Sdk.WindowsDesktop\targets\Microsoft.WinFX.targets(803,9): message :       BuildOnlySettings;
       C:\Program Files\dotnet\sdk\9.0.309\Sdks\Microsoft.NET.Sdk.WindowsDesktop\targets\Microsoft.WinFX.targets(803,9): message :       PrepareForBuild;
       C:\Program Files\dotnet\sdk\9.0.309\Sdks\Microsoft.NET.Sdk.WindowsDesktop\targets\Microsoft.WinFX.targets(803,9): message :       ResolveReferences;
       C:\Program Files\dotnet\sdk\9.0.309\Sdks\Microsoft.NET.Sdk.WindowsDesktop\targets\Microsoft.WinFX.targets(803,9): message :       PrepareResources;
       C:\Program Files\dotnet\sdk\9.0.309\Sdks\Microsoft.NET.Sdk.WindowsDesktop\targets\Microsoft.WinFX.targets(803,9): message :       ResolveKeySource;
       C:\Program Files\dotnet\sdk\9.0.309\Sdks\Microsoft.NET.Sdk.WindowsDesktop\targets\Microsoft.WinFX.targets(803,9): message :       GenerateSerializationAssemblies;
       C:\Program Files\dotnet\sdk\9.0.309\Sdks\Microsoft.NET.Sdk.WindowsDesktop\targets\Microsoft.WinFX.targets(803,9): message :       CreateSatelliteAssemblies;
       C:\Program Files\dotnet\sdk\9.0.309\Sdks\Microsoft.NET.Sdk.WindowsDesktop\targets\Microsoft.WinFX.targets(803,9): message :     ")
       C:\Program Files\dotnet\sdk\9.0.309\Sdks\NuGet.Build.Tasks.Pack\build\NuGet.Build.Tasks.Pack.targets(34,5): message : 속성 재할당: $(PackageDescription)=C:\Program Files\dotnet\sdk\9.0.309\Sdks\NuGet.Build.Tasks.Pack\build\NuGet.Build.Tasks.Pack.targets (34,5)의 "Package Description"(이전 값: "")
       C:\Program Files\dotnet\sdk\9.0.309\Sdks\NuGet.Build.Tasks.Pack\build\NuGet.Build.Tasks.Pack.targets(59,5): message : 속성 재할당: $(GenerateNuspecDependsOn)=C:\Program Files\dotnet\sdk\9.0.309\Sdks\NuGet.Build.Tasks.Pack\build\NuGet.Build.Tasks.Pack.targets (59,5)의 "Build;_LoadPackInputItems; _GetTargetFrameworksOutput; _WalkEachTargetPerFramework; _GetPackageFiles; "(이전 값: "_LoadPackInputItems; _GetTargetFrameworksOutput; _WalkEachTargetPerFramework; _GetPackageFiles; ")
       C:\Program Files\dotnet\sdk\9.0.309\Sdks\Microsoft.NET.Sdk\Sdk\Sdk.targets(60,5): message : 속성 재할당: $(_IsNotSetContainersTargetsDir)=C:\Program Files\dotnet\sdk\9.0.309\Sdks\Microsoft.NET.Sdk\Sdk\Sdk.targets (60,5)의 "true"(이전 값: "false")
       C:\Program Files\dotnet\sdk\9.0.309\Containers\build\Microsoft.NET.Build.Containers.targets(5,5): message : 속성 재할당: $(_IsSDKContainerAllowedVersion)=C:\Program Files\dotnet\sdk\9.0.309\Containers\build\Microsoft.NET.Build.Containers.targets (5,5)의 "true"(이전 값: "false")
       C:\Program Files\dotnet\sdk\9.0.309\Containers\build\Microsoft.NET.Build.Containers.targets(15,5): message : 속성 재할당: $(_ContainerIsTargetingNet8TFM)=C:\Program Files\dotnet\sdk\9.0.309\Containers\build\Microsoft.NET.Build.Containers.targets (15,5)의 "true"(이전 값: "false")
       "C:\Program Files\dotnet\sdk\9.0.309\Microsoft.Common.CurrentVersion.targets" 프로젝트의 "ResolveFrameworkReferences" 대상을 "C:\Program Files\dotnet\sdk\9.0.309\Sdks\Microsoft.NET.Sdk\targets\Microsoft.NET.Sdk.FrameworkReferenceResolution.targets" 프로젝트의 "ResolveFrameworkReferences" 대상으로 재정의하고 있습니다.
       "C:\Program Files\dotnet\sdk\9.0.309\Microsoft.Common.CurrentVersion.targets" 프로젝트의 "Run" 대상을 "C:\Program Files\dotnet\sdk\9.0.309\Sdks\Microsoft.NET.Sdk\targets\Microsoft.NET.Sdk.targets" 프로젝트의 "Run" 대상으로 재정의하고 있습니다.
       "C:\Program Files\dotnet\sdk\9.0.309\Microsoft.Common.CurrentVersion.targets" 프로젝트의 "GenerateSupportedTargetFrameworkAlias" 대상을 "C:\Program Files\dotnet\sdk\9.0.309\Sdks\Microsoft.NET.Sdk\targets\Microsoft.NET.Sdk.targets" 프로젝트의 "GenerateSupportedTargetFrameworkAlias" 대상으로 재정의하고 있습니다.
       "C:\Program Files\dotnet\sdk\9.0.309\Microsoft.Common.CurrentVersion.targets" 프로젝트의 "GetReferenceAssemblyPaths" 대상을 "C:\Program Files\dotnet\sdk\9.0.309\Sdks\Microsoft.NET.Sdk\targets\Microsoft.NET.DisableStandardFrameworkResolution.targets" 프로젝트의 "GetReferenceAssemblyPaths" 대상으로 재정의하고 있습니다.
       "C:\Program Files\dotnet\sdk\9.0.309\Microsoft.Common.CurrentVersion.targets" 프로젝트의 "GetFrameworkPaths" 대상을 "C:\Program Files\dotnet\sdk\9.0.309\Sdks\Microsoft.NET.Sdk\targets\Microsoft.NET.DisableStandardFrameworkResolution.targets" 프로젝트의 "GetFrameworkPaths" 대상으로 재정의하고 있습니다.
       "C:\Program Files\dotnet\sdk\9.0.309\Microsoft.Common.CurrentVersion.targets" 프로젝트의 "DesignerRuntimeImplementationProjectOutputGroup" 대상을 "C:\Program Files\dotnet\sdk\9.0.309\Sdks\Microsoft.NET.Sdk\targets\Microsoft.NET.DesignerSupport.targets" 프로젝트의 "DesignerRuntimeImplementationProjectOutputGroup" 대상으로 재정의하고 있습니다.
       "C:\Program Files\dotnet\sdk\9.0.309\Microsoft.Common.CurrentVersion.targets" 프로젝트의 "Publish" 대상을 "C:\Program Files\dotnet\sdk\9.0.309\Sdks\Microsoft.NET.Sdk\targets\Microsoft.NET.Publish.targets" 프로젝트의 "Publish" 대상으로 재정의하고 있습니다.
       "C:\Program Files\dotnet\sdk\9.0.309\Sdks\Microsoft.NET.Sdk\targets\Microsoft.NET.CrossGen.targets" 프로젝트의 "ResolveReadyToRunCompilers" 대상을 "C:\Program Files\dotnet\sdk\9.0.309\Sdks\Microsoft.NET.Sdk\targets\Microsoft.NET.Publish.targets" 프로젝트의 "ResolveReadyToRunCompilers" 대상으로 재정의하고 있습니다.
       "C:\Program Files\dotnet\sdk\9.0.309\Microsoft.Common.CurrentVersion.targets" 프로젝트의 "GetCopyToPublishDirectoryItems" 대상을 "C:\Program Files\dotnet\sdk\9.0.309\Sdks\Microsoft.NET.Sdk\targets\Microsoft.NET.Publish.targets" 프로젝트의 "GetCopyToPublishDirectoryItems" 대상으로 재정의하고 있습니다.
       "C:\Program Files\dotnet\sdk\9.0.309\Microsoft.Common.CurrentVersion.targets" 프로젝트의 "SatelliteDllsProjectOutputGroup" 대상을 "C:\Program Files\dotnet\sdk\9.0.309\Sdks\Microsoft.NET.Sdk.WindowsDesktop\targets\Microsoft.WinFX.targets" 프로젝트의 "SatelliteDllsProjectOutputGroup" 대상으로 재정의하고 있습니다.
     1>1 노드의 "c:\Work\backup\tcpaop\Tests\ProtoTestTool\ProtoTestTool.csproj" 프로젝트(Restore 대상)입니다.
     1>"c:\Work\backup\tcpaop\Tests\ProtoTestTool\ProtoTestTool.csproj" 프로젝트의 "C:\Program Files\dotnet\sdk\9.0.309\NuGet.targets" 파일에 있는 "_LoadRestoreGraphEntryPoints" 대상("_FilterRestoreGraphProjectInputItems" 대상이 종속됨):
     1>조건이 잘못되어 "GetRestoreSolutionProjectsTask" 작업을 건너뜁니다. ( $(MSBuildProjectFullPath.EndsWith('.metaproj')) == 'true' AND @(RestoreGraphProjectInputItems) == '' )이(가) ( False == 'true' AND c:\Work\backup\tcpaop\Tests\ProtoTestTool\ProtoTestTool.csproj == '' )(으)로 확인되었습니다.
     1>"ProtoTestTool.csproj" 프로젝트에 "_LoadRestoreGraphEntryPoints" 대상을 빌드했습니다.
     1>"c:\Work\backup\tcpaop\Tests\ProtoTestTool\ProtoTestTool.csproj" 프로젝트의 "C:\Program Files\dotnet\sdk\9.0.309\NuGet.targets" 파일에 있는 "_FilterRestoreGraphProjectInputItems" 대상("_GenerateRestoreGraph" 대상이 종속됨):
       "Microsoft.Build.Tasks.Core, Version=15.1.0.0, Culture=neutral, PublicKeyToken=b03f5f7f11d50a3a" 어셈블리에서 "RemoveDuplicates" 작업을 사용합니다.
       "RemoveDuplicates" 작업
       "RemoveDuplicates" 작업을 실행했습니다.
       "Microsoft.Build.Tasks.Core, Version=15.1.0.0, Culture=neutral, PublicKeyToken=b03f5f7f11d50a3a" 어셈블리에서 "MSBuild" 작업을 사용합니다.
       "MSBuild" 작업
         전역 속성:
           ExcludeRestorePackageImports=true
     0>C:\Program Files\dotnet\sdk\9.0.309\Sdks\Microsoft.NET.Sdk\Sdk\Sdk.props(49,11): message : 환경에서 값이 'MSBuildExtensionsPath'인 속성 'C:\Program Files\dotnet\sdk\9.0.309\'이(가) 확장되었습니다.
       C:\Program Files\dotnet\sdk\9.0.309\Current\Microsoft.Common.props(60,5): message : 속성 재할당: $(MSBuildProjectExtensionsPath)=C:\Program Files\dotnet\sdk\9.0.309\Current\Microsoft.Common.props (60,5)의 "c:\Work\backup\tcpaop\Tests\ProtoTestTool\obj\"(이전 값: "obj\")
       C:\Program Files\dotnet\sdk\9.0.309\Current\Microsoft.Common.props(84,119): message : 환경에서 값이 'MSBuildUserExtensionsPath'인 속성 'C:\Users\kentz\AppData\Local\Microsoft\MSBuild'이(가) 확장되었습니다.
       C:\Program Files\dotnet\sdk\9.0.309\Sdks\Microsoft.NET.Sdk\targets\Microsoft.NET.Sdk.props(90,5): message : 속성 재할당: $(AssemblySearchPaths)=C:\Program Files\dotnet\sdk\9.0.309\Sdks\Microsoft.NET.Sdk\targets\Microsoft.NET.Sdk.props (90,5)의 "{CandidateAssemblyFiles};{HintPathFromItem}"(이전 값: "{CandidateAssemblyFiles}")
       C:\Program Files\dotnet\sdk\9.0.309\Sdks\Microsoft.NET.Sdk\targets\Microsoft.NET.Sdk.props(91,5): message : 속성 재할당: $(AssemblySearchPaths)=C:\Program Files\dotnet\sdk\9.0.309\Sdks\Microsoft.NET.Sdk\targets\Microsoft.NET.Sdk.props (91,5)의 "{CandidateAssemblyFiles};{HintPathFromItem};{TargetFrameworkDirectory}"(이전 값: "{CandidateAssemblyFiles};{HintPathFromItem}")
       C:\Program Files\dotnet\sdk\9.0.309\Sdks\Microsoft.NET.Sdk\targets\Microsoft.NET.Sdk.props(92,5): message : 속성 재할당: $(AssemblySearchPaths)=C:\Program Files\dotnet\sdk\9.0.309\Sdks\Microsoft.NET.Sdk\targets\Microsoft.NET.Sdk.props (92,5)의 "{CandidateAssemblyFiles};{HintPathFromItem};{TargetFrameworkDirectory};{RawFileName}"(이전 값: "{CandidateAssemblyFiles};{HintPathFromItem};{TargetFrameworkDirectory}")
       C:\Program Files\dotnet\sdk\9.0.309\Sdks\Microsoft.NET.Sdk\targets\Microsoft.NET.PackProjectTool.props(15,5): message : 속성 재할당: $(TargetsForTfmSpecificContentInPackage)=C:\Program Files\dotnet\sdk\9.0.309\Sdks\Microsoft.NET.Sdk\targets\Microsoft.NET.PackProjectTool.props (15,5)의 ";PackTool;_PackProjectToolValidation"(이전 값: ";PackTool")
       c:\Work\backup\tcpaop\Tests\ProtoTestTool\ProtoTestTool.csproj(4,5): message : 속성 재할당: $(OutputType)=c:\Work\backup\tcpaop\Tests\ProtoTestTool\ProtoTestTool.csproj (4,5)의 "WinExe"(이전 값: "Library")
       C:\Program Files\dotnet\sdk\9.0.309\Sdks\Microsoft.NET.Sdk\targets\Microsoft.NET.Sdk.ImportPublishProfile.targets(28,5): message : 속성 재할당: $(PublishProfileImported)=C:\Program Files\dotnet\sdk\9.0.309\Sdks\Microsoft.NET.Sdk\targets\Microsoft.NET.Sdk.ImportPublishProfile.targets (28,5)의 "false"(이전 값: "true")
       C:\Program Files\dotnet\sdk\9.0.309\Sdks\Microsoft.NET.Sdk\targets\Microsoft.NET.TargetFrameworkInference.targets(68,5): message : 속성 재할당: $(TargetPlatformVersion)=C:\Program Files\dotnet\sdk\9.0.309\Sdks\Microsoft.NET.Sdk\targets\Microsoft.NET.TargetFrameworkInference.targets (68,5)의 "0.0"(이전 값: "0.0.0.0")
       C:\Program Files\dotnet\sdk\9.0.309\Sdks\Microsoft.NET.Sdk\targets\Microsoft.NET.TargetFrameworkInference.targets(69,5): message : 속성 재할당: $(TargetPlatformVersion)=C:\Program Files\dotnet\sdk\9.0.309\Sdks\Microsoft.NET.Sdk\targets\Microsoft.NET.TargetFrameworkInference.targets (69,5)의 ""(이전 값: "0.0")
       C:\Program Files\dotnet\sdk\9.0.309\Sdks\Microsoft.NET.Sdk\targets\Microsoft.NET.TargetFrameworkInference.targets(71,5): message : 속성 재할당: $(TargetPlatformIdentifier)=C:\Program Files\dotnet\sdk\9.0.309\Sdks\Microsoft.NET.Sdk\targets\Microsoft.NET.TargetFrameworkInference.targets (71,5)의 "Windows"(이전 값: "windows")
       C:\Program Files\dotnet\sdk\9.0.309\Sdks\Microsoft.NET.Sdk\targets\Microsoft.NET.DefaultOutputPaths.targets(122,5): message : 속성 재할당: $(DefaultItemExcludes)=C:\Program Files\dotnet\sdk\9.0.309\Sdks\Microsoft.NET.Sdk\targets\Microsoft.NET.DefaultOutputPaths.targets (122,5)의 ";bin\Debug\/**;obj\Debug\/**"(이전 값: ";bin\Debug\/**")
       C:\Program Files\dotnet\sdk\9.0.309\Sdks\Microsoft.NET.Sdk\targets\Microsoft.NET.DefaultOutputPaths.targets(137,5): message : 속성 재할당: $(OutputPath)=C:\Program Files\dotnet\sdk\9.0.309\Sdks\Microsoft.NET.Sdk\targets\Microsoft.NET.DefaultOutputPaths.targets (137,5)의 "bin\Debug\net9.0-windows\"(이전 값: "bin\Debug\")
       C:\Program Files\dotnet\sdk\9.0.309\Sdks\Microsoft.NET.Sdk\targets\Microsoft.NET.DefaultOutputPaths.targets(142,5): message : 속성 재할당: $(IntermediateOutputPath)=C:\Program Files\dotnet\sdk\9.0.309\Sdks\Microsoft.NET.Sdk\targets\Microsoft.NET.DefaultOutputPaths.targets (142,5)의 "obj\Debug\net9.0-windows\"(이전 값: "obj\Debug\")
       C:\Program Files\dotnet\sdk\9.0.309\Sdks\Microsoft.NET.Sdk\targets\Microsoft.NET.Sdk.BeforeCommon.targets(187,5): message : 속성 재할당: $(_FrameworkIdentifierForImplicitDefine)=C:\Program Files\dotnet\sdk\9.0.309\Sdks\Microsoft.NET.Sdk\targets\Microsoft.NET.Sdk.BeforeCommon.targets (187,5)의 "NET"(이전 값: "NETCOREAPP")
       C:\Program Files\dotnet\sdk\9.0.309\Sdks\Microsoft.NET.Sdk\targets\Microsoft.NET.Sdk.BeforeCommon.targets(192,5): message : 속성 재할당: $(_FrameworkVersionForImplicitDefine)=C:\Program Files\dotnet\sdk\9.0.309\Sdks\Microsoft.NET.Sdk\targets\Microsoft.NET.Sdk.BeforeCommon.targets (192,5)의 "9_0"(이전 값: "9.0")
       C:\Program Files\dotnet\sdk\9.0.309\Roslyn\Microsoft.CSharp.Core.targets(200,5): message : 속성 재할당: $(CommandLineArgsForDesignTimeEvaluation)=C:\Program Files\dotnet\sdk\9.0.309\Roslyn\Microsoft.CSharp.Core.targets (200,5)의 "-langversion:13.0 -define:TRACE"(이전 값: "-langversion:13.0")
       C:\Program Files\dotnet\sdk\9.0.309\Microsoft.Common.CurrentVersion.targets(175,5): message : 속성 재할당: $(_DebugSymbolsProduced)=C:\Program Files\dotnet\sdk\9.0.309\Microsoft.Common.CurrentVersion.targets (175,5)의 "true"(이전 값: "false")
       C:\Program Files\dotnet\sdk\9.0.309\Microsoft.Common.CurrentVersion.targets(185,5): message : 속성 재할당: $(_DocumentationFileProduced)=C:\Program Files\dotnet\sdk\9.0.309\Microsoft.Common.CurrentVersion.targets (185,5)의 "false"(이전 값: "true")
       C:\Program Files\dotnet\sdk\9.0.309\Microsoft.Common.CurrentVersion.targets(392,5): message : 속성 재할당: $(MSBuildCopyMarkerName)=C:\Program Files\dotnet\sdk\9.0.309\Microsoft.Common.CurrentVersion.targets (392,5)의 "ProtoTes.966F7D4A"(이전 값: "ProtoTestTool.csproj")
       C:\Program Files\dotnet\sdk\9.0.309\Microsoft.Common.CurrentVersion.targets(393,5): message : 속성 재할당: $(MSBuildCopyMarkerName)=C:\Program Files\dotnet\sdk\9.0.309\Microsoft.Common.CurrentVersion.targets (393,5)의 "ProtoTes.966F7D4A.Up2Date"(이전 값: "ProtoTes.966F7D4A")
       C:\Program Files\dotnet\sdk\9.0.309\Microsoft.Common.CurrentVersion.targets(541,5): message : 속성 재할당: $(ProcessorArchitecture)=C:\Program Files\dotnet\sdk\9.0.309\Microsoft.Common.CurrentVersion.targets (541,5)의 "msil"(이전 값: "")
       C:\Program Files\dotnet\sdk\9.0.309\Microsoft.Common.CurrentVersion.targets(580,5): message : 속성 재할당: $(DelaySign)=C:\Program Files\dotnet\sdk\9.0.309\Microsoft.Common.CurrentVersion.targets (580,5)의 ""(이전 값: "false")
       C:\Program Files\dotnet\sdk\9.0.309\Microsoft.Common.CurrentVersion.targets(2619,5): message : 환경에서 값이 'LOCALAPPDATA'인 속성 'C:\Users\kentz\AppData\Local'이(가) 확장되었습니다.
       C:\Program Files\dotnet\sdk\9.0.309\Microsoft.Common.CurrentVersion.targets(3947,5): message : 속성 재할당: $(_SGenGenerateSerializationAssembliesConfig)=C:\Program Files\dotnet\sdk\9.0.309\Microsoft.Common.CurrentVersion.targets (3947,5)의 "Auto"(이전 값: "")
       C:\Program Files\dotnet\sdk\9.0.309\Microsoft.Common.CurrentVersion.targets(3948,5): message : 속성 재할당: $(_SGenGenerateSerializationAssembliesConfig)=C:\Program Files\dotnet\sdk\9.0.309\Microsoft.Common.CurrentVersion.targets (3948,5)의 "Off"(이전 값: "Auto")
       C:\Program Files\dotnet\sdk\9.0.309\Microsoft.Common.CurrentVersion.targets(5159,5): message : 속성 재할당: $(_TargetsThatPrepareProjectReferences)=C:\Program Files\dotnet\sdk\9.0.309\Microsoft.Common.CurrentVersion.targets (5159,5)의 "
       C:\Program Files\dotnet\sdk\9.0.309\Microsoft.Common.CurrentVersion.targets(5159,5): message :       AssignProjectConfiguration;
       C:\Program Files\dotnet\sdk\9.0.309\Microsoft.Common.CurrentVersion.targets(5159,5): message :       _SplitProjectReferencesByFileExistence
       C:\Program Files\dotnet\sdk\9.0.309\Microsoft.Common.CurrentVersion.targets(5159,5): message :     "(이전 값: "_SplitProjectReferencesByFileExistence")
       C:\Program Files\dotnet\sdk\9.0.309\Microsoft.Common.CurrentVersion.targets(6954,5): message : 환경에서 값이 'MSBuildExtensionsPath32'인 속성 'C:\Program Files\dotnet\sdk\9.0.309'이(가) 확장되었습니다.
       C:\Program Files\dotnet\sdk\9.0.309\Sdks\Microsoft.NET.Sdk\targets\Microsoft.PackageDependencyResolution.targets(24,5): message : 속성 재할당: $(ProjectAssetsFile)=C:\Program Files\dotnet\sdk\9.0.309\Sdks\Microsoft.NET.Sdk\targets\Microsoft.PackageDependencyResolution.targets (24,5)의 "c:\Work\backup\tcpaop\Tests\ProtoTestTool\obj\project.assets.json"(이전 값: "c:\Work\backup\tcpaop\Tests\ProtoTestTool\obj\/project.assets.json")
       C:\Program Files\dotnet\sdk\9.0.309\Sdks\Microsoft.NET.Sdk\targets\Microsoft.PackageDependencyResolution.targets(29,5): message : 속성 재할당: $(ProjectAssetsCacheFile)=C:\Program Files\dotnet\sdk\9.0.309\Sdks\Microsoft.NET.Sdk\targets\Microsoft.PackageDependencyResolution.targets (29,5)의 "c:\Work\backup\tcpaop\Tests\ProtoTestTool\obj\Debug\net9.0-windows\ProtoTestTool.assets.cache"(이전 값: "obj\Debug\net9.0-windows\ProtoTestTool.assets.cache")
       C:\Program Files\dotnet\sdk\9.0.309\Sdks\Microsoft.NET.Sdk\targets\Microsoft.PackageDependencyResolution.targets(80,5): message : 속성 재할당: $(ResolveAssemblyReferencesDependsOn)=C:\Program Files\dotnet\sdk\9.0.309\Sdks\Microsoft.NET.Sdk\targets\Microsoft.PackageDependencyResolution.targets (80,5)의 "
       C:\Program Files\dotnet\sdk\9.0.309\Sdks\Microsoft.NET.Sdk\targets\Microsoft.PackageDependencyResolution.targets(80,5): message :       
       C:\Program Files\dotnet\sdk\9.0.309\Sdks\Microsoft.NET.Sdk\targets\Microsoft.PackageDependencyResolution.targets(80,5): message :       ResolveProjectReferences;
       C:\Program Files\dotnet\sdk\9.0.309\Sdks\Microsoft.NET.Sdk\targets\Microsoft.PackageDependencyResolution.targets(80,5): message :       FindInvalidProjectReferences;
       C:\Program Files\dotnet\sdk\9.0.309\Sdks\Microsoft.NET.Sdk\targets\Microsoft.PackageDependencyResolution.targets(80,5): message :       GetFrameworkPaths;
       C:\Program Files\dotnet\sdk\9.0.309\Sdks\Microsoft.NET.Sdk\targets\Microsoft.PackageDependencyResolution.targets(80,5): message :       GetReferenceAssemblyPaths;
       C:\Program Files\dotnet\sdk\9.0.309\Sdks\Microsoft.NET.Sdk\targets\Microsoft.PackageDependencyResolution.targets(80,5): message :       PrepareForBuild;
       C:\Program Files\dotnet\sdk\9.0.309\Sdks\Microsoft.NET.Sdk\targets\Microsoft.PackageDependencyResolution.targets(80,5): message :       ResolveSDKReferences;
       C:\Program Files\dotnet\sdk\9.0.309\Sdks\Microsoft.NET.Sdk\targets\Microsoft.PackageDependencyResolution.targets(80,5): message :       ExpandSDKReferences;
       C:\Program Files\dotnet\sdk\9.0.309\Sdks\Microsoft.NET.Sdk\targets\Microsoft.PackageDependencyResolution.targets(80,5): message :     ;
       C:\Program Files\dotnet\sdk\9.0.309\Sdks\Microsoft.NET.Sdk\targets\Microsoft.PackageDependencyResolution.targets(80,5): message :       ResolvePackageDependenciesForBuild;
       C:\Program Files\dotnet\sdk\9.0.309\Sdks\Microsoft.NET.Sdk\targets\Microsoft.PackageDependencyResolution.targets(80,5): message :       _HandlePackageFileConflicts;
       C:\Program Files\dotnet\sdk\9.0.309\Sdks\Microsoft.NET.Sdk\targets\Microsoft.PackageDependencyResolution.targets(80,5): message :     "(이전 값: "
       C:\Program Files\dotnet\sdk\9.0.309\Sdks\Microsoft.NET.Sdk\targets\Microsoft.PackageDependencyResolution.targets(80,5): message :       ResolveProjectReferences;
       C:\Program Files\dotnet\sdk\9.0.309\Sdks\Microsoft.NET.Sdk\targets\Microsoft.PackageDependencyResolution.targets(80,5): message :       FindInvalidProjectReferences;
       C:\Program Files\dotnet\sdk\9.0.309\Sdks\Microsoft.NET.Sdk\targets\Microsoft.PackageDependencyResolution.targets(80,5): message :       GetFrameworkPaths;
       C:\Program Files\dotnet\sdk\9.0.309\Sdks\Microsoft.NET.Sdk\targets\Microsoft.PackageDependencyResolution.targets(80,5): message :       GetReferenceAssemblyPaths;
       C:\Program Files\dotnet\sdk\9.0.309\Sdks\Microsoft.NET.Sdk\targets\Microsoft.PackageDependencyResolution.targets(80,5): message :       PrepareForBuild;
       C:\Program Files\dotnet\sdk\9.0.309\Sdks\Microsoft.NET.Sdk\targets\Microsoft.PackageDependencyResolution.targets(80,5): message :       ResolveSDKReferences;
       C:\Program Files\dotnet\sdk\9.0.309\Sdks\Microsoft.NET.Sdk\targets\Microsoft.PackageDependencyResolution.targets(80,5): message :       ExpandSDKReferences;
       C:\Program Files\dotnet\sdk\9.0.309\Sdks\Microsoft.NET.Sdk\targets\Microsoft.PackageDependencyResolution.targets(80,5): message :     ")
       C:\Program Files\dotnet\sdk\9.0.309\Sdks\Microsoft.NET.Sdk\targets\Microsoft.PackageDependencyResolution.targets(86,5): message : 속성 재할당: $(PrepareResourcesDependsOn)=C:\Program Files\dotnet\sdk\9.0.309\Sdks\Microsoft.NET.Sdk\targets\Microsoft.PackageDependencyResolution.targets (86,5)의 "
       C:\Program Files\dotnet\sdk\9.0.309\Sdks\Microsoft.NET.Sdk\targets\Microsoft.PackageDependencyResolution.targets(86,5): message :       ResolvePackageDependenciesForBuild;
       C:\Program Files\dotnet\sdk\9.0.309\Sdks\Microsoft.NET.Sdk\targets\Microsoft.PackageDependencyResolution.targets(86,5): message :       _HandlePackageFileConflicts;
       C:\Program Files\dotnet\sdk\9.0.309\Sdks\Microsoft.NET.Sdk\targets\Microsoft.PackageDependencyResolution.targets(86,5): message :       
       C:\Program Files\dotnet\sdk\9.0.309\Sdks\Microsoft.NET.Sdk\targets\Microsoft.PackageDependencyResolution.targets(86,5): message :       ;
       C:\Program Files\dotnet\sdk\9.0.309\Sdks\Microsoft.NET.Sdk\targets\Microsoft.PackageDependencyResolution.targets(86,5): message :       PrepareResourceNames;
       C:\Program Files\dotnet\sdk\9.0.309\Sdks\Microsoft.NET.Sdk\targets\Microsoft.PackageDependencyResolution.targets(86,5): message :       ResGen;
       C:\Program Files\dotnet\sdk\9.0.309\Sdks\Microsoft.NET.Sdk\targets\Microsoft.PackageDependencyResolution.targets(86,5): message :       CompileLicxFiles
       C:\Program Files\dotnet\sdk\9.0.309\Sdks\Microsoft.NET.Sdk\targets\Microsoft.PackageDependencyResolution.targets(86,5): message :     
       C:\Program Files\dotnet\sdk\9.0.309\Sdks\Microsoft.NET.Sdk\targets\Microsoft.PackageDependencyResolution.targets(86,5): message :     "(이전 값: "
       C:\Program Files\dotnet\sdk\9.0.309\Sdks\Microsoft.NET.Sdk\targets\Microsoft.PackageDependencyResolution.targets(86,5): message :       ;
       C:\Program Files\dotnet\sdk\9.0.309\Sdks\Microsoft.NET.Sdk\targets\Microsoft.PackageDependencyResolution.targets(86,5): message :       PrepareResourceNames;
       C:\Program Files\dotnet\sdk\9.0.309\Sdks\Microsoft.NET.Sdk\targets\Microsoft.PackageDependencyResolution.targets(86,5): message :       ResGen;
       C:\Program Files\dotnet\sdk\9.0.309\Sdks\Microsoft.NET.Sdk\targets\Microsoft.PackageDependencyResolution.targets(86,5): message :       CompileLicxFiles
       C:\Program Files\dotnet\sdk\9.0.309\Sdks\Microsoft.NET.Sdk\targets\Microsoft.PackageDependencyResolution.targets(86,5): message :     ")
       C:\Program Files\dotnet\sdk\9.0.309\Sdks\Microsoft.NET.Sdk\targets\Microsoft.NET.Sdk.DefaultItems.targets(27,5): message : 속성 재할당: $(DefaultItemExcludes)=C:\Program Files\dotnet\sdk\9.0.309\Sdks\Microsoft.NET.Sdk\targets\Microsoft.NET.Sdk.DefaultItems.targets (27,5)의 ";bin\Debug\/**;obj\Debug\/**;bin\/**"(이전 값: ";bin\Debug\/**;obj\Debug\/**")
       C:\Program Files\dotnet\sdk\9.0.309\Sdks\Microsoft.NET.Sdk\targets\Microsoft.NET.Sdk.DefaultItems.targets(29,5): message : 속성 재할당: $(DefaultItemExcludes)=C:\Program Files\dotnet\sdk\9.0.309\Sdks\Microsoft.NET.Sdk\targets\Microsoft.NET.Sdk.DefaultItems.targets (29,5)의 ";bin\Debug\/**;obj\Debug\/**;bin\/**;obj\/**"(이전 값: ";bin\Debug\/**;obj\Debug\/**;bin\/**")
       C:\Program Files\dotnet\sdk\9.0.309\Sdks\Microsoft.NET.Sdk\targets\Microsoft.NET.Sdk.DefaultItems.targets(32,5): message : 속성 재할당: $(DefaultItemExcludes)=C:\Program Files\dotnet\sdk\9.0.309\Sdks\Microsoft.NET.Sdk\targets\Microsoft.NET.Sdk.DefaultItems.targets (32,5)의 ";bin\Debug\/**;obj\Debug\/**;bin\/**;obj\/**;**/*.user"(이전 값: ";bin\Debug\/**;obj\Debug\/**;bin\/**;obj\/**")
       C:\Program Files\dotnet\sdk\9.0.309\Sdks\Microsoft.NET.Sdk\targets\Microsoft.NET.Sdk.DefaultItems.targets(33,5): message : 속성 재할당: $(DefaultItemExcludes)=C:\Program Files\dotnet\sdk\9.0.309\Sdks\Microsoft.NET.Sdk\targets\Microsoft.NET.Sdk.DefaultItems.targets (33,5)의 ";bin\Debug\/**;obj\Debug\/**;bin\/**;obj\/**;**/*.user;**/*.*proj"(이전 값: ";bin\Debug\/**;obj\Debug\/**;bin\/**;obj\/**;**/*.user")
       C:\Program Files\dotnet\sdk\9.0.309\Sdks\Microsoft.NET.Sdk\targets\Microsoft.NET.Sdk.DefaultItems.targets(34,5): message : 속성 재할당: $(DefaultItemExcludes)=C:\Program Files\dotnet\sdk\9.0.309\Sdks\Microsoft.NET.Sdk\targets\Microsoft.NET.Sdk.DefaultItems.targets (34,5)의 ";bin\Debug\/**;obj\Debug\/**;bin\/**;obj\/**;**/*.user;**/*.*proj;**/*.sln"(이전 값: ";bin\Debug\/**;obj\Debug\/**;bin\/**;obj\/**;**/*.user;**/*.*proj")
       C:\Program Files\dotnet\sdk\9.0.309\Sdks\Microsoft.NET.Sdk\targets\Microsoft.NET.Sdk.DefaultItems.targets(35,5): message : 속성 재할당: $(DefaultItemExcludes)=C:\Program Files\dotnet\sdk\9.0.309\Sdks\Microsoft.NET.Sdk\targets\Microsoft.NET.Sdk.DefaultItems.targets (35,5)의 ";bin\Debug\/**;obj\Debug\/**;bin\/**;obj\/**;**/*.user;**/*.*proj;**/*.sln;**/*.slnx"(이전 값: ";bin\Debug\/**;obj\Debug\/**;bin\/**;obj\/**;**/*.user;**/*.*proj;**/*.sln")
       C:\Program Files\dotnet\sdk\9.0.309\Sdks\Microsoft.NET.Sdk\targets\Microsoft.NET.Sdk.DefaultItems.targets(36,5): message : 속성 재할당: $(DefaultItemExcludes)=C:\Program Files\dotnet\sdk\9.0.309\Sdks\Microsoft.NET.Sdk\targets\Microsoft.NET.Sdk.DefaultItems.targets (36,5)의 ";bin\Debug\/**;obj\Debug\/**;bin\/**;obj\/**;**/*.user;**/*.*proj;**/*.sln;**/*.slnx;**/*.vssscc"(이전 값: ";bin\Debug\/**;obj\Debug\/**;bin\/**;obj\/**;**/*.user;**/*.*proj;**/*.sln;**/*.slnx")
       C:\Program Files\dotnet\sdk\9.0.309\Sdks\Microsoft.NET.Sdk\targets\Microsoft.NET.Sdk.DefaultItems.targets(37,5): message : 속성 재할당: $(DefaultItemExcludes)=C:\Program Files\dotnet\sdk\9.0.309\Sdks\Microsoft.NET.Sdk\targets\Microsoft.NET.Sdk.DefaultItems.targets (37,5)의 ";bin\Debug\/**;obj\Debug\/**;bin\/**;obj\/**;**/*.user;**/*.*proj;**/*.sln;**/*.slnx;**/*.vssscc;**/.DS_Store"(이전 값: ";bin\Debug\/**;obj\Debug\/**;bin\/**;obj\/**;**/*.user;**/*.*proj;**/*.sln;**/*.slnx;**/*.vssscc")
       C:\Program Files\dotnet\sdk\9.0.309\Sdks\Microsoft.NET.Sdk\targets\Microsoft.NET.Sdk.FrameworkReferenceResolution.targets(14,5): message : 속성 재할당: $(ResolveAssemblyReferencesDependsOn)=C:\Program Files\dotnet\sdk\9.0.309\Sdks\Microsoft.NET.Sdk\targets\Microsoft.NET.Sdk.FrameworkReferenceResolution.targets (14,5)의 "
       C:\Program Files\dotnet\sdk\9.0.309\Sdks\Microsoft.NET.Sdk\targets\Microsoft.NET.Sdk.FrameworkReferenceResolution.targets(14,5): message :       
       C:\Program Files\dotnet\sdk\9.0.309\Sdks\Microsoft.NET.Sdk\targets\Microsoft.NET.Sdk.FrameworkReferenceResolution.targets(14,5): message :       
       C:\Program Files\dotnet\sdk\9.0.309\Sdks\Microsoft.NET.Sdk\targets\Microsoft.NET.Sdk.FrameworkReferenceResolution.targets(14,5): message :       ResolveProjectReferences;
       C:\Program Files\dotnet\sdk\9.0.309\Sdks\Microsoft.NET.Sdk\targets\Microsoft.NET.Sdk.FrameworkReferenceResolution.targets(14,5): message :       FindInvalidProjectReferences;
       C:\Program Files\dotnet\sdk\9.0.309\Sdks\Microsoft.NET.Sdk\targets\Microsoft.NET.Sdk.FrameworkReferenceResolution.targets(14,5): message :       GetFrameworkPaths;
       C:\Program Files\dotnet\sdk\9.0.309\Sdks\Microsoft.NET.Sdk\targets\Microsoft.NET.Sdk.FrameworkReferenceResolution.targets(14,5): message :       GetReferenceAssemblyPaths;
       C:\Program Files\dotnet\sdk\9.0.309\Sdks\Microsoft.NET.Sdk\targets\Microsoft.NET.Sdk.FrameworkReferenceResolution.targets(14,5): message :       PrepareForBuild;
       C:\Program Files\dotnet\sdk\9.0.309\Sdks\Microsoft.NET.Sdk\targets\Microsoft.NET.Sdk.FrameworkReferenceResolution.targets(14,5): message :       ResolveSDKReferences;
       C:\Program Files\dotnet\sdk\9.0.309\Sdks\Microsoft.NET.Sdk\targets\Microsoft.NET.Sdk.FrameworkReferenceResolution.targets(14,5): message :       ExpandSDKReferences;
       C:\Program Files\dotnet\sdk\9.0.309\Sdks\Microsoft.NET.Sdk\targets\Microsoft.NET.Sdk.FrameworkReferenceResolution.targets(14,5): message :     ;
       C:\Program Files\dotnet\sdk\9.0.309\Sdks\Microsoft.NET.Sdk\targets\Microsoft.NET.Sdk.FrameworkReferenceResolution.targets(14,5): message :       ResolvePackageDependenciesForBuild;
       C:\Program Files\dotnet\sdk\9.0.309\Sdks\Microsoft.NET.Sdk\targets\Microsoft.NET.Sdk.FrameworkReferenceResolution.targets(14,5): message :       _HandlePackageFileConflicts;
       C:\Program Files\dotnet\sdk\9.0.309\Sdks\Microsoft.NET.Sdk\targets\Microsoft.NET.Sdk.FrameworkReferenceResolution.targets(14,5): message :     ;
       C:\Program Files\dotnet\sdk\9.0.309\Sdks\Microsoft.NET.Sdk\targets\Microsoft.NET.Sdk.FrameworkReferenceResolution.targets(14,5): message :       ResolveTargetingPackAssets;
       C:\Program Files\dotnet\sdk\9.0.309\Sdks\Microsoft.NET.Sdk\targets\Microsoft.NET.Sdk.FrameworkReferenceResolution.targets(14,5): message :     "(이전 값: "
       C:\Program Files\dotnet\sdk\9.0.309\Sdks\Microsoft.NET.Sdk\targets\Microsoft.NET.Sdk.FrameworkReferenceResolution.targets(14,5): message :       
       C:\Program Files\dotnet\sdk\9.0.309\Sdks\Microsoft.NET.Sdk\targets\Microsoft.NET.Sdk.FrameworkReferenceResolution.targets(14,5): message :       ResolveProjectReferences;
       C:\Program Files\dotnet\sdk\9.0.309\Sdks\Microsoft.NET.Sdk\targets\Microsoft.NET.Sdk.FrameworkReferenceResolution.targets(14,5): message :       FindInvalidProjectReferences;
       C:\Program Files\dotnet\sdk\9.0.309\Sdks\Microsoft.NET.Sdk\targets\Microsoft.NET.Sdk.FrameworkReferenceResolution.targets(14,5): message :       GetFrameworkPaths;
       C:\Program Files\dotnet\sdk\9.0.309\Sdks\Microsoft.NET.Sdk\targets\Microsoft.NET.Sdk.FrameworkReferenceResolution.targets(14,5): message :       GetReferenceAssemblyPaths;
       C:\Program Files\dotnet\sdk\9.0.309\Sdks\Microsoft.NET.Sdk\targets\Microsoft.NET.Sdk.FrameworkReferenceResolution.targets(14,5): message :       PrepareForBuild;
       C:\Program Files\dotnet\sdk\9.0.309\Sdks\Microsoft.NET.Sdk\targets\Microsoft.NET.Sdk.FrameworkReferenceResolution.targets(14,5): message :       ResolveSDKReferences;
       C:\Program Files\dotnet\sdk\9.0.309\Sdks\Microsoft.NET.Sdk\targets\Microsoft.NET.Sdk.FrameworkReferenceResolution.targets(14,5): message :       ExpandSDKReferences;
       C:\Program Files\dotnet\sdk\9.0.309\Sdks\Microsoft.NET.Sdk\targets\Microsoft.NET.Sdk.FrameworkReferenceResolution.targets(14,5): message :     ;
       C:\Program Files\dotnet\sdk\9.0.309\Sdks\Microsoft.NET.Sdk\targets\Microsoft.NET.Sdk.FrameworkReferenceResolution.targets(14,5): message :       ResolvePackageDependenciesForBuild;
       C:\Program Files\dotnet\sdk\9.0.309\Sdks\Microsoft.NET.Sdk\targets\Microsoft.NET.Sdk.FrameworkReferenceResolution.targets(14,5): message :       _HandlePackageFileConflicts;
       C:\Program Files\dotnet\sdk\9.0.309\Sdks\Microsoft.NET.Sdk\targets\Microsoft.NET.Sdk.FrameworkReferenceResolution.targets(14,5): message :     ")
       C:\Program Files\dotnet\sdk\9.0.309\Sdks\Microsoft.NET.Sdk\targets\Microsoft.NET.Sdk.targets(44,5): message : 속성 재할당: $(_GenerateRuntimeConfigurationPropertyInputsCache)=C:\Program Files\dotnet\sdk\9.0.309\Sdks\Microsoft.NET.Sdk\targets\Microsoft.NET.Sdk.targets (44,5)의 "c:\Work\backup\tcpaop\Tests\ProtoTestTool\obj\Debug\net9.0-windows\ProtoTestTool.genruntimeconfig.cache"(이전 값: "obj\Debug\net9.0-windows\ProtoTestTool.genruntimeconfig.cache")
       C:\Program Files\dotnet\sdk\9.0.309\Sdks\Microsoft.NET.Sdk\targets\Microsoft.NET.Sdk.targets(46,5): message : 속성 재할당: $(_GeneratePublishDependencyFilePropertyInputsCache)=C:\Program Files\dotnet\sdk\9.0.309\Sdks\Microsoft.NET.Sdk\targets\Microsoft.NET.Sdk.targets (46,5)의 "c:\Work\backup\tcpaop\Tests\ProtoTestTool\obj\Debug\net9.0-windows\ProtoTestTool.genpublishdeps.cache"(이전 값: "obj\Debug\net9.0-windows\ProtoTestTool.genpublishdeps.cache")
       C:\Program Files\dotnet\sdk\9.0.309\Sdks\Microsoft.NET.Sdk\targets\Microsoft.NET.Sdk.targets(48,5): message : 속성 재할당: $(_GenerateSingleFileBundlePropertyInputsCache)=C:\Program Files\dotnet\sdk\9.0.309\Sdks\Microsoft.NET.Sdk\targets\Microsoft.NET.Sdk.targets (48,5)의 "c:\Work\backup\tcpaop\Tests\ProtoTestTool\obj\Debug\net9.0-windows\ProtoTestTool.genbundle.cache"(이전 값: "obj\Debug\net9.0-windows\ProtoTestTool.genbundle.cache")
       C:\Program Files\dotnet\sdk\9.0.309\Sdks\Microsoft.NET.Sdk\targets\Microsoft.NET.Sdk.targets(81,5): message : 속성 재할당: $(GenerateRuntimeConfigDevFile)=C:\Program Files\dotnet\sdk\9.0.309\Sdks\Microsoft.NET.Sdk\targets\Microsoft.NET.Sdk.targets (81,5)의 "false"(이전 값: "true")
       C:\Program Files\dotnet\sdk\9.0.309\Sdks\Microsoft.NET.Sdk\targets\Microsoft.NET.Sdk.targets(97,5): message : 환경에서 값이 'USERPROFILE'인 속성 'C:\Users\kentz'이(가) 확장되었습니다.
       C:\Program Files\dotnet\sdk\9.0.309\Sdks\Microsoft.NET.Sdk\targets\Microsoft.NET.Sdk.targets(97,5): message : 속성 재할당: $(_DefaultUserProfileRuntimeStorePath)=C:\Program Files\dotnet\sdk\9.0.309\Sdks\Microsoft.NET.Sdk\targets\Microsoft.NET.Sdk.targets (97,5)의 "C:\Users\kentz"(이전 값: "")
       C:\Program Files\dotnet\sdk\9.0.309\Sdks\Microsoft.NET.Sdk\targets\Microsoft.NET.Sdk.targets(98,5): message : 속성 재할당: $(_DefaultUserProfileRuntimeStorePath)=C:\Program Files\dotnet\sdk\9.0.309\Sdks\Microsoft.NET.Sdk\targets\Microsoft.NET.Sdk.targets (98,5)의 "C:\Users\kentz\.dotnet\store"(이전 값: "C:\Users\kentz")
       C:\Program Files\dotnet\sdk\9.0.309\Sdks\Microsoft.NET.Sdk\targets\Microsoft.NET.Sdk.targets(140,5): message : 속성 재할당: $(AvailablePlatforms)=C:\Program Files\dotnet\sdk\9.0.309\Sdks\Microsoft.NET.Sdk\targets\Microsoft.NET.Sdk.targets (140,5)의 "Any CPU,x86,x64,ARM32"(이전 값: "Any CPU,x86,x64")
       C:\Program Files\dotnet\sdk\9.0.309\Sdks\Microsoft.NET.Sdk\targets\Microsoft.NET.Sdk.targets(144,5): message : 속성 재할당: $(AvailablePlatforms)=C:\Program Files\dotnet\sdk\9.0.309\Sdks\Microsoft.NET.Sdk\targets\Microsoft.NET.Sdk.targets (144,5)의 "Any CPU,x86,x64,ARM32,ARM64"(이전 값: "Any CPU,x86,x64,ARM32")
       C:\Program Files\dotnet\sdk\9.0.309\Sdks\Microsoft.NET.Sdk\targets\Microsoft.NET.Sdk.targets(201,5): message : 속성 재할당: $(CoreBuildDependsOn)=C:\Program Files\dotnet\sdk\9.0.309\Sdks\Microsoft.NET.Sdk\targets\Microsoft.NET.Sdk.targets (201,5)의 "
       C:\Program Files\dotnet\sdk\9.0.309\Sdks\Microsoft.NET.Sdk\targets\Microsoft.NET.Sdk.targets(201,5): message :       _CheckForBuildWithNoBuild;
       C:\Program Files\dotnet\sdk\9.0.309\Sdks\Microsoft.NET.Sdk\targets\Microsoft.NET.Sdk.targets(201,5): message :       
       C:\Program Files\dotnet\sdk\9.0.309\Sdks\Microsoft.NET.Sdk\targets\Microsoft.NET.Sdk.targets(201,5): message :       BuildOnlySettings;
       C:\Program Files\dotnet\sdk\9.0.309\Sdks\Microsoft.NET.Sdk\targets\Microsoft.NET.Sdk.targets(201,5): message :       PrepareForBuild;
       C:\Program Files\dotnet\sdk\9.0.309\Sdks\Microsoft.NET.Sdk\targets\Microsoft.NET.Sdk.targets(201,5): message :       PreBuildEvent;
       C:\Program Files\dotnet\sdk\9.0.309\Sdks\Microsoft.NET.Sdk\targets\Microsoft.NET.Sdk.targets(201,5): message :       ResolveReferences;
       C:\Program Files\dotnet\sdk\9.0.309\Sdks\Microsoft.NET.Sdk\targets\Microsoft.NET.Sdk.targets(201,5): message :       PrepareResources;
       C:\Program Files\dotnet\sdk\9.0.309\Sdks\Microsoft.NET.Sdk\targets\Microsoft.NET.Sdk.targets(201,5): message :       ResolveKeySource;
       C:\Program Files\dotnet\sdk\9.0.309\Sdks\Microsoft.NET.Sdk\targets\Microsoft.NET.Sdk.targets(201,5): message :       Compile;
       C:\Program Files\dotnet\sdk\9.0.309\Sdks\Microsoft.NET.Sdk\targets\Microsoft.NET.Sdk.targets(201,5): message :       ExportWindowsMDFile;
       C:\Program Files\dotnet\sdk\9.0.309\Sdks\Microsoft.NET.Sdk\targets\Microsoft.NET.Sdk.targets(201,5): message :       UnmanagedUnregistration;
       C:\Program Files\dotnet\sdk\9.0.309\Sdks\Microsoft.NET.Sdk\targets\Microsoft.NET.Sdk.targets(201,5): message :       GenerateSerializationAssemblies;
       C:\Program Files\dotnet\sdk\9.0.309\Sdks\Microsoft.NET.Sdk\targets\Microsoft.NET.Sdk.targets(201,5): message :       CreateSatelliteAssemblies;
       C:\Program Files\dotnet\sdk\9.0.309\Sdks\Microsoft.NET.Sdk\targets\Microsoft.NET.Sdk.targets(201,5): message :       GenerateManifests;
       C:\Program Files\dotnet\sdk\9.0.309\Sdks\Microsoft.NET.Sdk\targets\Microsoft.NET.Sdk.targets(201,5): message :       GetTargetPath;
       C:\Program Files\dotnet\sdk\9.0.309\Sdks\Microsoft.NET.Sdk\targets\Microsoft.NET.Sdk.targets(201,5): message :       PrepareForRun;
       C:\Program Files\dotnet\sdk\9.0.309\Sdks\Microsoft.NET.Sdk\targets\Microsoft.NET.Sdk.targets(201,5): message :       UnmanagedRegistration;
       C:\Program Files\dotnet\sdk\9.0.309\Sdks\Microsoft.NET.Sdk\targets\Microsoft.NET.Sdk.targets(201,5): message :       IncrementalClean;
       C:\Program Files\dotnet\sdk\9.0.309\Sdks\Microsoft.NET.Sdk\targets\Microsoft.NET.Sdk.targets(201,5): message :       PostBuildEvent
       C:\Program Files\dotnet\sdk\9.0.309\Sdks\Microsoft.NET.Sdk\targets\Microsoft.NET.Sdk.targets(201,5): message :     ;
       C:\Program Files\dotnet\sdk\9.0.309\Sdks\Microsoft.NET.Sdk\targets\Microsoft.NET.Sdk.targets(201,5): message :       GenerateBuildDependencyFile;
       C:\Program Files\dotnet\sdk\9.0.309\Sdks\Microsoft.NET.Sdk\targets\Microsoft.NET.Sdk.targets(201,5): message :       GenerateBuildRuntimeConfigurationFiles
       C:\Program Files\dotnet\sdk\9.0.309\Sdks\Microsoft.NET.Sdk\targets\Microsoft.NET.Sdk.targets(201,5): message :     "(이전 값: "
       C:\Program Files\dotnet\sdk\9.0.309\Sdks\Microsoft.NET.Sdk\targets\Microsoft.NET.Sdk.targets(201,5): message :       BuildOnlySettings;
       C:\Program Files\dotnet\sdk\9.0.309\Sdks\Microsoft.NET.Sdk\targets\Microsoft.NET.Sdk.targets(201,5): message :       PrepareForBuild;
       C:\Program Files\dotnet\sdk\9.0.309\Sdks\Microsoft.NET.Sdk\targets\Microsoft.NET.Sdk.targets(201,5): message :       PreBuildEvent;
       C:\Program Files\dotnet\sdk\9.0.309\Sdks\Microsoft.NET.Sdk\targets\Microsoft.NET.Sdk.targets(201,5): message :       ResolveReferences;
       C:\Program Files\dotnet\sdk\9.0.309\Sdks\Microsoft.NET.Sdk\targets\Microsoft.NET.Sdk.targets(201,5): message :       PrepareResources;
       C:\Program Files\dotnet\sdk\9.0.309\Sdks\Microsoft.NET.Sdk\targets\Microsoft.NET.Sdk.targets(201,5): message :       ResolveKeySource;
       C:\Program Files\dotnet\sdk\9.0.309\Sdks\Microsoft.NET.Sdk\targets\Microsoft.NET.Sdk.targets(201,5): message :       Compile;
       C:\Program Files\dotnet\sdk\9.0.309\Sdks\Microsoft.NET.Sdk\targets\Microsoft.NET.Sdk.targets(201,5): message :       ExportWindowsMDFile;
       C:\Program Files\dotnet\sdk\9.0.309\Sdks\Microsoft.NET.Sdk\targets\Microsoft.NET.Sdk.targets(201,5): message :       UnmanagedUnregistration;
       C:\Program Files\dotnet\sdk\9.0.309\Sdks\Microsoft.NET.Sdk\targets\Microsoft.NET.Sdk.targets(201,5): message :       GenerateSerializationAssemblies;
       C:\Program Files\dotnet\sdk\9.0.309\Sdks\Microsoft.NET.Sdk\targets\Microsoft.NET.Sdk.targets(201,5): message :       CreateSatelliteAssemblies;
       C:\Program Files\dotnet\sdk\9.0.309\Sdks\Microsoft.NET.Sdk\targets\Microsoft.NET.Sdk.targets(201,5): message :       GenerateManifests;
       C:\Program Files\dotnet\sdk\9.0.309\Sdks\Microsoft.NET.Sdk\targets\Microsoft.NET.Sdk.targets(201,5): message :       GetTargetPath;
       C:\Program Files\dotnet\sdk\9.0.309\Sdks\Microsoft.NET.Sdk\targets\Microsoft.NET.Sdk.targets(201,5): message :       PrepareForRun;
       C:\Program Files\dotnet\sdk\9.0.309\Sdks\Microsoft.NET.Sdk\targets\Microsoft.NET.Sdk.targets(201,5): message :       UnmanagedRegistration;
       C:\Program Files\dotnet\sdk\9.0.309\Sdks\Microsoft.NET.Sdk\targets\Microsoft.NET.Sdk.targets(201,5): message :       IncrementalClean;
       C:\Program Files\dotnet\sdk\9.0.309\Sdks\Microsoft.NET.Sdk\targets\Microsoft.NET.Sdk.targets(201,5): message :       PostBuildEvent
       C:\Program Files\dotnet\sdk\9.0.309\Sdks\Microsoft.NET.Sdk\targets\Microsoft.NET.Sdk.targets(201,5): message :     ")
       C:\Program Files\dotnet\sdk\9.0.309\Sdks\Microsoft.NET.Sdk\targets\Microsoft.NET.Sdk.targets(210,5): message : 속성 재할당: $(CoreCleanDependsOn)=C:\Program Files\dotnet\sdk\9.0.309\Sdks\Microsoft.NET.Sdk\targets\Microsoft.NET.Sdk.targets (210,5)의 "
       C:\Program Files\dotnet\sdk\9.0.309\Sdks\Microsoft.NET.Sdk\targets\Microsoft.NET.Sdk.targets(210,5): message :       _SdkBeforeClean;
       C:\Program Files\dotnet\sdk\9.0.309\Sdks\Microsoft.NET.Sdk\targets\Microsoft.NET.Sdk.targets(210,5): message :       
       C:\Program Files\dotnet\sdk\9.0.309\Sdks\Microsoft.NET.Sdk\targets\Microsoft.NET.Sdk.targets(210,5): message :     "(이전 값: "")
       C:\Program Files\dotnet\sdk\9.0.309\Sdks\Microsoft.NET.Sdk\targets\Microsoft.NET.Sdk.targets(217,5): message : 속성 재할당: $(RebuildDependsOn)=C:\Program Files\dotnet\sdk\9.0.309\Sdks\Microsoft.NET.Sdk\targets\Microsoft.NET.Sdk.targets (217,5)의 "
       C:\Program Files\dotnet\sdk\9.0.309\Sdks\Microsoft.NET.Sdk\targets\Microsoft.NET.Sdk.targets(217,5): message :       _SdkBeforeRebuild;
       C:\Program Files\dotnet\sdk\9.0.309\Sdks\Microsoft.NET.Sdk\targets\Microsoft.NET.Sdk.targets(217,5): message :       
       C:\Program Files\dotnet\sdk\9.0.309\Sdks\Microsoft.NET.Sdk\targets\Microsoft.NET.Sdk.targets(217,5): message :       BeforeRebuild;
       C:\Program Files\dotnet\sdk\9.0.309\Sdks\Microsoft.NET.Sdk\targets\Microsoft.NET.Sdk.targets(217,5): message :       Clean;
       C:\Program Files\dotnet\sdk\9.0.309\Sdks\Microsoft.NET.Sdk\targets\Microsoft.NET.Sdk.targets(217,5): message :       Build;
       C:\Program Files\dotnet\sdk\9.0.309\Sdks\Microsoft.NET.Sdk\targets\Microsoft.NET.Sdk.targets(217,5): message :       AfterRebuild;
       C:\Program Files\dotnet\sdk\9.0.309\Sdks\Microsoft.NET.Sdk\targets\Microsoft.NET.Sdk.targets(217,5): message :     
       C:\Program Files\dotnet\sdk\9.0.309\Sdks\Microsoft.NET.Sdk\targets\Microsoft.NET.Sdk.targets(217,5): message :     "(이전 값: "
       C:\Program Files\dotnet\sdk\9.0.309\Sdks\Microsoft.NET.Sdk\targets\Microsoft.NET.Sdk.targets(217,5): message :       BeforeRebuild;
       C:\Program Files\dotnet\sdk\9.0.309\Sdks\Microsoft.NET.Sdk\targets\Microsoft.NET.Sdk.targets(217,5): message :       Clean;
       C:\Program Files\dotnet\sdk\9.0.309\Sdks\Microsoft.NET.Sdk\targets\Microsoft.NET.Sdk.targets(217,5): message :       Build;
       C:\Program Files\dotnet\sdk\9.0.309\Sdks\Microsoft.NET.Sdk\targets\Microsoft.NET.Sdk.targets(217,5): message :       AfterRebuild;
       C:\Program Files\dotnet\sdk\9.0.309\Sdks\Microsoft.NET.Sdk\targets\Microsoft.NET.Sdk.targets(217,5): message :     ")
       C:\Program Files\dotnet\sdk\9.0.309\Sdks\Microsoft.NET.Sdk\targets\Microsoft.NET.Sdk.targets(784,5): message : 속성 재할당: $(CompileDependsOn)=C:\Program Files\dotnet\sdk\9.0.309\Sdks\Microsoft.NET.Sdk\targets\Microsoft.NET.Sdk.targets (784,5)의 "
       C:\Program Files\dotnet\sdk\9.0.309\Sdks\Microsoft.NET.Sdk\targets\Microsoft.NET.Sdk.targets(784,5): message :       
       C:\Program Files\dotnet\sdk\9.0.309\Sdks\Microsoft.NET.Sdk\targets\Microsoft.NET.Sdk.targets(784,5): message :       ResolveReferences;
       C:\Program Files\dotnet\sdk\9.0.309\Sdks\Microsoft.NET.Sdk\targets\Microsoft.NET.Sdk.targets(784,5): message :       ResolveKeySource;
       C:\Program Files\dotnet\sdk\9.0.309\Sdks\Microsoft.NET.Sdk\targets\Microsoft.NET.Sdk.targets(784,5): message :       SetWin32ManifestProperties;
       C:\Program Files\dotnet\sdk\9.0.309\Sdks\Microsoft.NET.Sdk\targets\Microsoft.NET.Sdk.targets(784,5): message :       _SetPreferNativeArm64Win32ManifestProperties;
       C:\Program Files\dotnet\sdk\9.0.309\Sdks\Microsoft.NET.Sdk\targets\Microsoft.NET.Sdk.targets(784,5): message :       FindReferenceAssembliesForReferences;
       C:\Program Files\dotnet\sdk\9.0.309\Sdks\Microsoft.NET.Sdk\targets\Microsoft.NET.Sdk.targets(784,5): message :       _GenerateCompileInputs;
       C:\Program Files\dotnet\sdk\9.0.309\Sdks\Microsoft.NET.Sdk\targets\Microsoft.NET.Sdk.targets(784,5): message :       BeforeCompile;
       C:\Program Files\dotnet\sdk\9.0.309\Sdks\Microsoft.NET.Sdk\targets\Microsoft.NET.Sdk.targets(784,5): message :       _TimeStampBeforeCompile;
       C:\Program Files\dotnet\sdk\9.0.309\Sdks\Microsoft.NET.Sdk\targets\Microsoft.NET.Sdk.targets(784,5): message :       _GenerateCompileDependencyCache;
       C:\Program Files\dotnet\sdk\9.0.309\Sdks\Microsoft.NET.Sdk\targets\Microsoft.NET.Sdk.targets(784,5): message :       CoreCompile;
       C:\Program Files\dotnet\sdk\9.0.309\Sdks\Microsoft.NET.Sdk\targets\Microsoft.NET.Sdk.targets(784,5): message :       _TimeStampAfterCompile;
       C:\Program Files\dotnet\sdk\9.0.309\Sdks\Microsoft.NET.Sdk\targets\Microsoft.NET.Sdk.targets(784,5): message :       AfterCompile;
       C:\Program Files\dotnet\sdk\9.0.309\Sdks\Microsoft.NET.Sdk\targets\Microsoft.NET.Sdk.targets(784,5): message :     ;
       C:\Program Files\dotnet\sdk\9.0.309\Sdks\Microsoft.NET.Sdk\targets\Microsoft.NET.Sdk.targets(784,5): message :       _CreateAppHost;
       C:\Program Files\dotnet\sdk\9.0.309\Sdks\Microsoft.NET.Sdk\targets\Microsoft.NET.Sdk.targets(784,5): message :       _CreateComHost;
       C:\Program Files\dotnet\sdk\9.0.309\Sdks\Microsoft.NET.Sdk\targets\Microsoft.NET.Sdk.targets(784,5): message :       _GetIjwHostPaths;
       C:\Program Files\dotnet\sdk\9.0.309\Sdks\Microsoft.NET.Sdk\targets\Microsoft.NET.Sdk.targets(784,5): message :     "(이전 값: "
       C:\Program Files\dotnet\sdk\9.0.309\Sdks\Microsoft.NET.Sdk\targets\Microsoft.NET.Sdk.targets(784,5): message :       ResolveReferences;
       C:\Program Files\dotnet\sdk\9.0.309\Sdks\Microsoft.NET.Sdk\targets\Microsoft.NET.Sdk.targets(784,5): message :       ResolveKeySource;
       C:\Program Files\dotnet\sdk\9.0.309\Sdks\Microsoft.NET.Sdk\targets\Microsoft.NET.Sdk.targets(784,5): message :       SetWin32ManifestProperties;
       C:\Program Files\dotnet\sdk\9.0.309\Sdks\Microsoft.NET.Sdk\targets\Microsoft.NET.Sdk.targets(784,5): message :       _SetPreferNativeArm64Win32ManifestProperties;
       C:\Program Files\dotnet\sdk\9.0.309\Sdks\Microsoft.NET.Sdk\targets\Microsoft.NET.Sdk.targets(784,5): message :       FindReferenceAssembliesForReferences;
       C:\Program Files\dotnet\sdk\9.0.309\Sdks\Microsoft.NET.Sdk\targets\Microsoft.NET.Sdk.targets(784,5): message :       _GenerateCompileInputs;
       C:\Program Files\dotnet\sdk\9.0.309\Sdks\Microsoft.NET.Sdk\targets\Microsoft.NET.Sdk.targets(784,5): message :       BeforeCompile;
       C:\Program Files\dotnet\sdk\9.0.309\Sdks\Microsoft.NET.Sdk\targets\Microsoft.NET.Sdk.targets(784,5): message :       _TimeStampBeforeCompile;
       C:\Program Files\dotnet\sdk\9.0.309\Sdks\Microsoft.NET.Sdk\targets\Microsoft.NET.Sdk.targets(784,5): message :       _GenerateCompileDependencyCache;
       C:\Program Files\dotnet\sdk\9.0.309\Sdks\Microsoft.NET.Sdk\targets\Microsoft.NET.Sdk.targets(784,5): message :       CoreCompile;
       C:\Program Files\dotnet\sdk\9.0.309\Sdks\Microsoft.NET.Sdk\targets\Microsoft.NET.Sdk.targets(784,5): message :       _TimeStampAfterCompile;
       C:\Program Files\dotnet\sdk\9.0.309\Sdks\Microsoft.NET.Sdk\targets\Microsoft.NET.Sdk.targets(784,5): message :       AfterCompile;
       C:\Program Files\dotnet\sdk\9.0.309\Sdks\Microsoft.NET.Sdk\targets\Microsoft.NET.Sdk.targets(784,5): message :     ")
       C:\Program Files\dotnet\sdk\9.0.309\Sdks\Microsoft.NET.Sdk\targets\Microsoft.NET.Sdk.targets(1184,5): message : 속성 재할당: $(CreateSatelliteAssembliesDependsOn)=C:\Program Files\dotnet\sdk\9.0.309\Sdks\Microsoft.NET.Sdk\targets\Microsoft.NET.Sdk.targets (1184,5)의 "
       C:\Program Files\dotnet\sdk\9.0.309\Sdks\Microsoft.NET.Sdk\targets\Microsoft.NET.Sdk.targets(1184,5): message :       
       C:\Program Files\dotnet\sdk\9.0.309\Sdks\Microsoft.NET.Sdk\targets\Microsoft.NET.Sdk.targets(1184,5): message :       ;
       C:\Program Files\dotnet\sdk\9.0.309\Sdks\Microsoft.NET.Sdk\targets\Microsoft.NET.Sdk.targets(1184,5): message :       _GenerateSatelliteAssemblyInputs;
       C:\Program Files\dotnet\sdk\9.0.309\Sdks\Microsoft.NET.Sdk\targets\Microsoft.NET.Sdk.targets(1184,5): message :       ComputeIntermediateSatelliteAssemblies;
       C:\Program Files\dotnet\sdk\9.0.309\Sdks\Microsoft.NET.Sdk\targets\Microsoft.NET.Sdk.targets(1184,5): message :       GenerateSatelliteAssemblies
       C:\Program Files\dotnet\sdk\9.0.309\Sdks\Microsoft.NET.Sdk\targets\Microsoft.NET.Sdk.targets(1184,5): message :     ;
       C:\Program Files\dotnet\sdk\9.0.309\Sdks\Microsoft.NET.Sdk\targets\Microsoft.NET.Sdk.targets(1184,5): message :       CoreGenerateSatelliteAssemblies
       C:\Program Files\dotnet\sdk\9.0.309\Sdks\Microsoft.NET.Sdk\targets\Microsoft.NET.Sdk.targets(1184,5): message :     "(이전 값: "
       C:\Program Files\dotnet\sdk\9.0.309\Sdks\Microsoft.NET.Sdk\targets\Microsoft.NET.Sdk.targets(1184,5): message :       ;
       C:\Program Files\dotnet\sdk\9.0.309\Sdks\Microsoft.NET.Sdk\targets\Microsoft.NET.Sdk.targets(1184,5): message :       _GenerateSatelliteAssemblyInputs;
       C:\Program Files\dotnet\sdk\9.0.309\Sdks\Microsoft.NET.Sdk\targets\Microsoft.NET.Sdk.targets(1184,5): message :       ComputeIntermediateSatelliteAssemblies;
       C:\Program Files\dotnet\sdk\9.0.309\Sdks\Microsoft.NET.Sdk\targets\Microsoft.NET.Sdk.targets(1184,5): message :       GenerateSatelliteAssemblies
       C:\Program Files\dotnet\sdk\9.0.309\Sdks\Microsoft.NET.Sdk\targets\Microsoft.NET.Sdk.targets(1184,5): message :     ")
       C:\Program Files\dotnet\sdk\9.0.309\Sdks\Microsoft.SourceLink.GitLab\build\Microsoft.SourceLink.GitLab.targets(12,5): message : 속성 재할당: $(SourceLinkUrlInitializerTargets)=C:\Program Files\dotnet\sdk\9.0.309\Sdks\Microsoft.SourceLink.GitLab\build\Microsoft.SourceLink.GitLab.targets (12,5)의 ";_InitializeGitHubSourceLinkUrl;_InitializeGitLabSourceLinkUrl"(이전 값: ";_InitializeGitHubSourceLinkUrl")
       C:\Program Files\dotnet\sdk\9.0.309\Sdks\Microsoft.SourceLink.GitLab\build\Microsoft.SourceLink.GitLab.targets(13,5): message : 속성 재할당: $(SourceControlManagerUrlTranslationTargets)=C:\Program Files\dotnet\sdk\9.0.309\Sdks\Microsoft.SourceLink.GitLab\build\Microsoft.SourceLink.GitLab.targets (13,5)의 ";TranslateGitHubUrlsInSourceControlInformation;TranslateGitLabUrlsInSourceControlInformation"(이전 값: ";TranslateGitHubUrlsInSourceControlInformation")
       C:\Program Files\dotnet\sdk\9.0.309\Sdks\Microsoft.SourceLink.AzureRepos.Git\build\Microsoft.SourceLink.AzureRepos.Git.targets(12,5): message : 속성 재할당: $(SourceLinkUrlInitializerTargets)=C:\Program Files\dotnet\sdk\9.0.309\Sdks\Microsoft.SourceLink.AzureRepos.Git\build\Microsoft.SourceLink.AzureRepos.Git.targets (12,5)의 ";_InitializeGitHubSourceLinkUrl;_InitializeGitLabSourceLinkUrl;_InitializeAzureReposGitSourceLinkUrl"(이전 값: ";_InitializeGitHubSourceLinkUrl;_InitializeGitLabSourceLinkUrl")
       C:\Program Files\dotnet\sdk\9.0.309\Sdks\Microsoft.SourceLink.AzureRepos.Git\build\Microsoft.SourceLink.AzureRepos.Git.targets(13,5): message : 속성 재할당: $(SourceControlManagerUrlTranslationTargets)=C:\Program Files\dotnet\sdk\9.0.309\Sdks\Microsoft.SourceLink.AzureRepos.Git\build\Microsoft.SourceLink.AzureRepos.Git.targets (13,5)의 ";TranslateGitHubUrlsInSourceControlInformation;TranslateGitLabUrlsInSourceControlInformation;TranslateAzureReposGitUrlsInSourceControlInformation"(이전 값: ";TranslateGitHubUrlsInSourceControlInformation;TranslateGitLabUrlsInSourceControlInformation")
       C:\Program Files\dotnet\sdk\9.0.309\Sdks\Microsoft.SourceLink.Bitbucket.Git\build\Microsoft.SourceLink.Bitbucket.Git.targets(12,5): message : 속성 재할당: $(SourceLinkUrlInitializerTargets)=C:\Program Files\dotnet\sdk\9.0.309\Sdks\Microsoft.SourceLink.Bitbucket.Git\build\Microsoft.SourceLink.Bitbucket.Git.targets (12,5)의 ";_InitializeGitHubSourceLinkUrl;_InitializeGitLabSourceLinkUrl;_InitializeAzureReposGitSourceLinkUrl;_InitializeBitbucketGitSourceLinkUrl"(이전 값: ";_InitializeGitHubSourceLinkUrl;_InitializeGitLabSourceLinkUrl;_InitializeAzureReposGitSourceLinkUrl")
       C:\Program Files\dotnet\sdk\9.0.309\Sdks\Microsoft.SourceLink.Bitbucket.Git\build\Microsoft.SourceLink.Bitbucket.Git.targets(13,5): message : 속성 재할당: $(SourceControlManagerUrlTranslationTargets)=C:\Program Files\dotnet\sdk\9.0.309\Sdks\Microsoft.SourceLink.Bitbucket.Git\build\Microsoft.SourceLink.Bitbucket.Git.targets (13,5)의 ";TranslateGitHubUrlsInSourceControlInformation;TranslateGitLabUrlsInSourceControlInformation;TranslateAzureReposGitUrlsInSourceControlInformation;TranslateBitbucketGitUrlsInSourceControlInformation"(이전 값: ";TranslateGitHubUrlsInSourceControlInformation;TranslateGitLabUrlsInSourceControlInformation;TranslateAzureReposGitUrlsInSourceControlInformation")
       C:\Program Files\dotnet\sdk\9.0.309\Sdks\Microsoft.NET.Sdk\targets\Microsoft.NET.DesignerSupport.targets(21,5): message : 속성 재할당: $(DesignerRuntimeImplementationProjectOutputGroupDependsOn)=C:\Program Files\dotnet\sdk\9.0.309\Sdks\Microsoft.NET.Sdk\targets\Microsoft.NET.DesignerSupport.targets (21,5)의 "
       C:\Program Files\dotnet\sdk\9.0.309\Sdks\Microsoft.NET.Sdk\targets\Microsoft.NET.DesignerSupport.targets(21,5): message :       
       C:\Program Files\dotnet\sdk\9.0.309\Sdks\Microsoft.NET.Sdk\targets\Microsoft.NET.DesignerSupport.targets(21,5): message :       ;
       C:\Program Files\dotnet\sdk\9.0.309\Sdks\Microsoft.NET.Sdk\targets\Microsoft.NET.DesignerSupport.targets(21,5): message :       
       C:\Program Files\dotnet\sdk\9.0.309\Sdks\Microsoft.NET.Sdk\targets\Microsoft.NET.DesignerSupport.targets(21,5): message :       ;
       C:\Program Files\dotnet\sdk\9.0.309\Sdks\Microsoft.NET.Sdk\targets\Microsoft.NET.DesignerSupport.targets(21,5): message :       BuildOnlySettings;
       C:\Program Files\dotnet\sdk\9.0.309\Sdks\Microsoft.NET.Sdk\targets\Microsoft.NET.DesignerSupport.targets(21,5): message :       PrepareForBuild;
       C:\Program Files\dotnet\sdk\9.0.309\Sdks\Microsoft.NET.Sdk\targets\Microsoft.NET.DesignerSupport.targets(21,5): message :       AssignTargetPaths;
       C:\Program Files\dotnet\sdk\9.0.309\Sdks\Microsoft.NET.Sdk\targets\Microsoft.NET.DesignerSupport.targets(21,5): message :       ResolveReferences
       C:\Program Files\dotnet\sdk\9.0.309\Sdks\Microsoft.NET.Sdk\targets\Microsoft.NET.DesignerSupport.targets(21,5): message :     
       C:\Program Files\dotnet\sdk\9.0.309\Sdks\Microsoft.NET.Sdk\targets\Microsoft.NET.DesignerSupport.targets(21,5): message :     ;
       C:\Program Files\dotnet\sdk\9.0.309\Sdks\Microsoft.NET.Sdk\targets\Microsoft.NET.DesignerSupport.targets(21,5): message :       _GenerateDesignerDepsFile;
       C:\Program Files\dotnet\sdk\9.0.309\Sdks\Microsoft.NET.Sdk\targets\Microsoft.NET.DesignerSupport.targets(21,5): message :       _GenerateDesignerRuntimeConfigFile;
       C:\Program Files\dotnet\sdk\9.0.309\Sdks\Microsoft.NET.Sdk\targets\Microsoft.NET.DesignerSupport.targets(21,5): message :       GetCopyToOutputDirectoryItems;
       C:\Program Files\dotnet\sdk\9.0.309\Sdks\Microsoft.NET.Sdk\targets\Microsoft.NET.DesignerSupport.targets(21,5): message :       _GatherDesignerShadowCopyFiles;
       C:\Program Files\dotnet\sdk\9.0.309\Sdks\Microsoft.NET.Sdk\targets\Microsoft.NET.DesignerSupport.targets(21,5): message :     "(이전 값: "
       C:\Program Files\dotnet\sdk\9.0.309\Sdks\Microsoft.NET.Sdk\targets\Microsoft.NET.DesignerSupport.targets(21,5): message :       ;
       C:\Program Files\dotnet\sdk\9.0.309\Sdks\Microsoft.NET.Sdk\targets\Microsoft.NET.DesignerSupport.targets(21,5): message :       
       C:\Program Files\dotnet\sdk\9.0.309\Sdks\Microsoft.NET.Sdk\targets\Microsoft.NET.DesignerSupport.targets(21,5): message :       ;
       C:\Program Files\dotnet\sdk\9.0.309\Sdks\Microsoft.NET.Sdk\targets\Microsoft.NET.DesignerSupport.targets(21,5): message :       BuildOnlySettings;
       C:\Program Files\dotnet\sdk\9.0.309\Sdks\Microsoft.NET.Sdk\targets\Microsoft.NET.DesignerSupport.targets(21,5): message :       PrepareForBuild;
       C:\Program Files\dotnet\sdk\9.0.309\Sdks\Microsoft.NET.Sdk\targets\Microsoft.NET.DesignerSupport.targets(21,5): message :       AssignTargetPaths;
       C:\Program Files\dotnet\sdk\9.0.309\Sdks\Microsoft.NET.Sdk\targets\Microsoft.NET.DesignerSupport.targets(21,5): message :       ResolveReferences
       C:\Program Files\dotnet\sdk\9.0.309\Sdks\Microsoft.NET.Sdk\targets\Microsoft.NET.DesignerSupport.targets(21,5): message :     
       C:\Program Files\dotnet\sdk\9.0.309\Sdks\Microsoft.NET.Sdk\targets\Microsoft.NET.DesignerSupport.targets(21,5): message :     ")
       C:\Program Files\dotnet\sdk\9.0.309\Sdks\Microsoft.NET.Sdk\targets\Microsoft.NET.PackTool.targets(68,5): message : 속성 재할당: $(_GenerateToolsSettingsFileCacheFile)=C:\Program Files\dotnet\sdk\9.0.309\Sdks\Microsoft.NET.Sdk\targets\Microsoft.NET.PackTool.targets (68,5)의 "c:\Work\backup\tcpaop\Tests\ProtoTestTool\obj\Debug\net9.0-windows\ProtoTestTool.toolssettingsinput.cache"(이전 값: "obj\Debug\net9.0-windows\ProtoTestTool.toolssettingsinput.cache")
       C:\Program Files\dotnet\sdk\9.0.309\Sdks\Microsoft.NET.Sdk\targets\Microsoft.NET.PackTool.targets(137,5): message : 속성 재할당: $(_ShimInputCacheFile)=C:\Program Files\dotnet\sdk\9.0.309\Sdks\Microsoft.NET.Sdk\targets\Microsoft.NET.PackTool.targets (137,5)의 "c:\Work\backup\tcpaop\Tests\ProtoTestTool\obj\Debug\net9.0-windows\ProtoTestTool.shiminput.cache"(이전 값: "obj\Debug\net9.0-windows\ProtoTestTool.shiminput.cache")
       C:\Program Files\dotnet\sdk\9.0.309\Sdks\Microsoft.NET.Sdk\targets\Microsoft.NET.PackTool.targets(139,5): message : 속성 재할당: $(_ShimCreatedSentinelFile)=C:\Program Files\dotnet\sdk\9.0.309\Sdks\Microsoft.NET.Sdk\targets\Microsoft.NET.PackTool.targets (139,5)의 "c:\Work\backup\tcpaop\Tests\ProtoTestTool\obj\Debug\net9.0-windows\ProtoTestTool.shimcreated.sentinel"(이전 값: "obj\Debug\net9.0-windows\ProtoTestTool.shimcreated.sentinel")
       C:\Program Files\dotnet\sdk\9.0.309\Sdks\Microsoft.NET.Sdk\targets\Microsoft.NET.Sdk.CSharp.targets(31,5): message : 속성 재할당: $(DefineConstants)=C:\Program Files\dotnet\sdk\9.0.309\Sdks\Microsoft.NET.Sdk\targets\Microsoft.NET.Sdk.CSharp.targets (31,5)의 "TRACE;DEBUG"(이전 값: "TRACE")
       C:\Program Files\dotnet\sdk\9.0.309\Sdks\Microsoft.NET.Sdk\targets\Microsoft.NET.Sdk.CSharp.targets(34,5): message : 속성 재할당: $(DefineConstants)=C:\Program Files\dotnet\sdk\9.0.309\Sdks\Microsoft.NET.Sdk\targets\Microsoft.NET.Sdk.CSharp.targets (34,5)의 "TRACE;DEBUG;NET;NET9_0;NETCOREAPP"(이전 값: "TRACE;DEBUG")
       C:\Program Files\dotnet\sdk\9.0.309\Sdks\Microsoft.NET.Sdk\targets\Microsoft.NET.Sdk.CSharp.targets(48,5): message : 속성 재할당: $(WarningsAsErrors)=C:\Program Files\dotnet\sdk\9.0.309\Sdks\Microsoft.NET.Sdk\targets\Microsoft.NET.Sdk.CSharp.targets (48,5)의 ";NU1605;SYSLIB0011"(이전 값: ";NU1605")
       C:\Program Files\dotnet\sdk\9.0.309\Sdks\Microsoft.NET.Sdk\targets\Microsoft.NET.Windows.targets(34,5): message : 속성 재할당: $(TargetPlatformVersion)=C:\Program Files\dotnet\sdk\9.0.309\Sdks\Microsoft.NET.Sdk\targets\Microsoft.NET.Windows.targets (34,5)의 "7.0"(이전 값: "")
       C:\Program Files\dotnet\sdk\9.0.309\Sdks\Microsoft.NET.Sdk\targets\Microsoft.NET.Windows.targets(44,5): message : 속성 재할당: $(SupportedOSPlatformVersion)=C:\Program Files\dotnet\sdk\9.0.309\Sdks\Microsoft.NET.Sdk\targets\Microsoft.NET.Windows.targets (44,5)의 "7.0"(이전 값: "")
       C:\Program Files\dotnet\sdk\9.0.309\Sdks\Microsoft.NET.Sdk\targets\Microsoft.NET.Windows.targets(45,5): message : 속성 재할당: $(TargetPlatformMinVersion)=C:\Program Files\dotnet\sdk\9.0.309\Sdks\Microsoft.NET.Sdk\targets\Microsoft.NET.Windows.targets (45,5)의 "7.0"(이전 값: "")
       C:\Program Files\dotnet\sdk\9.0.309\Sdks\Microsoft.NET.Sdk\targets\Microsoft.NET.Sdk.targets(1473,5): message : 속성 재할당: $(TargetPlatformDisplayName)=C:\Program Files\dotnet\sdk\9.0.309\Sdks\Microsoft.NET.Sdk\targets\Microsoft.NET.Sdk.targets (1473,5)의 "Windows 7.0"(이전 값: "Windows ")
       C:\Program Files\dotnet\sdk\9.0.309\Sdks\Microsoft.NET.Sdk.WindowsDesktop\targets\Microsoft.NET.Sdk.WindowsDesktop.targets(51,5): message : 속성 재할당: $(_TargetFrameworkVersionValue)=C:\Program Files\dotnet\sdk\9.0.309\Sdks\Microsoft.NET.Sdk.WindowsDesktop\targets\Microsoft.NET.Sdk.WindowsDesktop.targets (51,5)의 "9.0"(이전 값: "0.0")
       C:\Program Files\dotnet\sdk\9.0.309\Sdks\Microsoft.NET.Sdk.WindowsDesktop\targets\Microsoft.WinFX.targets(61,7): message : 속성 재할당: $(PrepareResourceNamesDependsOn)=C:\Program Files\dotnet\sdk\9.0.309\Sdks\Microsoft.NET.Sdk.WindowsDesktop\targets\Microsoft.WinFX.targets (61,7)의 "
       C:\Program Files\dotnet\sdk\9.0.309\Sdks\Microsoft.NET.Sdk.WindowsDesktop\targets\Microsoft.WinFX.targets(61,7): message :                     AssignWinFXEmbeddedResource;
       C:\Program Files\dotnet\sdk\9.0.309\Sdks\Microsoft.NET.Sdk.WindowsDesktop\targets\Microsoft.WinFX.targets(61,7): message :                     
       C:\Program Files\dotnet\sdk\9.0.309\Sdks\Microsoft.NET.Sdk.WindowsDesktop\targets\Microsoft.WinFX.targets(61,7): message :       AssignTargetPaths;
       C:\Program Files\dotnet\sdk\9.0.309\Sdks\Microsoft.NET.Sdk.WindowsDesktop\targets\Microsoft.WinFX.targets(61,7): message :       SplitResourcesByCulture;
       C:\Program Files\dotnet\sdk\9.0.309\Sdks\Microsoft.NET.Sdk.WindowsDesktop\targets\Microsoft.WinFX.targets(61,7): message :       CreateManifestResourceNames;
       C:\Program Files\dotnet\sdk\9.0.309\Sdks\Microsoft.NET.Sdk.WindowsDesktop\targets\Microsoft.WinFX.targets(61,7): message :       CreateCustomManifestResourceNames
       C:\Program Files\dotnet\sdk\9.0.309\Sdks\Microsoft.NET.Sdk.WindowsDesktop\targets\Microsoft.WinFX.targets(61,7): message :     
       C:\Program Files\dotnet\sdk\9.0.309\Sdks\Microsoft.NET.Sdk.WindowsDesktop\targets\Microsoft.WinFX.targets(61,7): message :       "(이전 값: "
       C:\Program Files\dotnet\sdk\9.0.309\Sdks\Microsoft.NET.Sdk.WindowsDesktop\targets\Microsoft.WinFX.targets(61,7): message :       AssignTargetPaths;
       C:\Program Files\dotnet\sdk\9.0.309\Sdks\Microsoft.NET.Sdk.WindowsDesktop\targets\Microsoft.WinFX.targets(61,7): message :       SplitResourcesByCulture;
       C:\Program Files\dotnet\sdk\9.0.309\Sdks\Microsoft.NET.Sdk.WindowsDesktop\targets\Microsoft.WinFX.targets(61,7): message :       CreateManifestResourceNames;
       C:\Program Files\dotnet\sdk\9.0.309\Sdks\Microsoft.NET.Sdk.WindowsDesktop\targets\Microsoft.WinFX.targets(61,7): message :       CreateCustomManifestResourceNames
       C:\Program Files\dotnet\sdk\9.0.309\Sdks\Microsoft.NET.Sdk.WindowsDesktop\targets\Microsoft.WinFX.targets(61,7): message :     ")
       C:\Program Files\dotnet\sdk\9.0.309\Sdks\Microsoft.NET.Sdk.WindowsDesktop\targets\Microsoft.WinFX.targets(69,7): message : 속성 재할당: $(PrepareResourcesDependsOn)=C:\Program Files\dotnet\sdk\9.0.309\Sdks\Microsoft.NET.Sdk.WindowsDesktop\targets\Microsoft.WinFX.targets (69,7)의 "
       C:\Program Files\dotnet\sdk\9.0.309\Sdks\Microsoft.NET.Sdk.WindowsDesktop\targets\Microsoft.WinFX.targets(69,7): message :                 MarkupCompilePass1;
       C:\Program Files\dotnet\sdk\9.0.309\Sdks\Microsoft.NET.Sdk.WindowsDesktop\targets\Microsoft.WinFX.targets(69,7): message :                 AfterMarkupCompilePass1;
       C:\Program Files\dotnet\sdk\9.0.309\Sdks\Microsoft.NET.Sdk.WindowsDesktop\targets\Microsoft.WinFX.targets(69,7): message :                 MarkupCompilePass2ForMainAssembly;
       C:\Program Files\dotnet\sdk\9.0.309\Sdks\Microsoft.NET.Sdk.WindowsDesktop\targets\Microsoft.WinFX.targets(69,7): message :                 FileClassification;
       C:\Program Files\dotnet\sdk\9.0.309\Sdks\Microsoft.NET.Sdk.WindowsDesktop\targets\Microsoft.WinFX.targets(69,7): message :                 MainResourcesGeneration;
       C:\Program Files\dotnet\sdk\9.0.309\Sdks\Microsoft.NET.Sdk.WindowsDesktop\targets\Microsoft.WinFX.targets(69,7): message :                 
       C:\Program Files\dotnet\sdk\9.0.309\Sdks\Microsoft.NET.Sdk.WindowsDesktop\targets\Microsoft.WinFX.targets(69,7): message :       ResolvePackageDependenciesForBuild;
       C:\Program Files\dotnet\sdk\9.0.309\Sdks\Microsoft.NET.Sdk.WindowsDesktop\targets\Microsoft.WinFX.targets(69,7): message :       _HandlePackageFileConflicts;
       C:\Program Files\dotnet\sdk\9.0.309\Sdks\Microsoft.NET.Sdk.WindowsDesktop\targets\Microsoft.WinFX.targets(69,7): message :       
       C:\Program Files\dotnet\sdk\9.0.309\Sdks\Microsoft.NET.Sdk.WindowsDesktop\targets\Microsoft.WinFX.targets(69,7): message :       ;
       C:\Program Files\dotnet\sdk\9.0.309\Sdks\Microsoft.NET.Sdk.WindowsDesktop\targets\Microsoft.WinFX.targets(69,7): message :       PrepareResourceNames;
       C:\Program Files\dotnet\sdk\9.0.309\Sdks\Microsoft.NET.Sdk.WindowsDesktop\targets\Microsoft.WinFX.targets(69,7): message :       ResGen;
       C:\Program Files\dotnet\sdk\9.0.309\Sdks\Microsoft.NET.Sdk.WindowsDesktop\targets\Microsoft.WinFX.targets(69,7): message :       CompileLicxFiles
       C:\Program Files\dotnet\sdk\9.0.309\Sdks\Microsoft.NET.Sdk.WindowsDesktop\targets\Microsoft.WinFX.targets(69,7): message :     
       C:\Program Files\dotnet\sdk\9.0.309\Sdks\Microsoft.NET.Sdk.WindowsDesktop\targets\Microsoft.WinFX.targets(69,7): message :     
       C:\Program Files\dotnet\sdk\9.0.309\Sdks\Microsoft.NET.Sdk.WindowsDesktop\targets\Microsoft.WinFX.targets(69,7): message :       "(이전 값: "
       C:\Program Files\dotnet\sdk\9.0.309\Sdks\Microsoft.NET.Sdk.WindowsDesktop\targets\Microsoft.WinFX.targets(69,7): message :       ResolvePackageDependenciesForBuild;
       C:\Program Files\dotnet\sdk\9.0.309\Sdks\Microsoft.NET.Sdk.WindowsDesktop\targets\Microsoft.WinFX.targets(69,7): message :       _HandlePackageFileConflicts;
       C:\Program Files\dotnet\sdk\9.0.309\Sdks\Microsoft.NET.Sdk.WindowsDesktop\targets\Microsoft.WinFX.targets(69,7): message :       
       C:\Program Files\dotnet\sdk\9.0.309\Sdks\Microsoft.NET.Sdk.WindowsDesktop\targets\Microsoft.WinFX.targets(69,7): message :       ;
       C:\Program Files\dotnet\sdk\9.0.309\Sdks\Microsoft.NET.Sdk.WindowsDesktop\targets\Microsoft.WinFX.targets(69,7): message :       PrepareResourceNames;
       C:\Program Files\dotnet\sdk\9.0.309\Sdks\Microsoft.NET.Sdk.WindowsDesktop\targets\Microsoft.WinFX.targets(69,7): message :       ResGen;
       C:\Program Files\dotnet\sdk\9.0.309\Sdks\Microsoft.NET.Sdk.WindowsDesktop\targets\Microsoft.WinFX.targets(69,7): message :       CompileLicxFiles
       C:\Program Files\dotnet\sdk\9.0.309\Sdks\Microsoft.NET.Sdk.WindowsDesktop\targets\Microsoft.WinFX.targets(69,7): message :     
       C:\Program Files\dotnet\sdk\9.0.309\Sdks\Microsoft.NET.Sdk.WindowsDesktop\targets\Microsoft.WinFX.targets(69,7): message :     ")
       C:\Program Files\dotnet\sdk\9.0.309\Sdks\Microsoft.NET.Sdk.WindowsDesktop\targets\Microsoft.WinFX.targets(136,5): message : 속성 재할당: $(CompileDependsOn)=C:\Program Files\dotnet\sdk\9.0.309\Sdks\Microsoft.NET.Sdk.WindowsDesktop\targets\Microsoft.WinFX.targets (136,5)의 "
       C:\Program Files\dotnet\sdk\9.0.309\Sdks\Microsoft.NET.Sdk.WindowsDesktop\targets\Microsoft.WinFX.targets(136,5): message :         
       C:\Program Files\dotnet\sdk\9.0.309\Sdks\Microsoft.NET.Sdk.WindowsDesktop\targets\Microsoft.WinFX.targets(136,5): message :       
       C:\Program Files\dotnet\sdk\9.0.309\Sdks\Microsoft.NET.Sdk.WindowsDesktop\targets\Microsoft.WinFX.targets(136,5): message :       ResolveReferences;
       C:\Program Files\dotnet\sdk\9.0.309\Sdks\Microsoft.NET.Sdk.WindowsDesktop\targets\Microsoft.WinFX.targets(136,5): message :       ResolveKeySource;
       C:\Program Files\dotnet\sdk\9.0.309\Sdks\Microsoft.NET.Sdk.WindowsDesktop\targets\Microsoft.WinFX.targets(136,5): message :       SetWin32ManifestProperties;
       C:\Program Files\dotnet\sdk\9.0.309\Sdks\Microsoft.NET.Sdk.WindowsDesktop\targets\Microsoft.WinFX.targets(136,5): message :       _SetPreferNativeArm64Win32ManifestProperties;
       C:\Program Files\dotnet\sdk\9.0.309\Sdks\Microsoft.NET.Sdk.WindowsDesktop\targets\Microsoft.WinFX.targets(136,5): message :       FindReferenceAssembliesForReferences;
       C:\Program Files\dotnet\sdk\9.0.309\Sdks\Microsoft.NET.Sdk.WindowsDesktop\targets\Microsoft.WinFX.targets(136,5): message :       _GenerateCompileInputs;
       C:\Program Files\dotnet\sdk\9.0.309\Sdks\Microsoft.NET.Sdk.WindowsDesktop\targets\Microsoft.WinFX.targets(136,5): message :       BeforeCompile;
       C:\Program Files\dotnet\sdk\9.0.309\Sdks\Microsoft.NET.Sdk.WindowsDesktop\targets\Microsoft.WinFX.targets(136,5): message :       _TimeStampBeforeCompile;
       C:\Program Files\dotnet\sdk\9.0.309\Sdks\Microsoft.NET.Sdk.WindowsDesktop\targets\Microsoft.WinFX.targets(136,5): message :       _GenerateCompileDependencyCache;
       C:\Program Files\dotnet\sdk\9.0.309\Sdks\Microsoft.NET.Sdk.WindowsDesktop\targets\Microsoft.WinFX.targets(136,5): message :       CoreCompile;
       C:\Program Files\dotnet\sdk\9.0.309\Sdks\Microsoft.NET.Sdk.WindowsDesktop\targets\Microsoft.WinFX.targets(136,5): message :       _TimeStampAfterCompile;
       C:\Program Files\dotnet\sdk\9.0.309\Sdks\Microsoft.NET.Sdk.WindowsDesktop\targets\Microsoft.WinFX.targets(136,5): message :       AfterCompile;
       C:\Program Files\dotnet\sdk\9.0.309\Sdks\Microsoft.NET.Sdk.WindowsDesktop\targets\Microsoft.WinFX.targets(136,5): message :     ;
       C:\Program Files\dotnet\sdk\9.0.309\Sdks\Microsoft.NET.Sdk.WindowsDesktop\targets\Microsoft.WinFX.targets(136,5): message :       _CreateAppHost;
       C:\Program Files\dotnet\sdk\9.0.309\Sdks\Microsoft.NET.Sdk.WindowsDesktop\targets\Microsoft.WinFX.targets(136,5): message :       _CreateComHost;
       C:\Program Files\dotnet\sdk\9.0.309\Sdks\Microsoft.NET.Sdk.WindowsDesktop\targets\Microsoft.WinFX.targets(136,5): message :       _GetIjwHostPaths;
       C:\Program Files\dotnet\sdk\9.0.309\Sdks\Microsoft.NET.Sdk.WindowsDesktop\targets\Microsoft.WinFX.targets(136,5): message :     ;
       C:\Program Files\dotnet\sdk\9.0.309\Sdks\Microsoft.NET.Sdk.WindowsDesktop\targets\Microsoft.WinFX.targets(136,5): message :         _AfterCompileWinFXInternal
       C:\Program Files\dotnet\sdk\9.0.309\Sdks\Microsoft.NET.Sdk.WindowsDesktop\targets\Microsoft.WinFX.targets(136,5): message :     "(이전 값: "
       C:\Program Files\dotnet\sdk\9.0.309\Sdks\Microsoft.NET.Sdk.WindowsDesktop\targets\Microsoft.WinFX.targets(136,5): message :       
       C:\Program Files\dotnet\sdk\9.0.309\Sdks\Microsoft.NET.Sdk.WindowsDesktop\targets\Microsoft.WinFX.targets(136,5): message :       ResolveReferences;
       C:\Program Files\dotnet\sdk\9.0.309\Sdks\Microsoft.NET.Sdk.WindowsDesktop\targets\Microsoft.WinFX.targets(136,5): message :       ResolveKeySource;
       C:\Program Files\dotnet\sdk\9.0.309\Sdks\Microsoft.NET.Sdk.WindowsDesktop\targets\Microsoft.WinFX.targets(136,5): message :       SetWin32ManifestProperties;
       C:\Program Files\dotnet\sdk\9.0.309\Sdks\Microsoft.NET.Sdk.WindowsDesktop\targets\Microsoft.WinFX.targets(136,5): message :       _SetPreferNativeArm64Win32ManifestProperties;
       C:\Program Files\dotnet\sdk\9.0.309\Sdks\Microsoft.NET.Sdk.WindowsDesktop\targets\Microsoft.WinFX.targets(136,5): message :       FindReferenceAssembliesForReferences;
       C:\Program Files\dotnet\sdk\9.0.309\Sdks\Microsoft.NET.Sdk.WindowsDesktop\targets\Microsoft.WinFX.targets(136,5): message :       _GenerateCompileInputs;
       C:\Program Files\dotnet\sdk\9.0.309\Sdks\Microsoft.NET.Sdk.WindowsDesktop\targets\Microsoft.WinFX.targets(136,5): message :       BeforeCompile;
       C:\Program Files\dotnet\sdk\9.0.309\Sdks\Microsoft.NET.Sdk.WindowsDesktop\targets\Microsoft.WinFX.targets(136,5): message :       _TimeStampBeforeCompile;
       C:\Program Files\dotnet\sdk\9.0.309\Sdks\Microsoft.NET.Sdk.WindowsDesktop\targets\Microsoft.WinFX.targets(136,5): message :       _GenerateCompileDependencyCache;
       C:\Program Files\dotnet\sdk\9.0.309\Sdks\Microsoft.NET.Sdk.WindowsDesktop\targets\Microsoft.WinFX.targets(136,5): message :       CoreCompile;
       C:\Program Files\dotnet\sdk\9.0.309\Sdks\Microsoft.NET.Sdk.WindowsDesktop\targets\Microsoft.WinFX.targets(136,5): message :       _TimeStampAfterCompile;
       C:\Program Files\dotnet\sdk\9.0.309\Sdks\Microsoft.NET.Sdk.WindowsDesktop\targets\Microsoft.WinFX.targets(136,5): message :       AfterCompile;
       C:\Program Files\dotnet\sdk\9.0.309\Sdks\Microsoft.NET.Sdk.WindowsDesktop\targets\Microsoft.WinFX.targets(136,5): message :     ;
       C:\Program Files\dotnet\sdk\9.0.309\Sdks\Microsoft.NET.Sdk.WindowsDesktop\targets\Microsoft.WinFX.targets(136,5): message :       _CreateAppHost;
       C:\Program Files\dotnet\sdk\9.0.309\Sdks\Microsoft.NET.Sdk.WindowsDesktop\targets\Microsoft.WinFX.targets(136,5): message :       _CreateComHost;
       C:\Program Files\dotnet\sdk\9.0.309\Sdks\Microsoft.NET.Sdk.WindowsDesktop\targets\Microsoft.WinFX.targets(136,5): message :       _GetIjwHostPaths;
       C:\Program Files\dotnet\sdk\9.0.309\Sdks\Microsoft.NET.Sdk.WindowsDesktop\targets\Microsoft.WinFX.targets(136,5): message :     ")
       C:\Program Files\dotnet\sdk\9.0.309\Sdks\Microsoft.NET.Sdk.WindowsDesktop\targets\Microsoft.WinFX.targets(803,9): message : 속성 재할당: $(PublishBuildDependsOn)=C:\Program Files\dotnet\sdk\9.0.309\Sdks\Microsoft.NET.Sdk.WindowsDesktop\targets\Microsoft.WinFX.targets (803,9)의 "
       C:\Program Files\dotnet\sdk\9.0.309\Sdks\Microsoft.NET.Sdk.WindowsDesktop\targets\Microsoft.WinFX.targets(803,9): message :             BuildOnlySettings;
       C:\Program Files\dotnet\sdk\9.0.309\Sdks\Microsoft.NET.Sdk.WindowsDesktop\targets\Microsoft.WinFX.targets(803,9): message :             PrepareForBuild;
       C:\Program Files\dotnet\sdk\9.0.309\Sdks\Microsoft.NET.Sdk.WindowsDesktop\targets\Microsoft.WinFX.targets(803,9): message :             ResolveReferences;
       C:\Program Files\dotnet\sdk\9.0.309\Sdks\Microsoft.NET.Sdk.WindowsDesktop\targets\Microsoft.WinFX.targets(803,9): message :             PrepareResources;
       C:\Program Files\dotnet\sdk\9.0.309\Sdks\Microsoft.NET.Sdk.WindowsDesktop\targets\Microsoft.WinFX.targets(803,9): message :             ResolveKeySource;
       C:\Program Files\dotnet\sdk\9.0.309\Sdks\Microsoft.NET.Sdk.WindowsDesktop\targets\Microsoft.WinFX.targets(803,9): message :             PrepareResourcesForSatelliteAssemblies;
       C:\Program Files\dotnet\sdk\9.0.309\Sdks\Microsoft.NET.Sdk.WindowsDesktop\targets\Microsoft.WinFX.targets(803,9): message :             GenerateSerializationAssemblies;
       C:\Program Files\dotnet\sdk\9.0.309\Sdks\Microsoft.NET.Sdk.WindowsDesktop\targets\Microsoft.WinFX.targets(803,9): message :             CreateSatelliteAssemblies;
       C:\Program Files\dotnet\sdk\9.0.309\Sdks\Microsoft.NET.Sdk.WindowsDesktop\targets\Microsoft.WinFX.targets(803,9): message :         "(이전 값: "
       C:\Program Files\dotnet\sdk\9.0.309\Sdks\Microsoft.NET.Sdk.WindowsDesktop\targets\Microsoft.WinFX.targets(803,9): message :       BuildOnlySettings;
       C:\Program Files\dotnet\sdk\9.0.309\Sdks\Microsoft.NET.Sdk.WindowsDesktop\targets\Microsoft.WinFX.targets(803,9): message :       PrepareForBuild;
       C:\Program Files\dotnet\sdk\9.0.309\Sdks\Microsoft.NET.Sdk.WindowsDesktop\targets\Microsoft.WinFX.targets(803,9): message :       ResolveReferences;
       C:\Program Files\dotnet\sdk\9.0.309\Sdks\Microsoft.NET.Sdk.WindowsDesktop\targets\Microsoft.WinFX.targets(803,9): message :       PrepareResources;
       C:\Program Files\dotnet\sdk\9.0.309\Sdks\Microsoft.NET.Sdk.WindowsDesktop\targets\Microsoft.WinFX.targets(803,9): message :       ResolveKeySource;
       C:\Program Files\dotnet\sdk\9.0.309\Sdks\Microsoft.NET.Sdk.WindowsDesktop\targets\Microsoft.WinFX.targets(803,9): message :       GenerateSerializationAssemblies;
       C:\Program Files\dotnet\sdk\9.0.309\Sdks\Microsoft.NET.Sdk.WindowsDesktop\targets\Microsoft.WinFX.targets(803,9): message :       CreateSatelliteAssemblies;
       C:\Program Files\dotnet\sdk\9.0.309\Sdks\Microsoft.NET.Sdk.WindowsDesktop\targets\Microsoft.WinFX.targets(803,9): message :     ")
       C:\Program Files\dotnet\sdk\9.0.309\Sdks\NuGet.Build.Tasks.Pack\build\NuGet.Build.Tasks.Pack.targets(34,5): message : 속성 재할당: $(PackageDescription)=C:\Program Files\dotnet\sdk\9.0.309\Sdks\NuGet.Build.Tasks.Pack\build\NuGet.Build.Tasks.Pack.targets (34,5)의 "Package Description"(이전 값: "")
       C:\Program Files\dotnet\sdk\9.0.309\Sdks\NuGet.Build.Tasks.Pack\build\NuGet.Build.Tasks.Pack.targets(59,5): message : 속성 재할당: $(GenerateNuspecDependsOn)=C:\Program Files\dotnet\sdk\9.0.309\Sdks\NuGet.Build.Tasks.Pack\build\NuGet.Build.Tasks.Pack.targets (59,5)의 "Build;_LoadPackInputItems; _GetTargetFrameworksOutput; _WalkEachTargetPerFramework; _GetPackageFiles; "(이전 값: "_LoadPackInputItems; _GetTargetFrameworksOutput; _WalkEachTargetPerFramework; _GetPackageFiles; ")
       C:\Program Files\dotnet\sdk\9.0.309\Sdks\Microsoft.NET.Sdk\Sdk\Sdk.targets(60,5): message : 속성 재할당: $(_IsNotSetContainersTargetsDir)=C:\Program Files\dotnet\sdk\9.0.309\Sdks\Microsoft.NET.Sdk\Sdk\Sdk.targets (60,5)의 "true"(이전 값: "false")
       C:\Program Files\dotnet\sdk\9.0.309\Containers\build\Microsoft.NET.Build.Containers.targets(5,5): message : 속성 재할당: $(_IsSDKContainerAllowedVersion)=C:\Program Files\dotnet\sdk\9.0.309\Containers\build\Microsoft.NET.Build.Containers.targets (5,5)의 "true"(이전 값: "false")
       C:\Program Files\dotnet\sdk\9.0.309\Containers\build\Microsoft.NET.Build.Containers.targets(15,5): message : 속성 재할당: $(_ContainerIsTargetingNet8TFM)=C:\Program Files\dotnet\sdk\9.0.309\Containers\build\Microsoft.NET.Build.Containers.targets (15,5)의 "true"(이전 값: "false")
       "C:\Program Files\dotnet\sdk\9.0.309\Microsoft.Common.CurrentVersion.targets" 프로젝트의 "ResolveFrameworkReferences" 대상을 "C:\Program Files\dotnet\sdk\9.0.309\Sdks\Microsoft.NET.Sdk\targets\Microsoft.NET.Sdk.FrameworkReferenceResolution.targets" 프로젝트의 "ResolveFrameworkReferences" 대상으로 재정의하고 있습니다.
       "C:\Program Files\dotnet\sdk\9.0.309\Microsoft.Common.CurrentVersion.targets" 프로젝트의 "Run" 대상을 "C:\Program Files\dotnet\sdk\9.0.309\Sdks\Microsoft.NET.Sdk\targets\Microsoft.NET.Sdk.targets" 프로젝트의 "Run" 대상으로 재정의하고 있습니다.
       "C:\Program Files\dotnet\sdk\9.0.309\Microsoft.Common.CurrentVersion.targets" 프로젝트의 "GenerateSupportedTargetFrameworkAlias" 대상을 "C:\Program Files\dotnet\sdk\9.0.309\Sdks\Microsoft.NET.Sdk\targets\Microsoft.NET.Sdk.targets" 프로젝트의 "GenerateSupportedTargetFrameworkAlias" 대상으로 재정의하고 있습니다.
       "C:\Program Files\dotnet\sdk\9.0.309\Microsoft.Common.CurrentVersion.targets" 프로젝트의 "GetReferenceAssemblyPaths" 대상을 "C:\Program Files\dotnet\sdk\9.0.309\Sdks\Microsoft.NET.Sdk\targets\Microsoft.NET.DisableStandardFrameworkResolution.targets" 프로젝트의 "GetReferenceAssemblyPaths" 대상으로 재정의하고 있습니다.
       "C:\Program Files\dotnet\sdk\9.0.309\Microsoft.Common.CurrentVersion.targets" 프로젝트의 "GetFrameworkPaths" 대상을 "C:\Program Files\dotnet\sdk\9.0.309\Sdks\Microsoft.NET.Sdk\targets\Microsoft.NET.DisableStandardFrameworkResolution.targets" 프로젝트의 "GetFrameworkPaths" 대상으로 재정의하고 있습니다.
       "C:\Program Files\dotnet\sdk\9.0.309\Microsoft.Common.CurrentVersion.targets" 프로젝트의 "DesignerRuntimeImplementationProjectOutputGroup" 대상을 "C:\Program Files\dotnet\sdk\9.0.309\Sdks\Microsoft.NET.Sdk\targets\Microsoft.NET.DesignerSupport.targets" 프로젝트의 "DesignerRuntimeImplementationProjectOutputGroup" 대상으로 재정의하고 있습니다.
       "C:\Program Files\dotnet\sdk\9.0.309\Microsoft.Common.CurrentVersion.targets" 프로젝트의 "Publish" 대상을 "C:\Program Files\dotnet\sdk\9.0.309\Sdks\Microsoft.NET.Sdk\targets\Microsoft.NET.Publish.targets" 프로젝트의 "Publish" 대상으로 재정의하고 있습니다.
       "C:\Program Files\dotnet\sdk\9.0.309\Sdks\Microsoft.NET.Sdk\targets\Microsoft.NET.CrossGen.targets" 프로젝트의 "ResolveReadyToRunCompilers" 대상을 "C:\Program Files\dotnet\sdk\9.0.309\Sdks\Microsoft.NET.Sdk\targets\Microsoft.NET.Publish.targets" 프로젝트의 "ResolveReadyToRunCompilers" 대상으로 재정의하고 있습니다.
       "C:\Program Files\dotnet\sdk\9.0.309\Microsoft.Common.CurrentVersion.targets" 프로젝트의 "GetCopyToPublishDirectoryItems" 대상을 "C:\Program Files\dotnet\sdk\9.0.309\Sdks\Microsoft.NET.Sdk\targets\Microsoft.NET.Publish.targets" 프로젝트의 "GetCopyToPublishDirectoryItems" 대상으로 재정의하고 있습니다.
       "C:\Program Files\dotnet\sdk\9.0.309\Microsoft.Common.CurrentVersion.targets" 프로젝트의 "SatelliteDllsProjectOutputGroup" 대상을 "C:\Program Files\dotnet\sdk\9.0.309\Sdks\Microsoft.NET.Sdk.WindowsDesktop\targets\Microsoft.WinFX.targets" 프로젝트의 "SatelliteDllsProjectOutputGroup" 대상으로 재정의하고 있습니다.
     1>"c:\Work\backup\tcpaop\Tests\ProtoTestTool\ProtoTestTool.csproj"(1) 프로젝트가 1 노드에서 "c:\Work\backup\tcpaop\Tests\ProtoTestTool\ProtoTestTool.csproj"(1:2)을(를) 빌드하고 있습니다(_IsProjectRestoreSupported 대상).
   1:2>"c:\Work\backup\tcpaop\Tests\ProtoTestTool\ProtoTestTool.csproj" 프로젝트의 "C:\Program Files\dotnet\sdk\9.0.309\NuGet.targets" 파일에 있는 "_IsProjectRestoreSupported" 대상(진입점):
   1:2>"ProtoTestTool.csproj" 프로젝트에 "_IsProjectRestoreSupported" 대상을 빌드했습니다.
   1:2>"c:\Work\backup\tcpaop\Tests\ProtoTestTool\ProtoTestTool.csproj" 프로젝트를 빌드했습니다(_IsProjectRestoreSupported 대상).
     1>"MSBuild" 작업을 실행했습니다.
       조건이 잘못되어 "MSBuild" 작업을 건너뜁니다. ( '$(RestoreUseSkipNonexistentTargets)' != 'true' )이(가) ( 'true' != 'true' )(으)로 확인되었습니다.
       TaskRun 동안 로드된 어셈블리: NuGet.Build.Tasks, Version=6.14.0.116, Culture=neutral, PublicKeyToken=31bf3856ad364e35(위치: C:\Program Files\dotnet\sdk\9.0.309\NuGet.Build.Tasks.dll, MVID: c545d64d-0cbb-4fc0-971c-b5c1c1e75cf3, AssemblyLoadContext: MSBuild plugin C:\Program Files\dotnet\sdk\9.0.309\NuGet.Build.Tasks.dll)
       TaskRun 동안 로드된 어셈블리: NuGet.Common, Version=6.14.0.116, Culture=neutral, PublicKeyToken=31bf3856ad364e35(위치: C:\Program Files\dotnet\sdk\9.0.309\NuGet.Common.dll, MVID: 0fbb79ae-e358-4591-bc91-e34371a3d05b, AssemblyLoadContext: MSBuild plugin C:\Program Files\dotnet\sdk\9.0.309\NuGet.Build.Tasks.dll)
       TaskRun 동안 로드된 어셈블리: NuGet.Commands, Version=6.14.0.116, Culture=neutral, PublicKeyToken=31bf3856ad364e35(위치: C:\Program Files\dotnet\sdk\9.0.309\NuGet.Commands.dll, MVID: e743f127-1013-45a0-a669-058903e72acf, AssemblyLoadContext: MSBuild plugin C:\Program Files\dotnet\sdk\9.0.309\NuGet.Build.Tasks.dll)
       TaskRun 동안 로드된 어셈블리: NuGet.ProjectModel, Version=6.14.0.116, Culture=neutral, PublicKeyToken=31bf3856ad364e35(위치: C:\Program Files\dotnet\sdk\9.0.309\NuGet.ProjectModel.dll, MVID: 08d0df58-191b-4580-9b46-c281ab5b9b36, AssemblyLoadContext: MSBuild plugin C:\Program Files\dotnet\sdk\9.0.309\NuGet.Build.Tasks.dll)
       "C:\Program Files\dotnet\sdk\9.0.309\NuGet.Build.Tasks.dll" 어셈블리에서 "WarnForInvalidProjectsTask" 작업을 사용합니다.
       "WarnForInvalidProjectsTask" 작업
       "WarnForInvalidProjectsTask" 작업을 실행했습니다.
     1>"ProtoTestTool.csproj" 프로젝트에 "_FilterRestoreGraphProjectInputItems" 대상을 빌드했습니다.
       "_FilterRestoreGraphProjectInputItems" 대상을 건너뜁니다. 이전에 빌드되었습니다.
     1>"c:\Work\backup\tcpaop\Tests\ProtoTestTool\ProtoTestTool.csproj" 프로젝트의 "C:\Program Files\dotnet\sdk\9.0.309\NuGet.targets" 파일에 있는 "_GetAllRestoreProjectPathItems" 대상("_GenerateRestoreGraph" 대상이 종속됨):
       "C:\Program Files\dotnet\sdk\9.0.309\NuGet.Build.Tasks.dll" 어셈블리에서 "NuGetMessageTask" 작업을 사용합니다.
       "NuGetMessageTask" 작업
         TaskRun (NuGet.Build.Tasks.NuGetMessageTask) 동안 로드된 어셈블리: NuGet.Build.Tasks.resources, Version=6.14.0.116, Culture=ko, PublicKeyToken=31bf3856ad364e35, processorArchitecture=MSIL(위치: C:\Program Files\dotnet\sdk\9.0.309\ko\NuGet.Build.Tasks.resources.dll, MVID: 322952fe-5b4c-459c-99ba-cc805f8f740d, AssemblyLoadContext: MSBuild plugin C:\Program Files\dotnet\sdk\9.0.309\NuGet.Build.Tasks.dll)
         복원할 프로젝트를 확인하는 중...
       "NuGetMessageTask" 작업을 실행했습니다.
       "MSBuild" 작업
         전역 속성:
           ExcludeRestorePackageImports=true
     1>"c:\Work\backup\tcpaop\Tests\ProtoTestTool\ProtoTestTool.csproj"(1) 프로젝트가 1 노드에서 "c:\Work\backup\tcpaop\Tests\ProtoTestTool\ProtoTestTool.csproj"(1:3)을(를) 빌드하고 있습니다(_GenerateRestoreProjectPathWalk 대상).
   1:3>조건이 잘못되어 "_GenerateRestoreProjectPathItemsAllFrameworks" 대상을 건너뜁니다. ( '$(TargetFrameworks)' != '' )이(가) ( '' != '' )(으)로 확인되었습니다.
   1:3>"c:\Work\backup\tcpaop\Tests\ProtoTestTool\ProtoTestTool.csproj" 프로젝트의 "C:\Program Files\dotnet\sdk\9.0.309\NuGet.targets" 파일에 있는 "_GenerateRestoreProjectPathItemsPerFramework" 대상("_GenerateRestoreProjectPathItemsCurrentProject" 대상이 종속됨):
       "Microsoft.Build.Tasks.Core, Version=15.1.0.0, Culture=neutral, PublicKeyToken=b03f5f7f11d50a3a" 어셈블리에서 "ConvertToAbsolutePath" 작업을 사용합니다.
       "ConvertToAbsolutePath" 작업
       "ConvertToAbsolutePath" 작업을 실행했습니다.
   1:3>"ProtoTestTool.csproj" 프로젝트에 "_GenerateRestoreProjectPathItemsPerFramework" 대상을 빌드했습니다.
   1:3>"c:\Work\backup\tcpaop\Tests\ProtoTestTool\ProtoTestTool.csproj" 프로젝트의 "C:\Program Files\dotnet\sdk\9.0.309\NuGet.targets" 파일에 있는 "_GenerateRestoreProjectPathItemsCurrentProject" 대상("_GenerateRestoreProjectPathItems" 대상이 종속됨):
   1:3>"ProtoTestTool.csproj" 프로젝트에 "_GenerateRestoreProjectPathItemsCurrentProject" 대상을 빌드했습니다.
   1:3>"c:\Work\backup\tcpaop\Tests\ProtoTestTool\ProtoTestTool.csproj" 프로젝트의 "C:\Program Files\dotnet\sdk\9.0.309\NuGet.targets" 파일에 있는 "_GenerateRestoreProjectPathItems" 대상("_GenerateRestoreProjectPathWalk" 대상이 종속됨):
       "RemoveDuplicates" 작업
       "RemoveDuplicates" 작업을 실행했습니다.
   1:3>"ProtoTestTool.csproj" 프로젝트에 "_GenerateRestoreProjectPathItems" 대상을 빌드했습니다.
   1:3>"c:\Work\backup\tcpaop\Tests\ProtoTestTool\ProtoTestTool.csproj" 프로젝트의 "C:\Program Files\dotnet\sdk\9.0.309\NuGet.targets" 파일에 있는 "_GenerateRestoreProjectPathWalk" 대상(진입점):
       "MSBuild" 작업
       "MSBuild" 작업을 실행했습니다.
       조건이 잘못되어 "MSBuild" 작업을 건너뜁니다. ( '$(RestoreUseSkipNonexistentTargets)' != 'true' )이(가) ( 'true' != 'true' )(으)로 확인되었습니다.
       "RemoveDuplicates" 작업
       "RemoveDuplicates" 작업을 실행했습니다.
   1:3>"ProtoTestTool.csproj" 프로젝트에 "_GenerateRestoreProjectPathWalk" 대상을 빌드했습니다.
   1:3>"c:\Work\backup\tcpaop\Tests\ProtoTestTool\ProtoTestTool.csproj" 프로젝트를 빌드했습니다(_GenerateRestoreProjectPathWalk 대상).
     1>"MSBuild" 작업을 실행했습니다.
       조건이 잘못되어 "MSBuild" 작업을 건너뜁니다. ( '$(RestoreUseSkipNonexistentTargets)' != 'true' )이(가) ( 'true' != 'true' )(으)로 확인되었습니다.
       "RemoveDuplicates" 작업
       "RemoveDuplicates" 작업을 실행했습니다.
       "MSBuild" 작업
         전역 속성:
           ExcludeRestorePackageImports=true
     1>"c:\Work\backup\tcpaop\Tests\ProtoTestTool\ProtoTestTool.csproj"(1) 프로젝트가 1 노드에서 "c:\Work\backup\tcpaop\Tests\ProtoTestTool\ProtoTestTool.csproj"(1:4)을(를) 빌드하고 있습니다(_IsProjectRestoreSupported 대상).
   1:4>"_IsProjectRestoreSupported" 대상을 건너뜁니다. 이전에 빌드되었습니다.
   1:4>"c:\Work\backup\tcpaop\Tests\ProtoTestTool\ProtoTestTool.csproj" 프로젝트를 빌드했습니다(_IsProjectRestoreSupported 대상).
     1>"MSBuild" 작업을 실행했습니다.
       조건이 잘못되어 "MSBuild" 작업을 건너뜁니다. ( '$(RestoreUseSkipNonexistentTargets)' != 'true' )이(가) ( 'true' != 'true' )(으)로 확인되었습니다.
     1>"ProtoTestTool.csproj" 프로젝트에 "_GetAllRestoreProjectPathItems" 대상을 빌드했습니다.
     1>"c:\Work\backup\tcpaop\Tests\ProtoTestTool\ProtoTestTool.csproj" 프로젝트의 "C:\Program Files\dotnet\sdk\9.0.309\NuGet.targets" 파일에 있는 "_GenerateRestoreGraph" 대상("Restore" 대상이 종속됨):
       "Microsoft.Build.Tasks.Core, Version=15.1.0.0, Culture=neutral, PublicKeyToken=b03f5f7f11d50a3a" 어셈블리에서 "Message" 작업을 사용합니다.
       "Message" 작업
         Generating dg file
       "Message" 작업을 실행했습니다.
       "Message" 작업
         c:\Work\backup\tcpaop\Tests\ProtoTestTool\ProtoTestTool.csproj
       "Message" 작업을 실행했습니다.
       "MSBuild" 작업
         전역 속성:
           ExcludeRestorePackageImports=true
     1>"c:\Work\backup\tcpaop\Tests\ProtoTestTool\ProtoTestTool.csproj"(1) 프로젝트가 1 노드에서 "c:\Work\backup\tcpaop\Tests\ProtoTestTool\ProtoTestTool.csproj"(1:5)을(를) 빌드하고 있습니다(_GenerateRestoreGraphProjectEntry 대상).
   1:5>"c:\Work\backup\tcpaop\Tests\ProtoTestTool\ProtoTestTool.csproj" 프로젝트의 "C:\Program Files\dotnet\sdk\9.0.309\NuGet.targets" 파일에 있는 "_GetProjectJsonPath" 대상("_GetRestoreProjectStyle" 대상이 종속됨):
   1:5>조건이 잘못되어 "GetRestoreProjectJsonPathTask" 작업을 건너뜁니다. ( '$(RestoreProjectStyle)' == 'ProjectJson' OR '$(RestoreProjectStyle)' == '' )이(가) ( 'PackageReference' == 'ProjectJson' OR 'PackageReference' == '' )(으)로 확인되었습니다.
   1:5>"ProtoTestTool.csproj" 프로젝트에 "_GetProjectJsonPath" 대상을 빌드했습니다.
       조건이 잘못되어 "_CheckForMissingWorkload" 대상을 건너뜁니다. ('@(MissingWorkloadPack)' != '' And '$(DesignTimeBuild)' != 'true')이(가) ('' != '' And '' != 'true')(으)로 확인되었습니다.
   1:5>"c:\Work\backup\tcpaop\Tests\ProtoTestTool\ProtoTestTool.csproj" 프로젝트의 "C:\Program Files\dotnet\sdk\9.0.309\Sdks\Microsoft.NET.Sdk\targets\Microsoft.NET.TargetFrameworkInference.targets" 파일에 있는 "_CheckForUnsupportedTargetPlatformIdentifier" 대상("CollectPackageReferences" 대상이 종속됨):
       조건이 잘못되어 "NETSdkError" 작업을 건너뜁니다. ('$(TargetPlatformSupported)' != 'true' and '$(UseWorkloadsSpecificError)' != 'true')이(가) ('true' != 'true' and '' != 'true')(으)로 확인되었습니다.
       조건이 잘못되어 "NETSdkError" 작업을 건너뜁니다. ('$(TargetPlatformSupported)' != 'true' and '$(UseWorkloadsSpecificError)' == 'true')이(가) ('true' != 'true' and '' == 'true')(으)로 확인되었습니다.
   1:5>"ProtoTestTool.csproj" 프로젝트에 "_CheckForUnsupportedTargetPlatformIdentifier" 대상을 빌드했습니다.
   1:5>"c:\Work\backup\tcpaop\Tests\ProtoTestTool\ProtoTestTool.csproj" 프로젝트의 "C:\Program Files\dotnet\sdk\9.0.309\Sdks\Microsoft.NET.Sdk\targets\Microsoft.NET.TargetFrameworkInference.targets" 파일에 있는 "_CheckForUnsupportedNETCoreVersion" 대상("CollectPackageReferences" 대상이 종속됨):
       조건이 잘못되어 "NETSdkError" 작업을 건너뜁니다. ('$(_TargetFrameworkVersionWithoutV)' > '$(NETCoreAppMaximumVersion)' and '$(DisplayVSMessage)' != 'true')이(가) ('9.0' > '9.0' and '' != 'true')(으)로 확인되었습니다.
       조건이 잘못되어 "NETSdkError" 작업을 건너뜁니다. ('$(DisplayVSMessage)' == 'true')이(가) ('' == 'true')(으)로 확인되었습니다.
   1:5>"ProtoTestTool.csproj" 프로젝트에 "_CheckForUnsupportedNETCoreVersion" 대상을 빌드했습니다.
       조건이 잘못되어 "_CheckForEolTargetFrameworks" 대상을 건너뜁니다. ('@(_EolNetCoreTargetFrameworkVersions->AnyHaveMetadataValue('Identity', '$(_TargetFrameworkVersionWithoutV)'))' and '$(TargetFrameworkIdentifier)' == '.NETCoreApp' and '$(CheckEolTargetFramework)' == 'true')이(가) ('false' and '.NETCoreApp' == '.NETCoreApp' and 'true' == 'true')(으)로 확인되었습니다.
       조건이 잘못되어 "_CheckForEolWorkloads" 대상을 건너뜁니다. ('@(EolWorkload)' != '' and '$(CheckEolWorkloads)' == 'true')이(가) ('' != '' and 'true' == 'true')(으)로 확인되었습니다.
       조건이 잘못되어 "_CheckForNotRecommendedNETStandardVersion" 대상을 건너뜁니다. ('$(TargetFrameworkIdentifier)' == '.NETStandard' and $([MSBuild]::VersionLessThan($(TargetFrameworkVersion), '2.0')))이(가) ('.NETCoreApp' == '.NETStandard' and False)(으)로 확인되었습니다.
   1:5>"c:\Work\backup\tcpaop\Tests\ProtoTestTool\ProtoTestTool.csproj" 프로젝트의 "C:\Program Files\dotnet\sdk\9.0.309\Sdks\Microsoft.NET.Sdk\targets\Microsoft.NET.TargetFrameworkInference.targets" 파일에 있는 "_CheckForUnsupportedCppNETCoreVersion" 대상("CollectPackageReferences" 대상이 종속됨):
       조건이 잘못되어 "NETSdkError" 작업을 건너뜁니다. ('$(TargetFrameworkIdentifier)' == '.NETCoreApp' and '$(_TargetFrameworkVersionWithoutV)' < '3.1' and ('$(Language)' == 'C++' and '$(_EnablePackageReferencesInVCProjects)' != 'true'))이(가) ('.NETCoreApp' == '.NETCoreApp' and '9.0' < '3.1' and ('C#' == 'C++' and '' != 'true'))(으)로 확인되었습니다.
   1:5>"ProtoTestTool.csproj" 프로젝트에 "_CheckForUnsupportedCppNETCoreVersion" 대상을 빌드했습니다.
       조건이 잘못되어 "_CheckForUnsupportedNETStandardVersion" 대상을 건너뜁니다. ('$(TargetFrameworkIdentifier)' == '.NETStandard' And '$(NETStandardMaximumVersion)' != '')이(가) ('.NETCoreApp' == '.NETStandard' And '' != '')(으)로 확인되었습니다.
       조건이 잘못되어 "_CheckForUnsupportedTargetFrameworkAndFeatureCombination" 대상을 건너뜁니다. ('$(TargetFrameworkIdentifier)' == '.NETFramework')이(가) ('.NETCoreApp' == '.NETFramework')(으)로 확인되었습니다.
   1:5>"c:\Work\backup\tcpaop\Tests\ProtoTestTool\ProtoTestTool.csproj" 프로젝트의 "C:\Program Files\dotnet\sdk\9.0.309\Sdks\Microsoft.NET.Sdk\targets\Microsoft.NET.Sdk.DefaultItems.Shared.targets" 파일에 있는 "UpdateAspNetToFrameworkReference" 대상("ApplyImplicitVersions" 대상이 종속됨):
       "C:\Program Files\dotnet\sdk\9.0.309\Sdks\Microsoft.NET.Sdk\targets\..\tools\net9.0\Microsoft.NET.Build.Tasks.dll" 어셈블리에서 "CheckIfPackageReferenceShouldBeFrameworkReference" 작업을 사용합니다.
       "CheckIfPackageReferenceShouldBeFrameworkReference" 작업
       "CheckIfPackageReferenceShouldBeFrameworkReference" 작업을 실행했습니다.
       조건이 잘못되어 "NETSdkError" 작업을 건너뜁니다. ('$(_ShouldRemoveAspNetCoreAll)' == 'true')이(가) ('False' == 'true')(으)로 확인되었습니다.
       "CheckIfPackageReferenceShouldBeFrameworkReference" 작업
       "CheckIfPackageReferenceShouldBeFrameworkReference" 작업을 실행했습니다.
       조건이 잘못되어 "NETSdkWarning" 작업을 건너뜁니다. ('$(_ShouldRemoveAspNetCoreApp)' == 'true')이(가) ('False' == 'true')(으)로 확인되었습니다.
   1:5>"ProtoTestTool.csproj" 프로젝트에 "UpdateAspNetToFrameworkReference" 대상을 빌드했습니다.
       조건이 잘못되어 "IncludeTargetingPackReference" 대상을 건너뜁니다. ('$(TargetFrameworkMoniker)' != '' and '$(TargetFrameworkIdentifier)' == '.NETFramework' and '$(AutomaticallyUseReferenceAssemblyPackages)' == 'true')이(가) ('.NETCoreApp,Version=v9.0' != '' and '.NETCoreApp' == '.NETFramework' and 'true' == 'true')(으)로 확인되었습니다.
   1:5>"c:\Work\backup\tcpaop\Tests\ProtoTestTool\ProtoTestTool.csproj" 프로젝트의 "C:\Program Files\dotnet\sdk\9.0.309\Sdks\Microsoft.NET.Sdk\targets\Microsoft.NET.Sdk.DefaultItems.Shared.targets" 파일에 있는 "CheckForImplicitPackageReferenceOverrides" 대상("ApplyImplicitVersions" 대상이 종속됨):
       "C:\Program Files\dotnet\sdk\9.0.309\Sdks\Microsoft.NET.Sdk\targets\..\tools\net9.0\Microsoft.NET.Build.Tasks.dll" 어셈블리에서 "CheckForImplicitPackageReferenceOverrides" 작업을 사용합니다.
       "CheckForImplicitPackageReferenceOverrides" 작업
       "CheckForImplicitPackageReferenceOverrides" 작업을 실행했습니다.
   1:5>"ProtoTestTool.csproj" 프로젝트에 "CheckForImplicitPackageReferenceOverrides" 대상을 빌드했습니다.
   1:5>"c:\Work\backup\tcpaop\Tests\ProtoTestTool\ProtoTestTool.csproj" 프로젝트의 "C:\Program Files\dotnet\sdk\9.0.309\Sdks\Microsoft.NET.Sdk\targets\Microsoft.NET.Sdk.DefaultItems.Shared.targets" 파일에 있는 "ApplyImplicitVersions" 대상("CollectPackageReferences" 대상이 종속됨):
       "C:\Program Files\dotnet\sdk\9.0.309\Sdks\Microsoft.NET.Sdk\targets\..\tools\net9.0\Microsoft.NET.Build.Tasks.dll" 어셈블리에서 "ApplyImplicitVersions" 작업을 사용합니다.
       "ApplyImplicitVersions" 작업
       "ApplyImplicitVersions" 작업을 실행했습니다.
   1:5>"ProtoTestTool.csproj" 프로젝트에 "ApplyImplicitVersions" 대상을 빌드했습니다.
       "CheckForImplicitPackageReferenceOverrides" 대상을 건너뜁니다. 이전에 빌드되었습니다.
   1:5>"c:\Work\backup\tcpaop\Tests\ProtoTestTool\ProtoTestTool.csproj" 프로젝트의 "C:\Program Files\dotnet\sdk\9.0.309\Sdks\Microsoft.NET.Sdk\targets\Microsoft.NET.Sdk.FrameworkReferenceResolution.targets" 파일에 있는 "AddWindowsSdkKnownFrameworkReferences" 대상("ProcessFrameworkReferences" 대상이 종속됨):
       "C:\Program Files\dotnet\sdk\9.0.309\Sdks\Microsoft.NET.Sdk\targets\..\tools\net9.0\Microsoft.NET.Build.Tasks.dll" 어셈블리에서 "CreateWindowsSdkKnownFrameworkReferences" 작업을 사용합니다.
       "CreateWindowsSdkKnownFrameworkReferences" 작업
       "CreateWindowsSdkKnownFrameworkReferences" 작업을 실행했습니다.
   1:5>"ProtoTestTool.csproj" 프로젝트에 "AddWindowsSdkKnownFrameworkReferences" 대상을 빌드했습니다.
   1:5>"c:\Work\backup\tcpaop\Tests\ProtoTestTool\ProtoTestTool.csproj" 프로젝트의 "C:\Program Files\dotnet\sdk\9.0.309\Sdks\Microsoft.NET.Sdk\targets\Microsoft.NET.TargetFrameworkInference.targets" 파일에 있는 "_NormalizeTargetPlatformVersion" 대상("ProcessFrameworkReferences" 대상이 종속됨):
   1:5>"ProtoTestTool.csproj" 프로젝트에 "_NormalizeTargetPlatformVersion" 대상을 빌드했습니다.
   1:5>"c:\Work\backup\tcpaop\Tests\ProtoTestTool\ProtoTestTool.csproj" 프로젝트의 "C:\Program Files\dotnet\sdk\9.0.309\Sdks\Microsoft.NET.Sdk\targets\Microsoft.NET.RuntimeIdentifierInference.targets" 파일에 있는 "_CheckForLanguageAndFeatureCombinationSupport" 대상("ProcessFrameworkReferences" 대상이 종속됨):
       조건이 잘못되어 "NETSdkError" 작업을 건너뜁니다. (('$(Language)' == 'C++' and '$(_EnablePackageReferencesInVCProjects)' != 'true') and $(OutputType) != 'library' and '$(TargetFrameworkIdentifier)' == '.NETCoreApp')이(가) (('C#' == 'C++' and '' != 'true') and WinExe != 'library' and '.NETCoreApp' == '.NETCoreApp')(으)로 확인되었습니다.
       조건이 잘못되어 "NETSdkError" 작업을 건너뜁니다. (('$(Language)' == 'C++' and '$(_EnablePackageReferencesInVCProjects)' != 'true') and $(EnableComHosting) == 'true')이(가) (('C#' == 'C++' and '' != 'true') and  == 'true')(으)로 확인되었습니다.
       조건이 잘못되어 "NETSdkError" 작업을 건너뜁니다. (('$(Language)' == 'C++' and '$(_EnablePackageReferencesInVCProjects)' != 'true') and $(SelfContained) == 'true')이(가) (('C#' == 'C++' and '' != 'true') and false == 'true')(으)로 확인되었습니다.
   1:5>"ProtoTestTool.csproj" 프로젝트에 "_CheckForLanguageAndFeatureCombinationSupport" 대상을 빌드했습니다.
   1:5>"c:\Work\backup\tcpaop\Tests\ProtoTestTool\ProtoTestTool.csproj" 프로젝트의 "C:\Program Files\dotnet\sdk\9.0.309\Sdks\Microsoft.NET.Sdk\targets\Microsoft.NET.Publish.targets" 파일에 있는 "_ComputeToolPackInputsToProcessFrameworkReferences" 대상("ProcessFrameworkReferences" 대상이 종속됨):
   1:5>"ProtoTestTool.csproj" 프로젝트에 "_ComputeToolPackInputsToProcessFrameworkReferences" 대상을 빌드했습니다.
   1:5>"c:\Work\backup\tcpaop\Tests\ProtoTestTool\ProtoTestTool.csproj" 프로젝트의 "C:\Program Files\dotnet\sdk\9.0.309\Sdks\Microsoft.NET.Sdk\targets\Microsoft.NET.Sdk.FrameworkReferenceResolution.targets" 파일에 있는 "ProcessFrameworkReferences" 대상("CollectPackageReferences" 대상이 종속됨):
       "C:\Program Files\dotnet\sdk\9.0.309\Sdks\Microsoft.NET.Sdk\targets\..\tools\net9.0\Microsoft.NET.Build.Tasks.dll" 어셈블리에서 "CheckForDuplicateFrameworkReferences" 작업을 사용합니다.
       "CheckForDuplicateFrameworkReferences" 작업
       "CheckForDuplicateFrameworkReferences" 작업을 실행했습니다.
       "C:\Program Files\dotnet\sdk\9.0.309\Sdks\Microsoft.NET.Sdk\targets\..\tools\net9.0\Microsoft.NET.Build.Tasks.dll" 어셈블리에서 "ProcessFrameworkReferences" 작업을 사용합니다.
       "ProcessFrameworkReferences" 작업
       "ProcessFrameworkReferences" 작업을 실행했습니다.
       "C:\Program Files\dotnet\sdk\9.0.309\Sdks\Microsoft.NET.Sdk\targets\..\tools\net9.0\Microsoft.NET.Build.Tasks.dll" 어셈블리에서 "ResolveAppHosts" 작업을 사용합니다.
       "ResolveAppHosts" 작업
       "ResolveAppHosts" 작업을 실행했습니다.
   1:5>"ProtoTestTool.csproj" 프로젝트에 "ProcessFrameworkReferences" 대상을 빌드했습니다.
       조건이 잘못되어 "IncludeTargetingPackReference" 대상을 건너뜁니다. ('$(TargetFrameworkMoniker)' != '' and '$(TargetFrameworkIdentifier)' == '.NETFramework' and '$(AutomaticallyUseReferenceAssemblyPackages)' == 'true')이(가) ('.NETCoreApp,Version=v9.0' != '' and '.NETCoreApp' == '.NETFramework' and 'true' == 'true')(으)로 확인되었습니다.
       조건이 잘못되어 "_CheckMicrosoftNetCompilersToolsetFrameworkPackageReference" 대상을 건너뜁니다. ('$(MSBuildRuntimeType)' == 'Full')이(가) ('Core' == 'Full')(으)로 확인되었습니다.
   1:5>"c:\Work\backup\tcpaop\Tests\ProtoTestTool\ProtoTestTool.csproj" 프로젝트의 "C:\Program Files\dotnet\sdk\9.0.309\Sdks\Microsoft.NET.Sdk\targets\Microsoft.NET.ObsoleteReferences.targets" 파일에 있는 "_CheckForObsoleteDotNetCliToolReferences" 대상("CollectPackageReferences" 대상이 종속됨):
       조건이 잘못되어 "NETSdkWarning" 작업을 건너뜁니다. ( '%(_ReferenceToObsoleteDotNetCliTool.Identity)' != '' )이(가) ( '' != '' )(으)로 확인되었습니다.
   1:5>"ProtoTestTool.csproj" 프로젝트에 "_CheckForObsoleteDotNetCliToolReferences" 대상을 빌드했습니다.
   1:5>"c:\Work\backup\tcpaop\Tests\ProtoTestTool\ProtoTestTool.csproj" 프로젝트의 "C:\Program Files\dotnet\sdk\9.0.309\NuGet.targets" 파일에 있는 "CollectPackageReferences" 대상("_GetRestoreProjectStyle" 대상이 종속됨):
       "C:\Program Files\dotnet\sdk\9.0.309\NuGet.Build.Tasks.dll" 어셈블리에서 "CheckForDuplicateNuGetItemsTask" 작업을 사용합니다.
       "CheckForDuplicateNuGetItemsTask" 작업
       "CheckForDuplicateNuGetItemsTask" 작업을 실행했습니다.
   1:5>"ProtoTestTool.csproj" 프로젝트에 "CollectPackageReferences" 대상을 빌드했습니다.
   1:5>"c:\Work\backup\tcpaop\Tests\ProtoTestTool\ProtoTestTool.csproj" 프로젝트의 "C:\Program Files\dotnet\sdk\9.0.309\NuGet.targets" 파일에 있는 "_GetRestoreProjectStyle" 대상("_GenerateRestoreSpecs" 대상이 종속됨):
       "C:\Program Files\dotnet\sdk\9.0.309\NuGet.Build.Tasks.dll" 어셈블리에서 "GetRestoreProjectStyleTask" 작업을 사용합니다.
       "GetRestoreProjectStyleTask" 작업
       "GetRestoreProjectStyleTask" 작업을 실행했습니다.
   1:5>"ProtoTestTool.csproj" 프로젝트에 "_GetRestoreProjectStyle" 대상을 빌드했습니다.
   1:5>"c:\Work\backup\tcpaop\Tests\ProtoTestTool\ProtoTestTool.csproj" 프로젝트의 "C:\Program Files\dotnet\sdk\9.0.309\NuGet.targets" 파일에 있는 "_GenerateRestoreSpecs" 대상("_GenerateRestoreGraphProjectEntry" 대상이 종속됨):
       "Message" 작업
         Restore entry point c:\Work\backup\tcpaop\Tests\ProtoTestTool\ProtoTestTool.csproj
       "Message" 작업을 실행했습니다.
   1:5>"ProtoTestTool.csproj" 프로젝트에 "_GenerateRestoreSpecs" 대상을 빌드했습니다.
   1:5>"c:\Work\backup\tcpaop\Tests\ProtoTestTool\ProtoTestTool.csproj" 프로젝트의 "C:\Program Files\dotnet\sdk\9.0.309\NuGet.targets" 파일에 있는 "_GetRestoreSettingsOverrides" 대상("_GetRestoreSettings" 대상이 종속됨):
       조건이 잘못되어 "MSBuild" 작업을 건너뜁니다. ( '$(RestorePackagesPath)' != '' )이(가) ( '' != '' )(으)로 확인되었습니다.
       조건이 잘못되어 "MSBuild" 작업을 건너뜁니다. ( '$(RestoreRepositoryPathOverride)' != '' )이(가) ( '' != '' )(으)로 확인되었습니다.
       조건이 잘못되어 "MSBuild" 작업을 건너뜁니다. ( '$(RestoreSources)' != '' )이(가) ( '' != '' )(으)로 확인되었습니다.
       조건이 잘못되어 "MSBuild" 작업을 건너뜁니다. ( '$(RestoreFallbackFolders)' != '' )이(가) ( '' != '' )(으)로 확인되었습니다.
   1:5>"ProtoTestTool.csproj" 프로젝트에 "_GetRestoreSettingsOverrides" 대상을 빌드했습니다.
   1:5>"c:\Work\backup\tcpaop\Tests\ProtoTestTool\ProtoTestTool.csproj" 프로젝트의 "C:\Program Files\dotnet\sdk\9.0.309\NuGet.targets" 파일에 있는 "_GetRestoreSettingsPerFramework" 대상("_GetRestoreSettingsCurrentProject" 대상이 종속됨):
   1:5>"ProtoTestTool.csproj" 프로젝트에 "_GetRestoreSettingsPerFramework" 대상을 빌드했습니다.
   1:5>"c:\Work\backup\tcpaop\Tests\ProtoTestTool\ProtoTestTool.csproj" 프로젝트의 "C:\Program Files\dotnet\sdk\9.0.309\NuGet.targets" 파일에 있는 "_GetRestoreSettingsCurrentProject" 대상("_GetRestoreSettings" 대상이 종속됨):
   1:5>"ProtoTestTool.csproj" 프로젝트에 "_GetRestoreSettingsCurrentProject" 대상을 빌드했습니다.
       조건이 잘못되어 "_GetRestoreSettingsAllFrameworks" 대상을 건너뜁니다. ( '$(TargetFrameworks)' != '' AND '$(PackageReferenceCompatibleProjectStyle)' == 'true' )이(가) ( '' != '' AND 'True' == 'true' )(으)로 확인되었습니다.
   1:5>"c:\Work\backup\tcpaop\Tests\ProtoTestTool\ProtoTestTool.csproj" 프로젝트의 "C:\Program Files\dotnet\sdk\9.0.309\NuGet.targets" 파일에 있는 "_GetRestoreSettings" 대상("_GenerateDotnetCliToolReferenceSpecs" 대상이 종속됨):
       "C:\Program Files\dotnet\sdk\9.0.309\NuGet.Build.Tasks.dll" 어셈블리에서 "GetRestoreSettingsTask" 작업을 사용합니다.
       "GetRestoreSettingsTask" 작업
         TaskRun (NuGet.Build.Tasks.GetRestoreSettingsTask) 동안 로드된 어셈블리: NuGet.Configuration, Version=6.14.0.116, Culture=neutral, PublicKeyToken=31bf3856ad364e35(위치: C:\Program Files\dotnet\sdk\9.0.309\NuGet.Configuration.dll, MVID: b0f2e3cc-b478-45a0-a863-e83c6e00406f, AssemblyLoadContext: MSBuild plugin C:\Program Files\dotnet\sdk\9.0.309\NuGet.Build.Tasks.dll)
       "GetRestoreSettingsTask" 작업을 실행했습니다.
   1:5>"ProtoTestTool.csproj" 프로젝트에 "_GetRestoreSettings" 대상을 빌드했습니다.
   1:5>"c:\Work\backup\tcpaop\Tests\ProtoTestTool\ProtoTestTool.csproj" 프로젝트의 "C:\Program Files\dotnet\sdk\9.0.309\NuGet.targets" 파일에 있는 "_GenerateDotnetCliToolReferenceSpecs" 대상("_GenerateRestoreGraphProjectEntry" 대상이 종속됨):
       "C:\Program Files\dotnet\sdk\9.0.309\NuGet.Build.Tasks.dll" 어셈블리에서 "GetRestoreDotnetCliToolsTask" 작업을 사용합니다.
       "GetRestoreDotnetCliToolsTask" 작업
       "GetRestoreDotnetCliToolsTask" 작업을 실행했습니다.
   1:5>"ProtoTestTool.csproj" 프로젝트에 "_GenerateDotnetCliToolReferenceSpecs" 대상을 빌드했습니다.
   1:5>"c:\Work\backup\tcpaop\Tests\ProtoTestTool\ProtoTestTool.csproj" 프로젝트의 "C:\Program Files\dotnet\sdk\9.0.309\NuGet.targets" 파일에 있는 "_GenerateRestoreGraphProjectEntry" 대상(진입점):
   1:5>"ProtoTestTool.csproj" 프로젝트에 "_GenerateRestoreGraphProjectEntry" 대상을 빌드했습니다.
   1:5>"c:\Work\backup\tcpaop\Tests\ProtoTestTool\ProtoTestTool.csproj" 프로젝트를 빌드했습니다(_GenerateRestoreGraphProjectEntry 대상).
     1>"MSBuild" 작업을 실행했습니다.
       "MSBuild" 작업
         전역 속성:
           ExcludeRestorePackageImports=true
     1>"c:\Work\backup\tcpaop\Tests\ProtoTestTool\ProtoTestTool.csproj"(1) 프로젝트가 1 노드에서 "c:\Work\backup\tcpaop\Tests\ProtoTestTool\ProtoTestTool.csproj"(1:6)을(를) 빌드하고 있습니다(_GenerateProjectRestoreGraph 대상).
   1:6>"_GetRestoreProjectStyle" 대상을 건너뜁니다. 이전에 빌드되었습니다.
       "_GetRestoreProjectStyle" 대상을 건너뜁니다. 이전에 빌드되었습니다.
       "_GetRestoreProjectStyle" 대상을 건너뜁니다. 이전에 빌드되었습니다.
   1:6>"c:\Work\backup\tcpaop\Tests\ProtoTestTool\ProtoTestTool.csproj" 프로젝트의 "C:\Program Files\dotnet\sdk\9.0.309\NuGet.targets" 파일에 있는 "_GetRestoreTargetFrameworkOverride" 대상("_GetRestoreTargetFrameworksOutput" 대상이 종속됨):
       조건이 잘못되어 "GetGlobalPropertyValueTask" 작업을 건너뜁니다. ( '$(TargetFrameworks)' != '' )이(가) ( '' != '' )(으)로 확인되었습니다.
   1:6>"ProtoTestTool.csproj" 프로젝트에 "_GetRestoreTargetFrameworkOverride" 대상을 빌드했습니다.
   1:6>"c:\Work\backup\tcpaop\Tests\ProtoTestTool\ProtoTestTool.csproj" 프로젝트의 "C:\Program Files\dotnet\sdk\9.0.309\NuGet.targets" 파일에 있는 "_GetRestoreTargetFrameworksOutput" 대상("_GenerateRestoreProjectSpec" 대상이 종속됨):
       "C:\Program Files\dotnet\sdk\9.0.309\NuGet.Build.Tasks.dll" 어셈블리에서 "GetProjectTargetFrameworksTask" 작업을 사용합니다.
       "GetProjectTargetFrameworksTask" 작업
       "GetProjectTargetFrameworksTask" 작업을 실행했습니다.
   1:6>"ProtoTestTool.csproj" 프로젝트에 "_GetRestoreTargetFrameworksOutput" 대상을 빌드했습니다.
       "_GetRestoreSettings" 대상을 건너뜁니다. 이전에 빌드되었습니다.
   1:6>"c:\Work\backup\tcpaop\Tests\ProtoTestTool\ProtoTestTool.csproj" 프로젝트의 "C:\Program Files\dotnet\sdk\9.0.309\NuGet.targets" 파일에 있는 "_GenerateRestoreProjectSpec" 대상("_GenerateProjectRestoreGraph" 대상이 종속됨):
       "ConvertToAbsolutePath" 작업
       "ConvertToAbsolutePath" 작업을 실행했습니다.
   1:6>"ProtoTestTool.csproj" 프로젝트에 "_GenerateRestoreProjectSpec" 대상을 빌드했습니다.
       조건이 잘못되어 "_GenerateProjectRestoreGraphAllFrameworks" 대상을 건너뜁니다. ( '$(TargetFrameworks)' != '' )이(가) ( '' != '' )(으)로 확인되었습니다.
       "_GetRestoreProjectStyle" 대상을 건너뜁니다. 이전에 빌드되었습니다.
       "CollectPackageReferences" 대상을 건너뜁니다. 이전에 빌드되었습니다.
   1:6>"c:\Work\backup\tcpaop\Tests\ProtoTestTool\ProtoTestTool.csproj" 프로젝트의 "C:\Program Files\dotnet\sdk\9.0.309\NuGet.targets" 파일에 있는 "CollectPackageDownloads" 대상("_CollectRestoreInputs" 대상이 종속됨):
       "CheckForDuplicateNuGetItemsTask" 작업
       "CheckForDuplicateNuGetItemsTask" 작업을 실행했습니다.
   1:6>"ProtoTestTool.csproj" 프로젝트에 "CollectPackageDownloads" 대상을 빌드했습니다.
   1:6>"c:\Work\backup\tcpaop\Tests\ProtoTestTool\ProtoTestTool.csproj" 프로젝트의 "C:\Program Files\dotnet\sdk\9.0.309\NuGet.targets" 파일에 있는 "CollectFrameworkReferences" 대상("_CollectRestoreInputs" 대상이 종속됨):
   1:6>"ProtoTestTool.csproj" 프로젝트에 "CollectFrameworkReferences" 대상을 빌드했습니다.
   1:6>"c:\Work\backup\tcpaop\Tests\ProtoTestTool\ProtoTestTool.csproj" 프로젝트의 "C:\Program Files\dotnet\sdk\9.0.309\NuGet.targets" 파일에 있는 "CollectCentralPackageVersions" 대상("_CollectRestoreInputs" 대상이 종속됨):
       "CheckForDuplicateNuGetItemsTask" 작업
       "CheckForDuplicateNuGetItemsTask" 작업을 실행했습니다.
   1:6>"ProtoTestTool.csproj" 프로젝트에 "CollectCentralPackageVersions" 대상을 빌드했습니다.
   1:6>"c:\Work\backup\tcpaop\Tests\ProtoTestTool\ProtoTestTool.csproj" 프로젝트의 "C:\Program Files\dotnet\sdk\9.0.309\NuGet.targets" 파일에 있는 "CollectNuGetAuditSuppressions" 대상("_CollectRestoreInputs" 대상이 종속됨):
       "CheckForDuplicateNuGetItemsTask" 작업
       "CheckForDuplicateNuGetItemsTask" 작업을 실행했습니다.
   1:6>"ProtoTestTool.csproj" 프로젝트에 "CollectNuGetAuditSuppressions" 대상을 빌드했습니다.
       조건이 잘못되어 "AddPrunePackageReferences" 대상을 건너뜁니다. ('$(RestoreEnablePackagePruning)' == 'true')이(가) ('false' == 'true')(으)로 확인되었습니다.
   1:6>"c:\Work\backup\tcpaop\Tests\ProtoTestTool\ProtoTestTool.csproj" 프로젝트의 "C:\Program Files\dotnet\sdk\9.0.309\NuGet.targets" 파일에 있는 "CollectPrunePackageReferences" 대상("_CollectRestoreInputs" 대상이 종속됨):
       "CheckForDuplicateNuGetItemsTask" 작업
       "CheckForDuplicateNuGetItemsTask" 작업을 실행했습니다.
   1:6>"ProtoTestTool.csproj" 프로젝트에 "CollectPrunePackageReferences" 대상을 빌드했습니다.
   1:6>"c:\Work\backup\tcpaop\Tests\ProtoTestTool\ProtoTestTool.csproj" 프로젝트의 "C:\Program Files\dotnet\sdk\9.0.309\NuGet.targets" 파일에 있는 "_CollectRestoreInputs" 대상("_GenerateProjectRestoreGraphPerFramework" 대상이 종속됨):
   1:6>"ProtoTestTool.csproj" 프로젝트에 "_CollectRestoreInputs" 대상을 빌드했습니다.
       조건이 잘못되어 "PrepRestoreForStoreProjects" 대상을 건너뜁니다. ('$(StorePackageName)' != '')이(가) ('' != '')(으)로 확인되었습니다.
   1:6>"c:\Work\backup\tcpaop\Tests\ProtoTestTool\ProtoTestTool.csproj" 프로젝트의 "C:\Program Files\dotnet\sdk\9.0.309\NuGet.targets" 파일에 있는 "_GenerateProjectRestoreGraphPerFramework" 대상("_GenerateProjectRestoreGraphCurrentProject" 대상이 종속됨):
       "C:\Program Files\dotnet\sdk\9.0.309\NuGet.Build.Tasks.dll" 어셈블리에서 "GetRestoreProjectReferencesTask" 작업을 사용합니다.
       "GetRestoreProjectReferencesTask" 작업
       "GetRestoreProjectReferencesTask" 작업을 실행했습니다.
       "C:\Program Files\dotnet\sdk\9.0.309\NuGet.Build.Tasks.dll" 어셈블리에서 "GetRestorePackageReferencesTask" 작업을 사용합니다.
       "GetRestorePackageReferencesTask" 작업
       "GetRestorePackageReferencesTask" 작업을 실행했습니다.
       "C:\Program Files\dotnet\sdk\9.0.309\NuGet.Build.Tasks.dll" 어셈블리에서 "GetCentralPackageVersionsTask" 작업을 사용합니다.
       "GetCentralPackageVersionsTask" 작업
       "GetCentralPackageVersionsTask" 작업을 실행했습니다.
       "C:\Program Files\dotnet\sdk\9.0.309\NuGet.Build.Tasks.dll" 어셈블리에서 "GetRestorePackageDownloadsTask" 작업을 사용합니다.
       "GetRestorePackageDownloadsTask" 작업
       "GetRestorePackageDownloadsTask" 작업을 실행했습니다.
       "C:\Program Files\dotnet\sdk\9.0.309\NuGet.Build.Tasks.dll" 어셈블리에서 "GetRestoreFrameworkReferencesTask" 작업을 사용합니다.
       "GetRestoreFrameworkReferencesTask" 작업
       "GetRestoreFrameworkReferencesTask" 작업을 실행했습니다.
       "C:\Program Files\dotnet\sdk\9.0.309\NuGet.Build.Tasks.dll" 어셈블리에서 "GetRestoreNuGetAuditSuppressionsTask" 작업을 사용합니다.
       "GetRestoreNuGetAuditSuppressionsTask" 작업
       "GetRestoreNuGetAuditSuppressionsTask" 작업을 실행했습니다.
       "C:\Program Files\dotnet\sdk\9.0.309\NuGet.Build.Tasks.dll" 어셈블리에서 "GetRestorePrunePackageReferencesTask" 작업을 사용합니다.
       "GetRestorePrunePackageReferencesTask" 작업
       "GetRestorePrunePackageReferencesTask" 작업을 실행했습니다.
   1:6>"ProtoTestTool.csproj" 프로젝트에 "_GenerateProjectRestoreGraphPerFramework" 대상을 빌드했습니다.
   1:6>"c:\Work\backup\tcpaop\Tests\ProtoTestTool\ProtoTestTool.csproj" 프로젝트의 "C:\Program Files\dotnet\sdk\9.0.309\NuGet.targets" 파일에 있는 "_GenerateProjectRestoreGraphCurrentProject" 대상("_GenerateRestoreDependencies" 대상이 종속됨):
   1:6>"ProtoTestTool.csproj" 프로젝트에 "_GenerateProjectRestoreGraphCurrentProject" 대상을 빌드했습니다.
   1:6>"c:\Work\backup\tcpaop\Tests\ProtoTestTool\ProtoTestTool.csproj" 프로젝트의 "C:\Program Files\dotnet\sdk\9.0.309\NuGet.targets" 파일에 있는 "_GenerateRestoreDependencies" 대상("_GenerateProjectRestoreGraph" 대상이 종속됨):
   1:6>"ProtoTestTool.csproj" 프로젝트에 "_GenerateRestoreDependencies" 대상을 빌드했습니다.
   1:6>"c:\Work\backup\tcpaop\Tests\ProtoTestTool\ProtoTestTool.csproj" 프로젝트의 "C:\Program Files\dotnet\sdk\9.0.309\NuGet.targets" 파일에 있는 "_GenerateProjectRestoreGraph" 대상(진입점):
   1:6>"ProtoTestTool.csproj" 프로젝트에 "_GenerateProjectRestoreGraph" 대상을 빌드했습니다.
   1:6>"c:\Work\backup\tcpaop\Tests\ProtoTestTool\ProtoTestTool.csproj" 프로젝트를 빌드했습니다(_GenerateProjectRestoreGraph 대상).
     1>"MSBuild" 작업을 실행했습니다.
     1>"ProtoTestTool.csproj" 프로젝트에 "_GenerateRestoreGraph" 대상을 빌드했습니다.
       조건이 잘못되어 "_CheckForUnsupportedTargetFramework" 대상을 건너뜁니다. ('$(_UnsupportedTargetFrameworkError)' == 'true')이(가) ('' == 'true')(으)로 확인되었습니다.
     1>"c:\Work\backup\tcpaop\Tests\ProtoTestTool\ProtoTestTool.csproj" 프로젝트의 "C:\Program Files\dotnet\sdk\9.0.309\Sdks\Microsoft.NET.Sdk\targets\Microsoft.NET.TargetFrameworkInference.targets" 파일에 있는 "_CollectTargetFrameworkForTelemetry" 대상("Restore" 대상이 종속됨):
       "C:\Program Files\dotnet\sdk\9.0.309\Sdks\Microsoft.NET.Sdk\targets\..\tools\net9.0\Microsoft.NET.Build.Tasks.dll" 어셈블리에서 "AllowEmptyTelemetry" 작업을 사용합니다.
       "AllowEmptyTelemetry" 작업
       "AllowEmptyTelemetry" 작업을 실행했습니다.
     1>"ProtoTestTool.csproj" 프로젝트에 "_CollectTargetFrameworkForTelemetry" 대상을 빌드했습니다.
     1>"c:\Work\backup\tcpaop\Tests\ProtoTestTool\ProtoTestTool.csproj" 프로젝트의 "C:\Program Files\dotnet\sdk\9.0.309\Sdks\Microsoft.NET.Sdk\targets\Microsoft.NET.TargetFrameworkInference.targets" 파일에 있는 "_CheckForUnsupportedNETCoreVersion" 대상("Restore" 대상이 종속됨):
       조건이 잘못되어 "NETSdkError" 작업을 건너뜁니다. ('$(_TargetFrameworkVersionWithoutV)' > '$(NETCoreAppMaximumVersion)' and '$(DisplayVSMessage)' != 'true')이(가) ('9.0' > '9.0' and '' != 'true')(으)로 확인되었습니다.
       조건이 잘못되어 "NETSdkError" 작업을 건너뜁니다. ('$(DisplayVSMessage)' == 'true')이(가) ('' == 'true')(으)로 확인되었습니다.
     1>"ProtoTestTool.csproj" 프로젝트에 "_CheckForUnsupportedNETCoreVersion" 대상을 빌드했습니다.
       조건이 잘못되어 "_CheckForEolTargetFrameworks" 대상을 건너뜁니다. ('@(_EolNetCoreTargetFrameworkVersions->AnyHaveMetadataValue('Identity', '$(_TargetFrameworkVersionWithoutV)'))' and '$(TargetFrameworkIdentifier)' == '.NETCoreApp' and '$(CheckEolTargetFramework)' == 'true')이(가) ('false' and '.NETCoreApp' == '.NETCoreApp' and 'true' == 'true')(으)로 확인되었습니다.
       조건이 잘못되어 "_CheckForEolWorkloads" 대상을 건너뜁니다. ('@(EolWorkload)' != '' and '$(CheckEolWorkloads)' == 'true')이(가) ('' != '' and 'true' == 'true')(으)로 확인되었습니다.
       조건이 잘못되어 "_CheckForNotRecommendedNETStandardVersion" 대상을 건너뜁니다. ('$(TargetFrameworkIdentifier)' == '.NETStandard' and $([MSBuild]::VersionLessThan($(TargetFrameworkVersion), '2.0')))이(가) ('.NETCoreApp' == '.NETStandard' and False)(으)로 확인되었습니다.
     1>"c:\Work\backup\tcpaop\Tests\ProtoTestTool\ProtoTestTool.csproj" 프로젝트의 "C:\Program Files\dotnet\sdk\9.0.309\Sdks\Microsoft.NET.Sdk\targets\Microsoft.NET.TargetFrameworkInference.targets" 파일에 있는 "_CheckForUnsupportedCppNETCoreVersion" 대상("Restore" 대상이 종속됨):
       조건이 잘못되어 "NETSdkError" 작업을 건너뜁니다. ('$(TargetFrameworkIdentifier)' == '.NETCoreApp' and '$(_TargetFrameworkVersionWithoutV)' < '3.1' and ('$(Language)' == 'C++' and '$(_EnablePackageReferencesInVCProjects)' != 'true'))이(가) ('.NETCoreApp' == '.NETCoreApp' and '9.0' < '3.1' and ('C#' == 'C++' and '' != 'true'))(으)로 확인되었습니다.
     1>"ProtoTestTool.csproj" 프로젝트에 "_CheckForUnsupportedCppNETCoreVersion" 대상을 빌드했습니다.
       조건이 잘못되어 "_CheckForUnsupportedNETStandardVersion" 대상을 건너뜁니다. ('$(TargetFrameworkIdentifier)' == '.NETStandard' And '$(NETStandardMaximumVersion)' != '')이(가) ('.NETCoreApp' == '.NETStandard' And '' != '')(으)로 확인되었습니다.
       조건이 잘못되어 "_CheckForUnsupportedTargetFrameworkAndFeatureCombination" 대상을 건너뜁니다. ('$(TargetFrameworkIdentifier)' == '.NETFramework')이(가) ('.NETCoreApp' == '.NETFramework')(으)로 확인되었습니다.
     1>"c:\Work\backup\tcpaop\Tests\ProtoTestTool\ProtoTestTool.csproj" 프로젝트의 "C:\Program Files\dotnet\sdk\9.0.309\NuGet.targets" 파일에 있는 "Restore" 대상(진입점):
       "RemoveDuplicates" 작업
       "RemoveDuplicates" 작업을 실행했습니다.
       "C:\Program Files\dotnet\sdk\9.0.309\NuGet.Build.Tasks.dll" 어셈블리에서 "RestoreTask" 작업을 사용합니다.
       "RestoreTask" 작업
         TaskRun (NuGet.Build.Tasks.RestoreTask) 동안 로드된 어셈블리: NuGet.Packaging, Version=6.14.0.116, Culture=neutral, PublicKeyToken=31bf3856ad364e35(위치: C:\Program Files\dotnet\sdk\9.0.309\NuGet.Packaging.dll, MVID: cdc50a13-9777-4bbf-997e-763beae18a61, AssemblyLoadContext: MSBuild plugin C:\Program Files\dotnet\sdk\9.0.309\NuGet.Build.Tasks.dll)
         TaskRun (NuGet.Build.Tasks.RestoreTask) 동안 로드된 어셈블리: NuGet.LibraryModel, Version=6.14.0.116, Culture=neutral, PublicKeyToken=31bf3856ad364e35(위치: C:\Program Files\dotnet\sdk\9.0.309\NuGet.LibraryModel.dll, MVID: e00b38b3-9e45-44a2-8023-8c8ae09208b7, AssemblyLoadContext: MSBuild plugin C:\Program Files\dotnet\sdk\9.0.309\NuGet.Build.Tasks.dll)
         TaskRun (NuGet.Build.Tasks.RestoreTask) 동안 로드된 어셈블리: NuGet.Versioning, Version=6.14.0.116, Culture=neutral, PublicKeyToken=31bf3856ad364e35(위치: C:\Program Files\dotnet\sdk\9.0.309\NuGet.Versioning.dll, MVID: ecae64d3-0ef8-4164-9110-1e65ba08bca4, AssemblyLoadContext: MSBuild plugin C:\Program Files\dotnet\sdk\9.0.309\NuGet.Build.Tasks.dll)
         TaskRun (NuGet.Build.Tasks.RestoreTask) 동안 로드된 어셈블리: NuGet.Frameworks, Version=6.14.0.116, Culture=neutral, PublicKeyToken=31bf3856ad364e35(위치: C:\Program Files\dotnet\sdk\9.0.309\NuGet.Frameworks.dll, MVID: 6b5909cd-5145-46c4-9595-25461e82c126, AssemblyLoadContext: MSBuild plugin C:\Program Files\dotnet\sdk\9.0.309\NuGet.Build.Tasks.dll)
         TaskRun (NuGet.Build.Tasks.RestoreTask) 동안 로드된 어셈블리: System.Buffers, Version=9.0.0.0, Culture=neutral, PublicKeyToken=cc7b13ffcd2ddd51(위치: C:\Program Files\dotnet\shared\Microsoft.NETCore.App\9.0.12\System.Buffers.dll, MVID: f2885968-7465-4de7-83a3-13ada06c8fc1, AssemblyLoadContext: Default)
         TaskRun (NuGet.Build.Tasks.RestoreTask) 동안 로드된 어셈블리: NuGet.Protocol, Version=6.14.0.116, Culture=neutral, PublicKeyToken=31bf3856ad364e35(위치: C:\Program Files\dotnet\sdk\9.0.309\NuGet.Protocol.dll, MVID: f8777b05-1686-441b-9cec-a9710c5aa900, AssemblyLoadContext: MSBuild plugin C:\Program Files\dotnet\sdk\9.0.309\NuGet.Build.Tasks.dll)
         TaskRun (NuGet.Build.Tasks.RestoreTask) 동안 로드된 어셈블리: NuGet.Credentials, Version=6.14.0.116, Culture=neutral, PublicKeyToken=31bf3856ad364e35(위치: C:\Program Files\dotnet\sdk\9.0.309\NuGet.Credentials.dll, MVID: bd6612c0-8432-48ef-9aa9-96a29d2c500a, AssemblyLoadContext: MSBuild plugin C:\Program Files\dotnet\sdk\9.0.309\NuGet.Build.Tasks.dll)
         TaskRun (NuGet.Build.Tasks.RestoreTask) 동안 로드된 어셈블리: NuGet.Packaging.resources, Version=6.14.0.116, Culture=ko, PublicKeyToken=31bf3856ad364e35, processorArchitecture=MSIL(위치: C:\Program Files\dotnet\sdk\9.0.309\ko\NuGet.Packaging.resources.dll, MVID: c9871365-950c-4717-a61b-d299107853db, AssemblyLoadContext: MSBuild plugin C:\Program Files\dotnet\sdk\9.0.309\NuGet.Build.Tasks.dll)
         TaskRun (NuGet.Build.Tasks.RestoreTask) 동안 로드된 어셈블리: System.Collections.NonGeneric, Version=9.0.0.0, Culture=neutral, PublicKeyToken=b03f5f7f11d50a3a(위치: C:\Program Files\dotnet\shared\Microsoft.NETCore.App\9.0.12\System.Collections.NonGeneric.dll, MVID: 94f131eb-4a50-4c14-8261-b7bb4205efb2, AssemblyLoadContext: Default)
         X.509 인증서 체인 유효성 검사는 코드 서명에 .NET에서 선택한 기본 신뢰 저장소를 사용합니다.
         X.509 인증서 체인 유효성 검사는 타임스탬프에 .NET에서 선택한 기본 신뢰 저장소를 사용합니다.
         TaskRun (NuGet.Build.Tasks.RestoreTask) 동안 로드된 어셈블리: NuGet.DependencyResolver.Core, Version=6.14.0.116, Culture=neutral, PublicKeyToken=31bf3856ad364e35(위치: C:\Program Files\dotnet\sdk\9.0.309\NuGet.DependencyResolver.Core.dll, MVID: 6b197cc7-1c4a-4e48-895c-328987fdea28, AssemblyLoadContext: MSBuild plugin C:\Program Files\dotnet\sdk\9.0.309\NuGet.Build.Tasks.dll)
         TaskRun (NuGet.Build.Tasks.RestoreTask) 동안 로드된 어셈블리: NuGet.Commands.resources, Version=6.14.0.116, Culture=ko, PublicKeyToken=31bf3856ad364e35, processorArchitecture=MSIL(위치: C:\Program Files\dotnet\sdk\9.0.309\ko\NuGet.Commands.resources.dll, MVID: f68fc4f6-3dcd-420d-b49a-78925d4aa005, AssemblyLoadContext: MSBuild plugin C:\Program Files\dotnet\sdk\9.0.309\NuGet.Build.Tasks.dll)
         16개 동시 작업에서 복원을 실행하는 중입니다.
         프로젝트 파일 c:\Work\backup\tcpaop\Tests\ProtoTestTool\ProtoTestTool.csproj을(를) 읽는 중입니다.
         TaskRun (NuGet.Build.Tasks.RestoreTask) 동안 로드된 어셈블리: Newtonsoft.Json, Version=13.0.0.0, Culture=neutral, PublicKeyToken=30ad4fe6b2a6aeed(위치: C:\Program Files\dotnet\sdk\9.0.309\Newtonsoft.Json.dll, MVID: 7e62198b-eab2-4380-bbac-29171862d1d8, AssemblyLoadContext: MSBuild plugin C:\Program Files\dotnet\sdk\9.0.309\NuGet.Build.Tasks.dll)
         TaskRun (NuGet.Build.Tasks.RestoreTask) 동안 로드된 어셈블리: System.Runtime.Serialization.Primitives, Version=9.0.0.0, Culture=neutral, PublicKeyToken=b03f5f7f11d50a3a(위치: C:\Program Files\dotnet\shared\Microsoft.NETCore.App\9.0.12\System.Runtime.Serialization.Primitives.dll, MVID: 0179fff1-49b1-4942-82a7-387fb27995a7, AssemblyLoadContext: Default)
         TaskRun (NuGet.Build.Tasks.RestoreTask) 동안 로드된 어셈블리: System.Runtime.Numerics, Version=9.0.0.0, Culture=neutral, PublicKeyToken=b03f5f7f11d50a3a(위치: C:\Program Files\dotnet\shared\Microsoft.NETCore.App\9.0.12\System.Runtime.Numerics.dll, MVID: 17ec79ce-2315-40ef-9614-25f156ef7d1f, AssemblyLoadContext: Default)
         TaskRun (NuGet.Build.Tasks.RestoreTask) 동안 로드된 어셈블리: System.Text.Encodings.Web, Version=9.0.0.0, Culture=neutral, PublicKeyToken=cc7b13ffcd2ddd51(위치: C:\Program Files\dotnet\shared\Microsoft.NETCore.App\9.0.12\System.Text.Encodings.Web.dll, MVID: 2830ed01-c9fb-4762-a25a-40d2e5ce2c40, AssemblyLoadContext: Default)
         TaskRun (NuGet.Build.Tasks.RestoreTask) 동안 로드된 어셈블리: System.Runtime.Intrinsics, Version=9.0.0.0, Culture=neutral, PublicKeyToken=cc7b13ffcd2ddd51(위치: C:\Program Files\dotnet\shared\Microsoft.NETCore.App\9.0.12\System.Runtime.Intrinsics.dll, MVID: e5b6d05b-1cd7-4559-92a1-1f73880c5b4c, AssemblyLoadContext: Default)
         TaskRun (NuGet.Build.Tasks.RestoreTask) 동안 로드된 어셈블리: System.Reflection.Emit.Lightweight, Version=9.0.0.0, Culture=neutral, PublicKeyToken=b03f5f7f11d50a3a(위치: C:\Program Files\dotnet\shared\Microsoft.NETCore.App\9.0.12\System.Reflection.Emit.Lightweight.dll, MVID: fca62595-5b58-45f0-8697-f5234fb63c7e, AssemblyLoadContext: Default)
         TaskRun (NuGet.Build.Tasks.RestoreTask) 동안 로드된 어셈블리: System.Reflection.Primitives, Version=9.0.0.0, Culture=neutral, PublicKeyToken=b03f5f7f11d50a3a(위치: C:\Program Files\dotnet\shared\Microsoft.NETCore.App\9.0.12\System.Reflection.Primitives.dll, MVID: 687f41e4-1987-432c-8d6a-1d119ba1be1e, AssemblyLoadContext: Default)
         TaskRun (NuGet.Build.Tasks.RestoreTask) 동안 로드된 어셈블리: System.Reflection.Emit.ILGeneration, Version=9.0.0.0, Culture=neutral, PublicKeyToken=b03f5f7f11d50a3a(위치: C:\Program Files\dotnet\shared\Microsoft.NETCore.App\9.0.12\System.Reflection.Emit.ILGeneration.dll, MVID: 1d39f8fa-4f63-4739-a667-e6e70f597229, AssemblyLoadContext: Default)
         'ProtoTestTool'에 대한 복원 입력이 변경되었습니다. 복원을 계속합니다.
         c:\Work\backup\tcpaop\Tests\ProtoTestTool\ProtoTestTool.csproj의 패키지를 복원하는 중...
         TaskRun (NuGet.Build.Tasks.RestoreTask) 동안 로드된 어셈블리: NuGet.Protocol.resources, Version=6.14.0.116, Culture=ko, PublicKeyToken=31bf3856ad364e35, processorArchitecture=MSIL(위치: C:\Program Files\dotnet\sdk\9.0.309\ko\NuGet.Protocol.resources.dll, MVID: 54d309c9-65a2-4601-a199-fc25edd4ce55, AssemblyLoadContext: MSBuild plugin C:\Program Files\dotnet\sdk\9.0.309\NuGet.Build.Tasks.dll)
         TaskRun (NuGet.Build.Tasks.RestoreTask) 동안 로드된 어셈블리: System.Runtime.Serialization.Formatters, Version=8.1.0.0, Culture=neutral, PublicKeyToken=b03f5f7f11d50a3a(위치: C:\Program Files\dotnet\shared\Microsoft.NETCore.App\9.0.12\System.Runtime.Serialization.Formatters.dll, MVID: 0f9714aa-f9e7-4bfd-8860-148fb6a11ffb, AssemblyLoadContext: Default)
           CACHE https://api.nuget.org/v3/vulnerabilities/index.json
         TaskRun (NuGet.Build.Tasks.RestoreTask) 동안 로드된 어셈블리: System.Diagnostics.TraceSource, Version=9.0.0.0, Culture=neutral, PublicKeyToken=b03f5f7f11d50a3a(위치: C:\Program Files\dotnet\shared\Microsoft.NETCore.App\9.0.12\System.Diagnostics.TraceSource.dll, MVID: 9ccf130c-185b-41cd-b894-7b7a26ebe982, AssemblyLoadContext: Default)
           CACHE https://api.nuget.org/v3-vulnerabilities/2026.01.21.11.36.10/vulnerability.base.json
           CACHE https://api.nuget.org/v3-vulnerabilities/2026.01.21.11.36.10/2026.01.21.23.36.12/vulnerability.update.json
         TaskRun (NuGet.Build.Tasks.RestoreTask) 동안 로드된 어셈블리: Microsoft.Extensions.FileSystemGlobbing, Version=9.0.0.0, Culture=neutral, PublicKeyToken=adb9793829ddae60(위치: C:\Program Files\dotnet\sdk\9.0.309\Microsoft.Extensions.FileSystemGlobbing.dll, MVID: a89f1dd5-dd10-4490-8558-551081490007, AssemblyLoadContext: Default)
         TaskRun (NuGet.Build.Tasks.RestoreTask) 동안 로드된 어셈블리: Microsoft.Extensions.FileProviders.Abstractions, Version=9.0.0.0, Culture=neutral, PublicKeyToken=adb9793829ddae60(위치: C:\Program Files\dotnet\sdk\9.0.309\Microsoft.Extensions.FileProviders.Abstractions.dll, MVID: 765e26c8-561e-4ace-94d7-9b841f1d19cd, AssemblyLoadContext: Default)
         TaskRun (NuGet.Build.Tasks.RestoreTask) 동안 로드된 어셈블리: Microsoft.Extensions.Primitives, Version=9.0.0.0, Culture=neutral, PublicKeyToken=adb9793829ddae60(위치: C:\Program Files\dotnet\sdk\9.0.309\Microsoft.Extensions.Primitives.dll, MVID: fb8d7b2c-1d94-4c7c-874f-04d3484f3c65, AssemblyLoadContext: Default)
         모든 패키지와 프로젝트가 net9.0-windows7.0과(와) 호환됩니다.
         복원을 커밋하는 중...
         자산 파일이 변경되지 않았습니다. 자산 파일 쓰기를 건너뜁니다. 경로: c:\Work\backup\tcpaop\Tests\ProtoTestTool\obj\project.assets.json
         캐시 파일을 디스크에 쓰는 중입니다. 경로: c:\Work\backup\tcpaop\Tests\ProtoTestTool\obj\project.nuget.cache
         TaskRun (NuGet.Build.Tasks.RestoreTask) 동안 로드된 어셈블리: System.IO.Pipelines, Version=9.0.0.0, Culture=neutral, PublicKeyToken=cc7b13ffcd2ddd51(위치: C:\Program Files\dotnet\shared\Microsoft.NETCore.App\9.0.12\System.IO.Pipelines.dll, MVID: f2509222-d7d1-4f45-9dac-7e5f7043e5d3, AssemblyLoadContext: Default)
         Persisting dg to c:\Work\backup\tcpaop\Tests\ProtoTestTool\obj\ProtoTestTool.csproj.nuget.dgspec.json
         TaskRun (NuGet.Build.Tasks.RestoreTask) 동안 로드된 어셈블리: NuGet.Common.resources, Version=6.14.0.116, Culture=ko, PublicKeyToken=31bf3856ad364e35, processorArchitecture=MSIL(위치: C:\Program Files\dotnet\sdk\9.0.309\ko\NuGet.Common.resources.dll, MVID: a8992198-9539-47c3-b1dc-d476d05828a8, AssemblyLoadContext: MSBuild plugin C:\Program Files\dotnet\sdk\9.0.309\NuGet.Build.Tasks.dll)
         c:\Work\backup\tcpaop\Tests\ProtoTestTool\ProtoTestTool.csproj을(를) 273밀리초 동안 복원했습니다.
         
         사용된 NuGet Config 파일:
             C:\Users\kentz\AppData\Roaming\NuGet\NuGet.Config
         
         사용된 피드:
             https://api.nuget.org/v3/index.json
       "RestoreTask" 작업을 실행했습니다.
     1>"ProtoTestTool.csproj" 프로젝트에 "Restore" 대상을 빌드했습니다.
     1>"c:\Work\backup\tcpaop\Tests\ProtoTestTool\ProtoTestTool.csproj" 프로젝트를 빌드했습니다(Restore 대상).
     0>SDK "Microsoft.NET.Sdk"이(가) "DefaultSdkResolver" 확인자에 의해 "C:\Program Files\dotnet\sdk\9.0.309\Sdks\Microsoft.NET.Sdk\Sdk" 위치 및 "" 버전으로 확인되었습니다.
       C:\Program Files\dotnet\sdk\9.0.309\Sdks\Microsoft.NET.Sdk\Sdk\Sdk.props(49,11): message : 환경에서 값이 'MSBuildExtensionsPath'인 속성 'C:\Program Files\dotnet\sdk\9.0.309\'이(가) 확장되었습니다.
       C:\Program Files\dotnet\sdk\9.0.309\Current\Microsoft.Common.props(60,5): message : 속성 재할당: $(MSBuildProjectExtensionsPath)=C:\Program Files\dotnet\sdk\9.0.309\Current\Microsoft.Common.props (60,5)의 "c:\Work\backup\tcpaop\Tests\ProtoTestTool\obj\"(이전 값: "obj\")
       c:\Work\backup\tcpaop\Tests\ProtoTestTool\obj\ProtoTestTool.csproj.nuget.g.props(7,5): message : 환경에서 값이 'USERPROFILE'인 속성 'C:\Users\kentz'이(가) 확장되었습니다.
       C:\Program Files\dotnet\sdk\9.0.309\Current\Microsoft.Common.props(84,119): message : 환경에서 값이 'MSBuildUserExtensionsPath'인 속성 'C:\Users\kentz\AppData\Local\Microsoft\MSBuild'이(가) 확장되었습니다.
       C:\Program Files\dotnet\sdk\9.0.309\Sdks\Microsoft.NET.Sdk\targets\Microsoft.NET.Sdk.props(90,5): message : 속성 재할당: $(AssemblySearchPaths)=C:\Program Files\dotnet\sdk\9.0.309\Sdks\Microsoft.NET.Sdk\targets\Microsoft.NET.Sdk.props (90,5)의 "{CandidateAssemblyFiles};{HintPathFromItem}"(이전 값: "{CandidateAssemblyFiles}")
       C:\Program Files\dotnet\sdk\9.0.309\Sdks\Microsoft.NET.Sdk\targets\Microsoft.NET.Sdk.props(91,5): message : 속성 재할당: $(AssemblySearchPaths)=C:\Program Files\dotnet\sdk\9.0.309\Sdks\Microsoft.NET.Sdk\targets\Microsoft.NET.Sdk.props (91,5)의 "{CandidateAssemblyFiles};{HintPathFromItem};{TargetFrameworkDirectory}"(이전 값: "{CandidateAssemblyFiles};{HintPathFromItem}")
       C:\Program Files\dotnet\sdk\9.0.309\Sdks\Microsoft.NET.Sdk\targets\Microsoft.NET.Sdk.props(92,5): message : 속성 재할당: $(AssemblySearchPaths)=C:\Program Files\dotnet\sdk\9.0.309\Sdks\Microsoft.NET.Sdk\targets\Microsoft.NET.Sdk.props (92,5)의 "{CandidateAssemblyFiles};{HintPathFromItem};{TargetFrameworkDirectory};{RawFileName}"(이전 값: "{CandidateAssemblyFiles};{HintPathFromItem};{TargetFrameworkDirectory}")
       "DefaultSdkResolver" 확인자가 SDK "Microsoft.NET.SDK.WorkloadAutoImportPropsLocator"을(를) 확인하려고 했습니다.
       경고: null
       오류: MSB4276: 디렉터리 "Microsoft.NET.SDK.WorkloadAutoImportPropsLocator"이(가) 없으므로 기본 SDK 확인자가 SDK "C:\Program Files\dotnet\sdk\9.0.309\Sdks\Microsoft.NET.SDK.WorkloadAutoImportPropsLocator\Sdk"을(를) 확인하지 못했습니다.
       SDK "Microsoft.NET.SDK.WorkloadAutoImportPropsLocator"이(가) "Microsoft.DotNet.MSBuildWorkloadSdkResolver" 확인자에 의해 "null" 위치 및 "null" 버전으로 확인되었습니다.
       C:\Program Files\dotnet\sdk\9.0.309\Sdks\Microsoft.NET.Sdk\targets\Microsoft.NET.PackProjectTool.props(15,5): message : 속성 재할당: $(TargetsForTfmSpecificContentInPackage)=C:\Program Files\dotnet\sdk\9.0.309\Sdks\Microsoft.NET.Sdk\targets\Microsoft.NET.PackProjectTool.props (15,5)의 ";PackTool;_PackProjectToolValidation"(이전 값: ";PackTool")
       c:\Work\backup\tcpaop\Tests\ProtoTestTool\ProtoTestTool.csproj(4,5): message : 속성 재할당: $(OutputType)=c:\Work\backup\tcpaop\Tests\ProtoTestTool\ProtoTestTool.csproj (4,5)의 "WinExe"(이전 값: "Library")
       C:\Program Files\dotnet\sdk\9.0.309\Sdks\Microsoft.NET.Sdk\targets\Microsoft.NET.Sdk.ImportPublishProfile.targets(28,5): message : 속성 재할당: $(PublishProfileImported)=C:\Program Files\dotnet\sdk\9.0.309\Sdks\Microsoft.NET.Sdk\targets\Microsoft.NET.Sdk.ImportPublishProfile.targets (28,5)의 "false"(이전 값: "true")
       C:\Program Files\dotnet\sdk\9.0.309\Sdks\Microsoft.NET.Sdk\targets\Microsoft.NET.TargetFrameworkInference.targets(68,5): message : 속성 재할당: $(TargetPlatformVersion)=C:\Program Files\dotnet\sdk\9.0.309\Sdks\Microsoft.NET.Sdk\targets\Microsoft.NET.TargetFrameworkInference.targets (68,5)의 "0.0"(이전 값: "0.0.0.0")
       C:\Program Files\dotnet\sdk\9.0.309\Sdks\Microsoft.NET.Sdk\targets\Microsoft.NET.TargetFrameworkInference.targets(69,5): message : 속성 재할당: $(TargetPlatformVersion)=C:\Program Files\dotnet\sdk\9.0.309\Sdks\Microsoft.NET.Sdk\targets\Microsoft.NET.TargetFrameworkInference.targets (69,5)의 ""(이전 값: "0.0")
       C:\Program Files\dotnet\sdk\9.0.309\Sdks\Microsoft.NET.Sdk\targets\Microsoft.NET.TargetFrameworkInference.targets(71,5): message : 속성 재할당: $(TargetPlatformIdentifier)=C:\Program Files\dotnet\sdk\9.0.309\Sdks\Microsoft.NET.Sdk\targets\Microsoft.NET.TargetFrameworkInference.targets (71,5)의 "Windows"(이전 값: "windows")
       C:\Program Files\dotnet\sdk\9.0.309\Sdks\Microsoft.NET.Sdk\targets\Microsoft.NET.DefaultOutputPaths.targets(122,5): message : 속성 재할당: $(DefaultItemExcludes)=C:\Program Files\dotnet\sdk\9.0.309\Sdks\Microsoft.NET.Sdk\targets\Microsoft.NET.DefaultOutputPaths.targets (122,5)의 ";bin\Debug\/**;obj\Debug\/**"(이전 값: ";bin\Debug\/**")
       C:\Program Files\dotnet\sdk\9.0.309\Sdks\Microsoft.NET.Sdk\targets\Microsoft.NET.DefaultOutputPaths.targets(137,5): message : 속성 재할당: $(OutputPath)=C:\Program Files\dotnet\sdk\9.0.309\Sdks\Microsoft.NET.Sdk\targets\Microsoft.NET.DefaultOutputPaths.targets (137,5)의 "bin\Debug\net9.0-windows\"(이전 값: "bin\Debug\")
       C:\Program Files\dotnet\sdk\9.0.309\Sdks\Microsoft.NET.Sdk\targets\Microsoft.NET.DefaultOutputPaths.targets(142,5): message : 속성 재할당: $(IntermediateOutputPath)=C:\Program Files\dotnet\sdk\9.0.309\Sdks\Microsoft.NET.Sdk\targets\Microsoft.NET.DefaultOutputPaths.targets (142,5)의 "obj\Debug\net9.0-windows\"(이전 값: "obj\Debug\")
       "DefaultSdkResolver" 확인자가 SDK "Microsoft.NET.SDK.WorkloadManifestTargetsLocator"을(를) 확인하려고 했습니다.
       경고: null
       오류: MSB4276: 디렉터리 "Microsoft.NET.SDK.WorkloadManifestTargetsLocator"이(가) 없으므로 기본 SDK 확인자가 SDK "C:\Program Files\dotnet\sdk\9.0.309\Sdks\Microsoft.NET.SDK.WorkloadManifestTargetsLocator\Sdk"을(를) 확인하지 못했습니다.
       SDK "Microsoft.NET.SDK.WorkloadManifestTargetsLocator"이(가) "Microsoft.DotNet.MSBuildWorkloadSdkResolver" 확인자에 의해 "C:\Program Files\dotnet\sdk-manifests\9.0.100\microsoft.net.sdk.android\35.0.7" 위치 및 "null" 버전으로 확인되었습니다.
       C:\Program Files\dotnet\sdk\9.0.309\Sdks\Microsoft.NET.Sdk\targets\Microsoft.NET.Sdk.BeforeCommon.targets(187,5): message : 속성 재할당: $(_FrameworkIdentifierForImplicitDefine)=C:\Program Files\dotnet\sdk\9.0.309\Sdks\Microsoft.NET.Sdk\targets\Microsoft.NET.Sdk.BeforeCommon.targets (187,5)의 "NET"(이전 값: "NETCOREAPP")
       C:\Program Files\dotnet\sdk\9.0.309\Sdks\Microsoft.NET.Sdk\targets\Microsoft.NET.Sdk.BeforeCommon.targets(192,5): message : 속성 재할당: $(_FrameworkVersionForImplicitDefine)=C:\Program Files\dotnet\sdk\9.0.309\Sdks\Microsoft.NET.Sdk\targets\Microsoft.NET.Sdk.BeforeCommon.targets (192,5)의 "9_0"(이전 값: "9.0")
       C:\Program Files\dotnet\sdk\9.0.309\Roslyn\Microsoft.CSharp.Core.targets(200,5): message : 속성 재할당: $(CommandLineArgsForDesignTimeEvaluation)=C:\Program Files\dotnet\sdk\9.0.309\Roslyn\Microsoft.CSharp.Core.targets (200,5)의 "-langversion:13.0 -define:TRACE"(이전 값: "-langversion:13.0")
       C:\Program Files\dotnet\sdk\9.0.309\Microsoft.Common.CurrentVersion.targets(175,5): message : 속성 재할당: $(_DebugSymbolsProduced)=C:\Program Files\dotnet\sdk\9.0.309\Microsoft.Common.CurrentVersion.targets (175,5)의 "true"(이전 값: "false")
       C:\Program Files\dotnet\sdk\9.0.309\Microsoft.Common.CurrentVersion.targets(185,5): message : 속성 재할당: $(_DocumentationFileProduced)=C:\Program Files\dotnet\sdk\9.0.309\Microsoft.Common.CurrentVersion.targets (185,5)의 "false"(이전 값: "true")
       C:\Program Files\dotnet\sdk\9.0.309\Microsoft.Common.CurrentVersion.targets(392,5): message : 속성 재할당: $(MSBuildCopyMarkerName)=C:\Program Files\dotnet\sdk\9.0.309\Microsoft.Common.CurrentVersion.targets (392,5)의 "ProtoTes.966F7D4A"(이전 값: "ProtoTestTool.csproj")
       C:\Program Files\dotnet\sdk\9.0.309\Microsoft.Common.CurrentVersion.targets(393,5): message : 속성 재할당: $(MSBuildCopyMarkerName)=C:\Program Files\dotnet\sdk\9.0.309\Microsoft.Common.CurrentVersion.targets (393,5)의 "ProtoTes.966F7D4A.Up2Date"(이전 값: "ProtoTes.966F7D4A")
       C:\Program Files\dotnet\sdk\9.0.309\Microsoft.Common.CurrentVersion.targets(541,5): message : 속성 재할당: $(ProcessorArchitecture)=C:\Program Files\dotnet\sdk\9.0.309\Microsoft.Common.CurrentVersion.targets (541,5)의 "msil"(이전 값: "")
       C:\Program Files\dotnet\sdk\9.0.309\Microsoft.Common.CurrentVersion.targets(580,5): message : 속성 재할당: $(DelaySign)=C:\Program Files\dotnet\sdk\9.0.309\Microsoft.Common.CurrentVersion.targets (580,5)의 ""(이전 값: "false")
       C:\Program Files\dotnet\sdk\9.0.309\Microsoft.Common.CurrentVersion.targets(2619,5): message : 환경에서 값이 'LOCALAPPDATA'인 속성 'C:\Users\kentz\AppData\Local'이(가) 확장되었습니다.
       C:\Program Files\dotnet\sdk\9.0.309\Microsoft.Common.CurrentVersion.targets(3947,5): message : 속성 재할당: $(_SGenGenerateSerializationAssembliesConfig)=C:\Program Files\dotnet\sdk\9.0.309\Microsoft.Common.CurrentVersion.targets (3947,5)의 "Auto"(이전 값: "")
       C:\Program Files\dotnet\sdk\9.0.309\Microsoft.Common.CurrentVersion.targets(3948,5): message : 속성 재할당: $(_SGenGenerateSerializationAssembliesConfig)=C:\Program Files\dotnet\sdk\9.0.309\Microsoft.Common.CurrentVersion.targets (3948,5)의 "Off"(이전 값: "Auto")
       C:\Program Files\dotnet\sdk\9.0.309\Microsoft.Common.CurrentVersion.targets(5159,5): message : 속성 재할당: $(_TargetsThatPrepareProjectReferences)=C:\Program Files\dotnet\sdk\9.0.309\Microsoft.Common.CurrentVersion.targets (5159,5)의 "
       C:\Program Files\dotnet\sdk\9.0.309\Microsoft.Common.CurrentVersion.targets(5159,5): message :       AssignProjectConfiguration;
       C:\Program Files\dotnet\sdk\9.0.309\Microsoft.Common.CurrentVersion.targets(5159,5): message :       _SplitProjectReferencesByFileExistence
       C:\Program Files\dotnet\sdk\9.0.309\Microsoft.Common.CurrentVersion.targets(5159,5): message :     "(이전 값: "_SplitProjectReferencesByFileExistence")
       C:\Program Files\dotnet\sdk\9.0.309\Microsoft.Common.CurrentVersion.targets(6954,5): message : 환경에서 값이 'MSBuildExtensionsPath32'인 속성 'C:\Program Files\dotnet\sdk\9.0.309'이(가) 확장되었습니다.
       C:\Program Files\dotnet\sdk\9.0.309\Sdks\Microsoft.NET.Sdk\targets\Microsoft.PackageDependencyResolution.targets(29,5): message : 속성 재할당: $(ProjectAssetsCacheFile)=C:\Program Files\dotnet\sdk\9.0.309\Sdks\Microsoft.NET.Sdk\targets\Microsoft.PackageDependencyResolution.targets (29,5)의 "c:\Work\backup\tcpaop\Tests\ProtoTestTool\obj\Debug\net9.0-windows\ProtoTestTool.assets.cache"(이전 값: "obj\Debug\net9.0-windows\ProtoTestTool.assets.cache")
       C:\Program Files\dotnet\sdk\9.0.309\Sdks\Microsoft.NET.Sdk\targets\Microsoft.PackageDependencyResolution.targets(80,5): message : 속성 재할당: $(ResolveAssemblyReferencesDependsOn)=C:\Program Files\dotnet\sdk\9.0.309\Sdks\Microsoft.NET.Sdk\targets\Microsoft.PackageDependencyResolution.targets (80,5)의 "
       C:\Program Files\dotnet\sdk\9.0.309\Sdks\Microsoft.NET.Sdk\targets\Microsoft.PackageDependencyResolution.targets(80,5): message :       
       C:\Program Files\dotnet\sdk\9.0.309\Sdks\Microsoft.NET.Sdk\targets\Microsoft.PackageDependencyResolution.targets(80,5): message :       ResolveProjectReferences;
       C:\Program Files\dotnet\sdk\9.0.309\Sdks\Microsoft.NET.Sdk\targets\Microsoft.PackageDependencyResolution.targets(80,5): message :       FindInvalidProjectReferences;
       C:\Program Files\dotnet\sdk\9.0.309\Sdks\Microsoft.NET.Sdk\targets\Microsoft.PackageDependencyResolution.targets(80,5): message :       GetFrameworkPaths;
       C:\Program Files\dotnet\sdk\9.0.309\Sdks\Microsoft.NET.Sdk\targets\Microsoft.PackageDependencyResolution.targets(80,5): message :       GetReferenceAssemblyPaths;
       C:\Program Files\dotnet\sdk\9.0.309\Sdks\Microsoft.NET.Sdk\targets\Microsoft.PackageDependencyResolution.targets(80,5): message :       PrepareForBuild;
       C:\Program Files\dotnet\sdk\9.0.309\Sdks\Microsoft.NET.Sdk\targets\Microsoft.PackageDependencyResolution.targets(80,5): message :       ResolveSDKReferences;
       C:\Program Files\dotnet\sdk\9.0.309\Sdks\Microsoft.NET.Sdk\targets\Microsoft.PackageDependencyResolution.targets(80,5): message :       ExpandSDKReferences;
       C:\Program Files\dotnet\sdk\9.0.309\Sdks\Microsoft.NET.Sdk\targets\Microsoft.PackageDependencyResolution.targets(80,5): message :     ;
       C:\Program Files\dotnet\sdk\9.0.309\Sdks\Microsoft.NET.Sdk\targets\Microsoft.PackageDependencyResolution.targets(80,5): message :       ResolvePackageDependenciesForBuild;
       C:\Program Files\dotnet\sdk\9.0.309\Sdks\Microsoft.NET.Sdk\targets\Microsoft.PackageDependencyResolution.targets(80,5): message :       _HandlePackageFileConflicts;
       C:\Program Files\dotnet\sdk\9.0.309\Sdks\Microsoft.NET.Sdk\targets\Microsoft.PackageDependencyResolution.targets(80,5): message :     "(이전 값: "
       C:\Program Files\dotnet\sdk\9.0.309\Sdks\Microsoft.NET.Sdk\targets\Microsoft.PackageDependencyResolution.targets(80,5): message :       ResolveProjectReferences;
       C:\Program Files\dotnet\sdk\9.0.309\Sdks\Microsoft.NET.Sdk\targets\Microsoft.PackageDependencyResolution.targets(80,5): message :       FindInvalidProjectReferences;
       C:\Program Files\dotnet\sdk\9.0.309\Sdks\Microsoft.NET.Sdk\targets\Microsoft.PackageDependencyResolution.targets(80,5): message :       GetFrameworkPaths;
       C:\Program Files\dotnet\sdk\9.0.309\Sdks\Microsoft.NET.Sdk\targets\Microsoft.PackageDependencyResolution.targets(80,5): message :       GetReferenceAssemblyPaths;
       C:\Program Files\dotnet\sdk\9.0.309\Sdks\Microsoft.NET.Sdk\targets\Microsoft.PackageDependencyResolution.targets(80,5): message :       PrepareForBuild;
       C:\Program Files\dotnet\sdk\9.0.309\Sdks\Microsoft.NET.Sdk\targets\Microsoft.PackageDependencyResolution.targets(80,5): message :       ResolveSDKReferences;
       C:\Program Files\dotnet\sdk\9.0.309\Sdks\Microsoft.NET.Sdk\targets\Microsoft.PackageDependencyResolution.targets(80,5): message :       ExpandSDKReferences;
       C:\Program Files\dotnet\sdk\9.0.309\Sdks\Microsoft.NET.Sdk\targets\Microsoft.PackageDependencyResolution.targets(80,5): message :     ")
       C:\Program Files\dotnet\sdk\9.0.309\Sdks\Microsoft.NET.Sdk\targets\Microsoft.PackageDependencyResolution.targets(86,5): message : 속성 재할당: $(PrepareResourcesDependsOn)=C:\Program Files\dotnet\sdk\9.0.309\Sdks\Microsoft.NET.Sdk\targets\Microsoft.PackageDependencyResolution.targets (86,5)의 "
       C:\Program Files\dotnet\sdk\9.0.309\Sdks\Microsoft.NET.Sdk\targets\Microsoft.PackageDependencyResolution.targets(86,5): message :       ResolvePackageDependenciesForBuild;
       C:\Program Files\dotnet\sdk\9.0.309\Sdks\Microsoft.NET.Sdk\targets\Microsoft.PackageDependencyResolution.targets(86,5): message :       _HandlePackageFileConflicts;
       C:\Program Files\dotnet\sdk\9.0.309\Sdks\Microsoft.NET.Sdk\targets\Microsoft.PackageDependencyResolution.targets(86,5): message :       
       C:\Program Files\dotnet\sdk\9.0.309\Sdks\Microsoft.NET.Sdk\targets\Microsoft.PackageDependencyResolution.targets(86,5): message :       ;
       C:\Program Files\dotnet\sdk\9.0.309\Sdks\Microsoft.NET.Sdk\targets\Microsoft.PackageDependencyResolution.targets(86,5): message :       PrepareResourceNames;
       C:\Program Files\dotnet\sdk\9.0.309\Sdks\Microsoft.NET.Sdk\targets\Microsoft.PackageDependencyResolution.targets(86,5): message :       ResGen;
       C:\Program Files\dotnet\sdk\9.0.309\Sdks\Microsoft.NET.Sdk\targets\Microsoft.PackageDependencyResolution.targets(86,5): message :       CompileLicxFiles
       C:\Program Files\dotnet\sdk\9.0.309\Sdks\Microsoft.NET.Sdk\targets\Microsoft.PackageDependencyResolution.targets(86,5): message :     
       C:\Program Files\dotnet\sdk\9.0.309\Sdks\Microsoft.NET.Sdk\targets\Microsoft.PackageDependencyResolution.targets(86,5): message :     "(이전 값: "
       C:\Program Files\dotnet\sdk\9.0.309\Sdks\Microsoft.NET.Sdk\targets\Microsoft.PackageDependencyResolution.targets(86,5): message :       ;
       C:\Program Files\dotnet\sdk\9.0.309\Sdks\Microsoft.NET.Sdk\targets\Microsoft.PackageDependencyResolution.targets(86,5): message :       PrepareResourceNames;
       C:\Program Files\dotnet\sdk\9.0.309\Sdks\Microsoft.NET.Sdk\targets\Microsoft.PackageDependencyResolution.targets(86,5): message :       ResGen;
       C:\Program Files\dotnet\sdk\9.0.309\Sdks\Microsoft.NET.Sdk\targets\Microsoft.PackageDependencyResolution.targets(86,5): message :       CompileLicxFiles
       C:\Program Files\dotnet\sdk\9.0.309\Sdks\Microsoft.NET.Sdk\targets\Microsoft.PackageDependencyResolution.targets(86,5): message :     ")
       C:\Program Files\dotnet\sdk\9.0.309\Sdks\Microsoft.NET.Sdk\targets\Microsoft.NET.Sdk.DefaultItems.targets(27,5): message : 속성 재할당: $(DefaultItemExcludes)=C:\Program Files\dotnet\sdk\9.0.309\Sdks\Microsoft.NET.Sdk\targets\Microsoft.NET.Sdk.DefaultItems.targets (27,5)의 ";bin\Debug\/**;obj\Debug\/**;bin\/**"(이전 값: ";bin\Debug\/**;obj\Debug\/**")
       C:\Program Files\dotnet\sdk\9.0.309\Sdks\Microsoft.NET.Sdk\targets\Microsoft.NET.Sdk.DefaultItems.targets(29,5): message : 속성 재할당: $(DefaultItemExcludes)=C:\Program Files\dotnet\sdk\9.0.309\Sdks\Microsoft.NET.Sdk\targets\Microsoft.NET.Sdk.DefaultItems.targets (29,5)의 ";bin\Debug\/**;obj\Debug\/**;bin\/**;obj\/**"(이전 값: ";bin\Debug\/**;obj\Debug\/**;bin\/**")
       C:\Program Files\dotnet\sdk\9.0.309\Sdks\Microsoft.NET.Sdk\targets\Microsoft.NET.Sdk.DefaultItems.targets(32,5): message : 속성 재할당: $(DefaultItemExcludes)=C:\Program Files\dotnet\sdk\9.0.309\Sdks\Microsoft.NET.Sdk\targets\Microsoft.NET.Sdk.DefaultItems.targets (32,5)의 ";bin\Debug\/**;obj\Debug\/**;bin\/**;obj\/**;**/*.user"(이전 값: ";bin\Debug\/**;obj\Debug\/**;bin\/**;obj\/**")
       C:\Program Files\dotnet\sdk\9.0.309\Sdks\Microsoft.NET.Sdk\targets\Microsoft.NET.Sdk.DefaultItems.targets(33,5): message : 속성 재할당: $(DefaultItemExcludes)=C:\Program Files\dotnet\sdk\9.0.309\Sdks\Microsoft.NET.Sdk\targets\Microsoft.NET.Sdk.DefaultItems.targets (33,5)의 ";bin\Debug\/**;obj\Debug\/**;bin\/**;obj\/**;**/*.user;**/*.*proj"(이전 값: ";bin\Debug\/**;obj\Debug\/**;bin\/**;obj\/**;**/*.user")
       C:\Program Files\dotnet\sdk\9.0.309\Sdks\Microsoft.NET.Sdk\targets\Microsoft.NET.Sdk.DefaultItems.targets(34,5): message : 속성 재할당: $(DefaultItemExcludes)=C:\Program Files\dotnet\sdk\9.0.309\Sdks\Microsoft.NET.Sdk\targets\Microsoft.NET.Sdk.DefaultItems.targets (34,5)의 ";bin\Debug\/**;obj\Debug\/**;bin\/**;obj\/**;**/*.user;**/*.*proj;**/*.sln"(이전 값: ";bin\Debug\/**;obj\Debug\/**;bin\/**;obj\/**;**/*.user;**/*.*proj")
       C:\Program Files\dotnet\sdk\9.0.309\Sdks\Microsoft.NET.Sdk\targets\Microsoft.NET.Sdk.DefaultItems.targets(35,5): message : 속성 재할당: $(DefaultItemExcludes)=C:\Program Files\dotnet\sdk\9.0.309\Sdks\Microsoft.NET.Sdk\targets\Microsoft.NET.Sdk.DefaultItems.targets (35,5)의 ";bin\Debug\/**;obj\Debug\/**;bin\/**;obj\/**;**/*.user;**/*.*proj;**/*.sln;**/*.slnx"(이전 값: ";bin\Debug\/**;obj\Debug\/**;bin\/**;obj\/**;**/*.user;**/*.*proj;**/*.sln")
       C:\Program Files\dotnet\sdk\9.0.309\Sdks\Microsoft.NET.Sdk\targets\Microsoft.NET.Sdk.DefaultItems.targets(36,5): message : 속성 재할당: $(DefaultItemExcludes)=C:\Program Files\dotnet\sdk\9.0.309\Sdks\Microsoft.NET.Sdk\targets\Microsoft.NET.Sdk.DefaultItems.targets (36,5)의 ";bin\Debug\/**;obj\Debug\/**;bin\/**;obj\/**;**/*.user;**/*.*proj;**/*.sln;**/*.slnx;**/*.vssscc"(이전 값: ";bin\Debug\/**;obj\Debug\/**;bin\/**;obj\/**;**/*.user;**/*.*proj;**/*.sln;**/*.slnx")
       C:\Program Files\dotnet\sdk\9.0.309\Sdks\Microsoft.NET.Sdk\targets\Microsoft.NET.Sdk.DefaultItems.targets(37,5): message : 속성 재할당: $(DefaultItemExcludes)=C:\Program Files\dotnet\sdk\9.0.309\Sdks\Microsoft.NET.Sdk\targets\Microsoft.NET.Sdk.DefaultItems.targets (37,5)의 ";bin\Debug\/**;obj\Debug\/**;bin\/**;obj\/**;**/*.user;**/*.*proj;**/*.sln;**/*.slnx;**/*.vssscc;**/.DS_Store"(이전 값: ";bin\Debug\/**;obj\Debug\/**;bin\/**;obj\/**;**/*.user;**/*.*proj;**/*.sln;**/*.slnx;**/*.vssscc")
       C:\Program Files\dotnet\sdk\9.0.309\Sdks\Microsoft.NET.Sdk\targets\Microsoft.NET.Sdk.FrameworkReferenceResolution.targets(14,5): message : 속성 재할당: $(ResolveAssemblyReferencesDependsOn)=C:\Program Files\dotnet\sdk\9.0.309\Sdks\Microsoft.NET.Sdk\targets\Microsoft.NET.Sdk.FrameworkReferenceResolution.targets (14,5)의 "
       C:\Program Files\dotnet\sdk\9.0.309\Sdks\Microsoft.NET.Sdk\targets\Microsoft.NET.Sdk.FrameworkReferenceResolution.targets(14,5): message :       
       C:\Program Files\dotnet\sdk\9.0.309\Sdks\Microsoft.NET.Sdk\targets\Microsoft.NET.Sdk.FrameworkReferenceResolution.targets(14,5): message :       
       C:\Program Files\dotnet\sdk\9.0.309\Sdks\Microsoft.NET.Sdk\targets\Microsoft.NET.Sdk.FrameworkReferenceResolution.targets(14,5): message :       ResolveProjectReferences;
       C:\Program Files\dotnet\sdk\9.0.309\Sdks\Microsoft.NET.Sdk\targets\Microsoft.NET.Sdk.FrameworkReferenceResolution.targets(14,5): message :       FindInvalidProjectReferences;
       C:\Program Files\dotnet\sdk\9.0.309\Sdks\Microsoft.NET.Sdk\targets\Microsoft.NET.Sdk.FrameworkReferenceResolution.targets(14,5): message :       GetFrameworkPaths;
       C:\Program Files\dotnet\sdk\9.0.309\Sdks\Microsoft.NET.Sdk\targets\Microsoft.NET.Sdk.FrameworkReferenceResolution.targets(14,5): message :       GetReferenceAssemblyPaths;
       C:\Program Files\dotnet\sdk\9.0.309\Sdks\Microsoft.NET.Sdk\targets\Microsoft.NET.Sdk.FrameworkReferenceResolution.targets(14,5): message :       PrepareForBuild;
       C:\Program Files\dotnet\sdk\9.0.309\Sdks\Microsoft.NET.Sdk\targets\Microsoft.NET.Sdk.FrameworkReferenceResolution.targets(14,5): message :       ResolveSDKReferences;
       C:\Program Files\dotnet\sdk\9.0.309\Sdks\Microsoft.NET.Sdk\targets\Microsoft.NET.Sdk.FrameworkReferenceResolution.targets(14,5): message :       ExpandSDKReferences;
       C:\Program Files\dotnet\sdk\9.0.309\Sdks\Microsoft.NET.Sdk\targets\Microsoft.NET.Sdk.FrameworkReferenceResolution.targets(14,5): message :     ;
       C:\Program Files\dotnet\sdk\9.0.309\Sdks\Microsoft.NET.Sdk\targets\Microsoft.NET.Sdk.FrameworkReferenceResolution.targets(14,5): message :       ResolvePackageDependenciesForBuild;
       C:\Program Files\dotnet\sdk\9.0.309\Sdks\Microsoft.NET.Sdk\targets\Microsoft.NET.Sdk.FrameworkReferenceResolution.targets(14,5): message :       _HandlePackageFileConflicts;
       C:\Program Files\dotnet\sdk\9.0.309\Sdks\Microsoft.NET.Sdk\targets\Microsoft.NET.Sdk.FrameworkReferenceResolution.targets(14,5): message :     ;
       C:\Program Files\dotnet\sdk\9.0.309\Sdks\Microsoft.NET.Sdk\targets\Microsoft.NET.Sdk.FrameworkReferenceResolution.targets(14,5): message :       ResolveTargetingPackAssets;
       C:\Program Files\dotnet\sdk\9.0.309\Sdks\Microsoft.NET.Sdk\targets\Microsoft.NET.Sdk.FrameworkReferenceResolution.targets(14,5): message :     "(이전 값: "
       C:\Program Files\dotnet\sdk\9.0.309\Sdks\Microsoft.NET.Sdk\targets\Microsoft.NET.Sdk.FrameworkReferenceResolution.targets(14,5): message :       
       C:\Program Files\dotnet\sdk\9.0.309\Sdks\Microsoft.NET.Sdk\targets\Microsoft.NET.Sdk.FrameworkReferenceResolution.targets(14,5): message :       ResolveProjectReferences;
       C:\Program Files\dotnet\sdk\9.0.309\Sdks\Microsoft.NET.Sdk\targets\Microsoft.NET.Sdk.FrameworkReferenceResolution.targets(14,5): message :       FindInvalidProjectReferences;
       C:\Program Files\dotnet\sdk\9.0.309\Sdks\Microsoft.NET.Sdk\targets\Microsoft.NET.Sdk.FrameworkReferenceResolution.targets(14,5): message :       GetFrameworkPaths;
       C:\Program Files\dotnet\sdk\9.0.309\Sdks\Microsoft.NET.Sdk\targets\Microsoft.NET.Sdk.FrameworkReferenceResolution.targets(14,5): message :       GetReferenceAssemblyPaths;
       C:\Program Files\dotnet\sdk\9.0.309\Sdks\Microsoft.NET.Sdk\targets\Microsoft.NET.Sdk.FrameworkReferenceResolution.targets(14,5): message :       PrepareForBuild;
       C:\Program Files\dotnet\sdk\9.0.309\Sdks\Microsoft.NET.Sdk\targets\Microsoft.NET.Sdk.FrameworkReferenceResolution.targets(14,5): message :       ResolveSDKReferences;
       C:\Program Files\dotnet\sdk\9.0.309\Sdks\Microsoft.NET.Sdk\targets\Microsoft.NET.Sdk.FrameworkReferenceResolution.targets(14,5): message :       ExpandSDKReferences;
       C:\Program Files\dotnet\sdk\9.0.309\Sdks\Microsoft.NET.Sdk\targets\Microsoft.NET.Sdk.FrameworkReferenceResolution.targets(14,5): message :     ;
       C:\Program Files\dotnet\sdk\9.0.309\Sdks\Microsoft.NET.Sdk\targets\Microsoft.NET.Sdk.FrameworkReferenceResolution.targets(14,5): message :       ResolvePackageDependenciesForBuild;
       C:\Program Files\dotnet\sdk\9.0.309\Sdks\Microsoft.NET.Sdk\targets\Microsoft.NET.Sdk.FrameworkReferenceResolution.targets(14,5): message :       _HandlePackageFileConflicts;
       C:\Program Files\dotnet\sdk\9.0.309\Sdks\Microsoft.NET.Sdk\targets\Microsoft.NET.Sdk.FrameworkReferenceResolution.targets(14,5): message :     ")
       C:\Program Files\dotnet\sdk\9.0.309\Sdks\Microsoft.NET.Sdk\targets\Microsoft.NET.Sdk.targets(44,5): message : 속성 재할당: $(_GenerateRuntimeConfigurationPropertyInputsCache)=C:\Program Files\dotnet\sdk\9.0.309\Sdks\Microsoft.NET.Sdk\targets\Microsoft.NET.Sdk.targets (44,5)의 "c:\Work\backup\tcpaop\Tests\ProtoTestTool\obj\Debug\net9.0-windows\ProtoTestTool.genruntimeconfig.cache"(이전 값: "obj\Debug\net9.0-windows\ProtoTestTool.genruntimeconfig.cache")
       C:\Program Files\dotnet\sdk\9.0.309\Sdks\Microsoft.NET.Sdk\targets\Microsoft.NET.Sdk.targets(46,5): message : 속성 재할당: $(_GeneratePublishDependencyFilePropertyInputsCache)=C:\Program Files\dotnet\sdk\9.0.309\Sdks\Microsoft.NET.Sdk\targets\Microsoft.NET.Sdk.targets (46,5)의 "c:\Work\backup\tcpaop\Tests\ProtoTestTool\obj\Debug\net9.0-windows\ProtoTestTool.genpublishdeps.cache"(이전 값: "obj\Debug\net9.0-windows\ProtoTestTool.genpublishdeps.cache")
       C:\Program Files\dotnet\sdk\9.0.309\Sdks\Microsoft.NET.Sdk\targets\Microsoft.NET.Sdk.targets(48,5): message : 속성 재할당: $(_GenerateSingleFileBundlePropertyInputsCache)=C:\Program Files\dotnet\sdk\9.0.309\Sdks\Microsoft.NET.Sdk\targets\Microsoft.NET.Sdk.targets (48,5)의 "c:\Work\backup\tcpaop\Tests\ProtoTestTool\obj\Debug\net9.0-windows\ProtoTestTool.genbundle.cache"(이전 값: "obj\Debug\net9.0-windows\ProtoTestTool.genbundle.cache")
       C:\Program Files\dotnet\sdk\9.0.309\Sdks\Microsoft.NET.Sdk\targets\Microsoft.NET.Sdk.targets(81,5): message : 속성 재할당: $(GenerateRuntimeConfigDevFile)=C:\Program Files\dotnet\sdk\9.0.309\Sdks\Microsoft.NET.Sdk\targets\Microsoft.NET.Sdk.targets (81,5)의 "false"(이전 값: "true")
       C:\Program Files\dotnet\sdk\9.0.309\Sdks\Microsoft.NET.Sdk\targets\Microsoft.NET.Sdk.targets(97,5): message : 속성 재할당: $(_DefaultUserProfileRuntimeStorePath)=C:\Program Files\dotnet\sdk\9.0.309\Sdks\Microsoft.NET.Sdk\targets\Microsoft.NET.Sdk.targets (97,5)의 "C:\Users\kentz"(이전 값: "")
       C:\Program Files\dotnet\sdk\9.0.309\Sdks\Microsoft.NET.Sdk\targets\Microsoft.NET.Sdk.targets(98,5): message : 속성 재할당: $(_DefaultUserProfileRuntimeStorePath)=C:\Program Files\dotnet\sdk\9.0.309\Sdks\Microsoft.NET.Sdk\targets\Microsoft.NET.Sdk.targets (98,5)의 "C:\Users\kentz\.dotnet\store"(이전 값: "C:\Users\kentz")
       C:\Program Files\dotnet\sdk\9.0.309\Sdks\Microsoft.NET.Sdk\targets\Microsoft.NET.Sdk.targets(140,5): message : 속성 재할당: $(AvailablePlatforms)=C:\Program Files\dotnet\sdk\9.0.309\Sdks\Microsoft.NET.Sdk\targets\Microsoft.NET.Sdk.targets (140,5)의 "Any CPU,x86,x64,ARM32"(이전 값: "Any CPU,x86,x64")
       C:\Program Files\dotnet\sdk\9.0.309\Sdks\Microsoft.NET.Sdk\targets\Microsoft.NET.Sdk.targets(144,5): message : 속성 재할당: $(AvailablePlatforms)=C:\Program Files\dotnet\sdk\9.0.309\Sdks\Microsoft.NET.Sdk\targets\Microsoft.NET.Sdk.targets (144,5)의 "Any CPU,x86,x64,ARM32,ARM64"(이전 값: "Any CPU,x86,x64,ARM32")
       C:\Program Files\dotnet\sdk\9.0.309\Sdks\Microsoft.NET.Sdk\targets\Microsoft.NET.Sdk.targets(201,5): message : 속성 재할당: $(CoreBuildDependsOn)=C:\Program Files\dotnet\sdk\9.0.309\Sdks\Microsoft.NET.Sdk\targets\Microsoft.NET.Sdk.targets (201,5)의 "
       C:\Program Files\dotnet\sdk\9.0.309\Sdks\Microsoft.NET.Sdk\targets\Microsoft.NET.Sdk.targets(201,5): message :       _CheckForBuildWithNoBuild;
       C:\Program Files\dotnet\sdk\9.0.309\Sdks\Microsoft.NET.Sdk\targets\Microsoft.NET.Sdk.targets(201,5): message :       
       C:\Program Files\dotnet\sdk\9.0.309\Sdks\Microsoft.NET.Sdk\targets\Microsoft.NET.Sdk.targets(201,5): message :       BuildOnlySettings;
       C:\Program Files\dotnet\sdk\9.0.309\Sdks\Microsoft.NET.Sdk\targets\Microsoft.NET.Sdk.targets(201,5): message :       PrepareForBuild;
       C:\Program Files\dotnet\sdk\9.0.309\Sdks\Microsoft.NET.Sdk\targets\Microsoft.NET.Sdk.targets(201,5): message :       PreBuildEvent;
       C:\Program Files\dotnet\sdk\9.0.309\Sdks\Microsoft.NET.Sdk\targets\Microsoft.NET.Sdk.targets(201,5): message :       ResolveReferences;
       C:\Program Files\dotnet\sdk\9.0.309\Sdks\Microsoft.NET.Sdk\targets\Microsoft.NET.Sdk.targets(201,5): message :       PrepareResources;
       C:\Program Files\dotnet\sdk\9.0.309\Sdks\Microsoft.NET.Sdk\targets\Microsoft.NET.Sdk.targets(201,5): message :       ResolveKeySource;
       C:\Program Files\dotnet\sdk\9.0.309\Sdks\Microsoft.NET.Sdk\targets\Microsoft.NET.Sdk.targets(201,5): message :       Compile;
       C:\Program Files\dotnet\sdk\9.0.309\Sdks\Microsoft.NET.Sdk\targets\Microsoft.NET.Sdk.targets(201,5): message :       ExportWindowsMDFile;
       C:\Program Files\dotnet\sdk\9.0.309\Sdks\Microsoft.NET.Sdk\targets\Microsoft.NET.Sdk.targets(201,5): message :       UnmanagedUnregistration;
       C:\Program Files\dotnet\sdk\9.0.309\Sdks\Microsoft.NET.Sdk\targets\Microsoft.NET.Sdk.targets(201,5): message :       GenerateSerializationAssemblies;
       C:\Program Files\dotnet\sdk\9.0.309\Sdks\Microsoft.NET.Sdk\targets\Microsoft.NET.Sdk.targets(201,5): message :       CreateSatelliteAssemblies;
       C:\Program Files\dotnet\sdk\9.0.309\Sdks\Microsoft.NET.Sdk\targets\Microsoft.NET.Sdk.targets(201,5): message :       GenerateManifests;
       C:\Program Files\dotnet\sdk\9.0.309\Sdks\Microsoft.NET.Sdk\targets\Microsoft.NET.Sdk.targets(201,5): message :       GetTargetPath;
       C:\Program Files\dotnet\sdk\9.0.309\Sdks\Microsoft.NET.Sdk\targets\Microsoft.NET.Sdk.targets(201,5): message :       PrepareForRun;
       C:\Program Files\dotnet\sdk\9.0.309\Sdks\Microsoft.NET.Sdk\targets\Microsoft.NET.Sdk.targets(201,5): message :       UnmanagedRegistration;
       C:\Program Files\dotnet\sdk\9.0.309\Sdks\Microsoft.NET.Sdk\targets\Microsoft.NET.Sdk.targets(201,5): message :       IncrementalClean;
       C:\Program Files\dotnet\sdk\9.0.309\Sdks\Microsoft.NET.Sdk\targets\Microsoft.NET.Sdk.targets(201,5): message :       PostBuildEvent
       C:\Program Files\dotnet\sdk\9.0.309\Sdks\Microsoft.NET.Sdk\targets\Microsoft.NET.Sdk.targets(201,5): message :     ;
       C:\Program Files\dotnet\sdk\9.0.309\Sdks\Microsoft.NET.Sdk\targets\Microsoft.NET.Sdk.targets(201,5): message :       GenerateBuildDependencyFile;
       C:\Program Files\dotnet\sdk\9.0.309\Sdks\Microsoft.NET.Sdk\targets\Microsoft.NET.Sdk.targets(201,5): message :       GenerateBuildRuntimeConfigurationFiles
       C:\Program Files\dotnet\sdk\9.0.309\Sdks\Microsoft.NET.Sdk\targets\Microsoft.NET.Sdk.targets(201,5): message :     "(이전 값: "
       C:\Program Files\dotnet\sdk\9.0.309\Sdks\Microsoft.NET.Sdk\targets\Microsoft.NET.Sdk.targets(201,5): message :       BuildOnlySettings;
       C:\Program Files\dotnet\sdk\9.0.309\Sdks\Microsoft.NET.Sdk\targets\Microsoft.NET.Sdk.targets(201,5): message :       PrepareForBuild;
       C:\Program Files\dotnet\sdk\9.0.309\Sdks\Microsoft.NET.Sdk\targets\Microsoft.NET.Sdk.targets(201,5): message :       PreBuildEvent;
       C:\Program Files\dotnet\sdk\9.0.309\Sdks\Microsoft.NET.Sdk\targets\Microsoft.NET.Sdk.targets(201,5): message :       ResolveReferences;
       C:\Program Files\dotnet\sdk\9.0.309\Sdks\Microsoft.NET.Sdk\targets\Microsoft.NET.Sdk.targets(201,5): message :       PrepareResources;
       C:\Program Files\dotnet\sdk\9.0.309\Sdks\Microsoft.NET.Sdk\targets\Microsoft.NET.Sdk.targets(201,5): message :       ResolveKeySource;
       C:\Program Files\dotnet\sdk\9.0.309\Sdks\Microsoft.NET.Sdk\targets\Microsoft.NET.Sdk.targets(201,5): message :       Compile;
       C:\Program Files\dotnet\sdk\9.0.309\Sdks\Microsoft.NET.Sdk\targets\Microsoft.NET.Sdk.targets(201,5): message :       ExportWindowsMDFile;
       C:\Program Files\dotnet\sdk\9.0.309\Sdks\Microsoft.NET.Sdk\targets\Microsoft.NET.Sdk.targets(201,5): message :       UnmanagedUnregistration;
       C:\Program Files\dotnet\sdk\9.0.309\Sdks\Microsoft.NET.Sdk\targets\Microsoft.NET.Sdk.targets(201,5): message :       GenerateSerializationAssemblies;
       C:\Program Files\dotnet\sdk\9.0.309\Sdks\Microsoft.NET.Sdk\targets\Microsoft.NET.Sdk.targets(201,5): message :       CreateSatelliteAssemblies;
       C:\Program Files\dotnet\sdk\9.0.309\Sdks\Microsoft.NET.Sdk\targets\Microsoft.NET.Sdk.targets(201,5): message :       GenerateManifests;
       C:\Program Files\dotnet\sdk\9.0.309\Sdks\Microsoft.NET.Sdk\targets\Microsoft.NET.Sdk.targets(201,5): message :       GetTargetPath;
       C:\Program Files\dotnet\sdk\9.0.309\Sdks\Microsoft.NET.Sdk\targets\Microsoft.NET.Sdk.targets(201,5): message :       PrepareForRun;
       C:\Program Files\dotnet\sdk\9.0.309\Sdks\Microsoft.NET.Sdk\targets\Microsoft.NET.Sdk.targets(201,5): message :       UnmanagedRegistration;
       C:\Program Files\dotnet\sdk\9.0.309\Sdks\Microsoft.NET.Sdk\targets\Microsoft.NET.Sdk.targets(201,5): message :       IncrementalClean;
       C:\Program Files\dotnet\sdk\9.0.309\Sdks\Microsoft.NET.Sdk\targets\Microsoft.NET.Sdk.targets(201,5): message :       PostBuildEvent
       C:\Program Files\dotnet\sdk\9.0.309\Sdks\Microsoft.NET.Sdk\targets\Microsoft.NET.Sdk.targets(201,5): message :     ")
       C:\Program Files\dotnet\sdk\9.0.309\Sdks\Microsoft.NET.Sdk\targets\Microsoft.NET.Sdk.targets(210,5): message : 속성 재할당: $(CoreCleanDependsOn)=C:\Program Files\dotnet\sdk\9.0.309\Sdks\Microsoft.NET.Sdk\targets\Microsoft.NET.Sdk.targets (210,5)의 "
       C:\Program Files\dotnet\sdk\9.0.309\Sdks\Microsoft.NET.Sdk\targets\Microsoft.NET.Sdk.targets(210,5): message :       _SdkBeforeClean;
       C:\Program Files\dotnet\sdk\9.0.309\Sdks\Microsoft.NET.Sdk\targets\Microsoft.NET.Sdk.targets(210,5): message :       
       C:\Program Files\dotnet\sdk\9.0.309\Sdks\Microsoft.NET.Sdk\targets\Microsoft.NET.Sdk.targets(210,5): message :     "(이전 값: "")
       C:\Program Files\dotnet\sdk\9.0.309\Sdks\Microsoft.NET.Sdk\targets\Microsoft.NET.Sdk.targets(217,5): message : 속성 재할당: $(RebuildDependsOn)=C:\Program Files\dotnet\sdk\9.0.309\Sdks\Microsoft.NET.Sdk\targets\Microsoft.NET.Sdk.targets (217,5)의 "
       C:\Program Files\dotnet\sdk\9.0.309\Sdks\Microsoft.NET.Sdk\targets\Microsoft.NET.Sdk.targets(217,5): message :       _SdkBeforeRebuild;
       C:\Program Files\dotnet\sdk\9.0.309\Sdks\Microsoft.NET.Sdk\targets\Microsoft.NET.Sdk.targets(217,5): message :       
       C:\Program Files\dotnet\sdk\9.0.309\Sdks\Microsoft.NET.Sdk\targets\Microsoft.NET.Sdk.targets(217,5): message :       BeforeRebuild;
       C:\Program Files\dotnet\sdk\9.0.309\Sdks\Microsoft.NET.Sdk\targets\Microsoft.NET.Sdk.targets(217,5): message :       Clean;
       C:\Program Files\dotnet\sdk\9.0.309\Sdks\Microsoft.NET.Sdk\targets\Microsoft.NET.Sdk.targets(217,5): message :       Build;
       C:\Program Files\dotnet\sdk\9.0.309\Sdks\Microsoft.NET.Sdk\targets\Microsoft.NET.Sdk.targets(217,5): message :       AfterRebuild;
       C:\Program Files\dotnet\sdk\9.0.309\Sdks\Microsoft.NET.Sdk\targets\Microsoft.NET.Sdk.targets(217,5): message :     
       C:\Program Files\dotnet\sdk\9.0.309\Sdks\Microsoft.NET.Sdk\targets\Microsoft.NET.Sdk.targets(217,5): message :     "(이전 값: "
       C:\Program Files\dotnet\sdk\9.0.309\Sdks\Microsoft.NET.Sdk\targets\Microsoft.NET.Sdk.targets(217,5): message :       BeforeRebuild;
       C:\Program Files\dotnet\sdk\9.0.309\Sdks\Microsoft.NET.Sdk\targets\Microsoft.NET.Sdk.targets(217,5): message :       Clean;
       C:\Program Files\dotnet\sdk\9.0.309\Sdks\Microsoft.NET.Sdk\targets\Microsoft.NET.Sdk.targets(217,5): message :       Build;
       C:\Program Files\dotnet\sdk\9.0.309\Sdks\Microsoft.NET.Sdk\targets\Microsoft.NET.Sdk.targets(217,5): message :       AfterRebuild;
       C:\Program Files\dotnet\sdk\9.0.309\Sdks\Microsoft.NET.Sdk\targets\Microsoft.NET.Sdk.targets(217,5): message :     ")
       C:\Program Files\dotnet\sdk\9.0.309\Sdks\Microsoft.NET.Sdk\targets\Microsoft.NET.Sdk.targets(784,5): message : 속성 재할당: $(CompileDependsOn)=C:\Program Files\dotnet\sdk\9.0.309\Sdks\Microsoft.NET.Sdk\targets\Microsoft.NET.Sdk.targets (784,5)의 "
       C:\Program Files\dotnet\sdk\9.0.309\Sdks\Microsoft.NET.Sdk\targets\Microsoft.NET.Sdk.targets(784,5): message :       
       C:\Program Files\dotnet\sdk\9.0.309\Sdks\Microsoft.NET.Sdk\targets\Microsoft.NET.Sdk.targets(784,5): message :       ResolveReferences;
       C:\Program Files\dotnet\sdk\9.0.309\Sdks\Microsoft.NET.Sdk\targets\Microsoft.NET.Sdk.targets(784,5): message :       ResolveKeySource;
       C:\Program Files\dotnet\sdk\9.0.309\Sdks\Microsoft.NET.Sdk\targets\Microsoft.NET.Sdk.targets(784,5): message :       SetWin32ManifestProperties;
       C:\Program Files\dotnet\sdk\9.0.309\Sdks\Microsoft.NET.Sdk\targets\Microsoft.NET.Sdk.targets(784,5): message :       _SetPreferNativeArm64Win32ManifestProperties;
       C:\Program Files\dotnet\sdk\9.0.309\Sdks\Microsoft.NET.Sdk\targets\Microsoft.NET.Sdk.targets(784,5): message :       FindReferenceAssembliesForReferences;
       C:\Program Files\dotnet\sdk\9.0.309\Sdks\Microsoft.NET.Sdk\targets\Microsoft.NET.Sdk.targets(784,5): message :       _GenerateCompileInputs;
       C:\Program Files\dotnet\sdk\9.0.309\Sdks\Microsoft.NET.Sdk\targets\Microsoft.NET.Sdk.targets(784,5): message :       BeforeCompile;
       C:\Program Files\dotnet\sdk\9.0.309\Sdks\Microsoft.NET.Sdk\targets\Microsoft.NET.Sdk.targets(784,5): message :       _TimeStampBeforeCompile;
       C:\Program Files\dotnet\sdk\9.0.309\Sdks\Microsoft.NET.Sdk\targets\Microsoft.NET.Sdk.targets(784,5): message :       _GenerateCompileDependencyCache;
       C:\Program Files\dotnet\sdk\9.0.309\Sdks\Microsoft.NET.Sdk\targets\Microsoft.NET.Sdk.targets(784,5): message :       CoreCompile;
       C:\Program Files\dotnet\sdk\9.0.309\Sdks\Microsoft.NET.Sdk\targets\Microsoft.NET.Sdk.targets(784,5): message :       _TimeStampAfterCompile;
       C:\Program Files\dotnet\sdk\9.0.309\Sdks\Microsoft.NET.Sdk\targets\Microsoft.NET.Sdk.targets(784,5): message :       AfterCompile;
       C:\Program Files\dotnet\sdk\9.0.309\Sdks\Microsoft.NET.Sdk\targets\Microsoft.NET.Sdk.targets(784,5): message :     ;
       C:\Program Files\dotnet\sdk\9.0.309\Sdks\Microsoft.NET.Sdk\targets\Microsoft.NET.Sdk.targets(784,5): message :       _CreateAppHost;
       C:\Program Files\dotnet\sdk\9.0.309\Sdks\Microsoft.NET.Sdk\targets\Microsoft.NET.Sdk.targets(784,5): message :       _CreateComHost;
       C:\Program Files\dotnet\sdk\9.0.309\Sdks\Microsoft.NET.Sdk\targets\Microsoft.NET.Sdk.targets(784,5): message :       _GetIjwHostPaths;
       C:\Program Files\dotnet\sdk\9.0.309\Sdks\Microsoft.NET.Sdk\targets\Microsoft.NET.Sdk.targets(784,5): message :     "(이전 값: "
       C:\Program Files\dotnet\sdk\9.0.309\Sdks\Microsoft.NET.Sdk\targets\Microsoft.NET.Sdk.targets(784,5): message :       ResolveReferences;
       C:\Program Files\dotnet\sdk\9.0.309\Sdks\Microsoft.NET.Sdk\targets\Microsoft.NET.Sdk.targets(784,5): message :       ResolveKeySource;
       C:\Program Files\dotnet\sdk\9.0.309\Sdks\Microsoft.NET.Sdk\targets\Microsoft.NET.Sdk.targets(784,5): message :       SetWin32ManifestProperties;
       C:\Program Files\dotnet\sdk\9.0.309\Sdks\Microsoft.NET.Sdk\targets\Microsoft.NET.Sdk.targets(784,5): message :       _SetPreferNativeArm64Win32ManifestProperties;
       C:\Program Files\dotnet\sdk\9.0.309\Sdks\Microsoft.NET.Sdk\targets\Microsoft.NET.Sdk.targets(784,5): message :       FindReferenceAssembliesForReferences;
       C:\Program Files\dotnet\sdk\9.0.309\Sdks\Microsoft.NET.Sdk\targets\Microsoft.NET.Sdk.targets(784,5): message :       _GenerateCompileInputs;
       C:\Program Files\dotnet\sdk\9.0.309\Sdks\Microsoft.NET.Sdk\targets\Microsoft.NET.Sdk.targets(784,5): message :       BeforeCompile;
       C:\Program Files\dotnet\sdk\9.0.309\Sdks\Microsoft.NET.Sdk\targets\Microsoft.NET.Sdk.targets(784,5): message :       _TimeStampBeforeCompile;
       C:\Program Files\dotnet\sdk\9.0.309\Sdks\Microsoft.NET.Sdk\targets\Microsoft.NET.Sdk.targets(784,5): message :       _GenerateCompileDependencyCache;
       C:\Program Files\dotnet\sdk\9.0.309\Sdks\Microsoft.NET.Sdk\targets\Microsoft.NET.Sdk.targets(784,5): message :       CoreCompile;
       C:\Program Files\dotnet\sdk\9.0.309\Sdks\Microsoft.NET.Sdk\targets\Microsoft.NET.Sdk.targets(784,5): message :       _TimeStampAfterCompile;
       C:\Program Files\dotnet\sdk\9.0.309\Sdks\Microsoft.NET.Sdk\targets\Microsoft.NET.Sdk.targets(784,5): message :       AfterCompile;
       C:\Program Files\dotnet\sdk\9.0.309\Sdks\Microsoft.NET.Sdk\targets\Microsoft.NET.Sdk.targets(784,5): message :     ")
       C:\Program Files\dotnet\sdk\9.0.309\Sdks\Microsoft.NET.Sdk\targets\Microsoft.NET.Sdk.targets(1184,5): message : 속성 재할당: $(CreateSatelliteAssembliesDependsOn)=C:\Program Files\dotnet\sdk\9.0.309\Sdks\Microsoft.NET.Sdk\targets\Microsoft.NET.Sdk.targets (1184,5)의 "
       C:\Program Files\dotnet\sdk\9.0.309\Sdks\Microsoft.NET.Sdk\targets\Microsoft.NET.Sdk.targets(1184,5): message :       
       C:\Program Files\dotnet\sdk\9.0.309\Sdks\Microsoft.NET.Sdk\targets\Microsoft.NET.Sdk.targets(1184,5): message :       ;
       C:\Program Files\dotnet\sdk\9.0.309\Sdks\Microsoft.NET.Sdk\targets\Microsoft.NET.Sdk.targets(1184,5): message :       _GenerateSatelliteAssemblyInputs;
       C:\Program Files\dotnet\sdk\9.0.309\Sdks\Microsoft.NET.Sdk\targets\Microsoft.NET.Sdk.targets(1184,5): message :       ComputeIntermediateSatelliteAssemblies;
       C:\Program Files\dotnet\sdk\9.0.309\Sdks\Microsoft.NET.Sdk\targets\Microsoft.NET.Sdk.targets(1184,5): message :       GenerateSatelliteAssemblies
       C:\Program Files\dotnet\sdk\9.0.309\Sdks\Microsoft.NET.Sdk\targets\Microsoft.NET.Sdk.targets(1184,5): message :     ;
       C:\Program Files\dotnet\sdk\9.0.309\Sdks\Microsoft.NET.Sdk\targets\Microsoft.NET.Sdk.targets(1184,5): message :       CoreGenerateSatelliteAssemblies
       C:\Program Files\dotnet\sdk\9.0.309\Sdks\Microsoft.NET.Sdk\targets\Microsoft.NET.Sdk.targets(1184,5): message :     "(이전 값: "
       C:\Program Files\dotnet\sdk\9.0.309\Sdks\Microsoft.NET.Sdk\targets\Microsoft.NET.Sdk.targets(1184,5): message :       ;
       C:\Program Files\dotnet\sdk\9.0.309\Sdks\Microsoft.NET.Sdk\targets\Microsoft.NET.Sdk.targets(1184,5): message :       _GenerateSatelliteAssemblyInputs;
       C:\Program Files\dotnet\sdk\9.0.309\Sdks\Microsoft.NET.Sdk\targets\Microsoft.NET.Sdk.targets(1184,5): message :       ComputeIntermediateSatelliteAssemblies;
       C:\Program Files\dotnet\sdk\9.0.309\Sdks\Microsoft.NET.Sdk\targets\Microsoft.NET.Sdk.targets(1184,5): message :       GenerateSatelliteAssemblies
       C:\Program Files\dotnet\sdk\9.0.309\Sdks\Microsoft.NET.Sdk\targets\Microsoft.NET.Sdk.targets(1184,5): message :     ")
       C:\Program Files\dotnet\sdk\9.0.309\Sdks\Microsoft.SourceLink.GitLab\build\Microsoft.SourceLink.GitLab.targets(12,5): message : 속성 재할당: $(SourceLinkUrlInitializerTargets)=C:\Program Files\dotnet\sdk\9.0.309\Sdks\Microsoft.SourceLink.GitLab\build\Microsoft.SourceLink.GitLab.targets (12,5)의 ";_InitializeGitHubSourceLinkUrl;_InitializeGitLabSourceLinkUrl"(이전 값: ";_InitializeGitHubSourceLinkUrl")
       C:\Program Files\dotnet\sdk\9.0.309\Sdks\Microsoft.SourceLink.GitLab\build\Microsoft.SourceLink.GitLab.targets(13,5): message : 속성 재할당: $(SourceControlManagerUrlTranslationTargets)=C:\Program Files\dotnet\sdk\9.0.309\Sdks\Microsoft.SourceLink.GitLab\build\Microsoft.SourceLink.GitLab.targets (13,5)의 ";TranslateGitHubUrlsInSourceControlInformation;TranslateGitLabUrlsInSourceControlInformation"(이전 값: ";TranslateGitHubUrlsInSourceControlInformation")
       C:\Program Files\dotnet\sdk\9.0.309\Sdks\Microsoft.SourceLink.AzureRepos.Git\build\Microsoft.SourceLink.AzureRepos.Git.targets(12,5): message : 속성 재할당: $(SourceLinkUrlInitializerTargets)=C:\Program Files\dotnet\sdk\9.0.309\Sdks\Microsoft.SourceLink.AzureRepos.Git\build\Microsoft.SourceLink.AzureRepos.Git.targets (12,5)의 ";_InitializeGitHubSourceLinkUrl;_InitializeGitLabSourceLinkUrl;_InitializeAzureReposGitSourceLinkUrl"(이전 값: ";_InitializeGitHubSourceLinkUrl;_InitializeGitLabSourceLinkUrl")
       C:\Program Files\dotnet\sdk\9.0.309\Sdks\Microsoft.SourceLink.AzureRepos.Git\build\Microsoft.SourceLink.AzureRepos.Git.targets(13,5): message : 속성 재할당: $(SourceControlManagerUrlTranslationTargets)=C:\Program Files\dotnet\sdk\9.0.309\Sdks\Microsoft.SourceLink.AzureRepos.Git\build\Microsoft.SourceLink.AzureRepos.Git.targets (13,5)의 ";TranslateGitHubUrlsInSourceControlInformation;TranslateGitLabUrlsInSourceControlInformation;TranslateAzureReposGitUrlsInSourceControlInformation"(이전 값: ";TranslateGitHubUrlsInSourceControlInformation;TranslateGitLabUrlsInSourceControlInformation")
       C:\Program Files\dotnet\sdk\9.0.309\Sdks\Microsoft.SourceLink.Bitbucket.Git\build\Microsoft.SourceLink.Bitbucket.Git.targets(12,5): message : 속성 재할당: $(SourceLinkUrlInitializerTargets)=C:\Program Files\dotnet\sdk\9.0.309\Sdks\Microsoft.SourceLink.Bitbucket.Git\build\Microsoft.SourceLink.Bitbucket.Git.targets (12,5)의 ";_InitializeGitHubSourceLinkUrl;_InitializeGitLabSourceLinkUrl;_InitializeAzureReposGitSourceLinkUrl;_InitializeBitbucketGitSourceLinkUrl"(이전 값: ";_InitializeGitHubSourceLinkUrl;_InitializeGitLabSourceLinkUrl;_InitializeAzureReposGitSourceLinkUrl")
       C:\Program Files\dotnet\sdk\9.0.309\Sdks\Microsoft.SourceLink.Bitbucket.Git\build\Microsoft.SourceLink.Bitbucket.Git.targets(13,5): message : 속성 재할당: $(SourceControlManagerUrlTranslationTargets)=C:\Program Files\dotnet\sdk\9.0.309\Sdks\Microsoft.SourceLink.Bitbucket.Git\build\Microsoft.SourceLink.Bitbucket.Git.targets (13,5)의 ";TranslateGitHubUrlsInSourceControlInformation;TranslateGitLabUrlsInSourceControlInformation;TranslateAzureReposGitUrlsInSourceControlInformation;TranslateBitbucketGitUrlsInSourceControlInformation"(이전 값: ";TranslateGitHubUrlsInSourceControlInformation;TranslateGitLabUrlsInSourceControlInformation;TranslateAzureReposGitUrlsInSourceControlInformation")
       C:\Program Files\dotnet\sdk\9.0.309\Sdks\Microsoft.NET.Sdk\targets\Microsoft.NET.DesignerSupport.targets(21,5): message : 속성 재할당: $(DesignerRuntimeImplementationProjectOutputGroupDependsOn)=C:\Program Files\dotnet\sdk\9.0.309\Sdks\Microsoft.NET.Sdk\targets\Microsoft.NET.DesignerSupport.targets (21,5)의 "
       C:\Program Files\dotnet\sdk\9.0.309\Sdks\Microsoft.NET.Sdk\targets\Microsoft.NET.DesignerSupport.targets(21,5): message :       
       C:\Program Files\dotnet\sdk\9.0.309\Sdks\Microsoft.NET.Sdk\targets\Microsoft.NET.DesignerSupport.targets(21,5): message :       ;
       C:\Program Files\dotnet\sdk\9.0.309\Sdks\Microsoft.NET.Sdk\targets\Microsoft.NET.DesignerSupport.targets(21,5): message :       
       C:\Program Files\dotnet\sdk\9.0.309\Sdks\Microsoft.NET.Sdk\targets\Microsoft.NET.DesignerSupport.targets(21,5): message :       ;
       C:\Program Files\dotnet\sdk\9.0.309\Sdks\Microsoft.NET.Sdk\targets\Microsoft.NET.DesignerSupport.targets(21,5): message :       BuildOnlySettings;
       C:\Program Files\dotnet\sdk\9.0.309\Sdks\Microsoft.NET.Sdk\targets\Microsoft.NET.DesignerSupport.targets(21,5): message :       PrepareForBuild;
       C:\Program Files\dotnet\sdk\9.0.309\Sdks\Microsoft.NET.Sdk\targets\Microsoft.NET.DesignerSupport.targets(21,5): message :       AssignTargetPaths;
       C:\Program Files\dotnet\sdk\9.0.309\Sdks\Microsoft.NET.Sdk\targets\Microsoft.NET.DesignerSupport.targets(21,5): message :       ResolveReferences
       C:\Program Files\dotnet\sdk\9.0.309\Sdks\Microsoft.NET.Sdk\targets\Microsoft.NET.DesignerSupport.targets(21,5): message :     
       C:\Program Files\dotnet\sdk\9.0.309\Sdks\Microsoft.NET.Sdk\targets\Microsoft.NET.DesignerSupport.targets(21,5): message :     ;
       C:\Program Files\dotnet\sdk\9.0.309\Sdks\Microsoft.NET.Sdk\targets\Microsoft.NET.DesignerSupport.targets(21,5): message :       _GenerateDesignerDepsFile;
       C:\Program Files\dotnet\sdk\9.0.309\Sdks\Microsoft.NET.Sdk\targets\Microsoft.NET.DesignerSupport.targets(21,5): message :       _GenerateDesignerRuntimeConfigFile;
       C:\Program Files\dotnet\sdk\9.0.309\Sdks\Microsoft.NET.Sdk\targets\Microsoft.NET.DesignerSupport.targets(21,5): message :       GetCopyToOutputDirectoryItems;
       C:\Program Files\dotnet\sdk\9.0.309\Sdks\Microsoft.NET.Sdk\targets\Microsoft.NET.DesignerSupport.targets(21,5): message :       _GatherDesignerShadowCopyFiles;
       C:\Program Files\dotnet\sdk\9.0.309\Sdks\Microsoft.NET.Sdk\targets\Microsoft.NET.DesignerSupport.targets(21,5): message :     "(이전 값: "
       C:\Program Files\dotnet\sdk\9.0.309\Sdks\Microsoft.NET.Sdk\targets\Microsoft.NET.DesignerSupport.targets(21,5): message :       ;
       C:\Program Files\dotnet\sdk\9.0.309\Sdks\Microsoft.NET.Sdk\targets\Microsoft.NET.DesignerSupport.targets(21,5): message :       
       C:\Program Files\dotnet\sdk\9.0.309\Sdks\Microsoft.NET.Sdk\targets\Microsoft.NET.DesignerSupport.targets(21,5): message :       ;
       C:\Program Files\dotnet\sdk\9.0.309\Sdks\Microsoft.NET.Sdk\targets\Microsoft.NET.DesignerSupport.targets(21,5): message :       BuildOnlySettings;
       C:\Program Files\dotnet\sdk\9.0.309\Sdks\Microsoft.NET.Sdk\targets\Microsoft.NET.DesignerSupport.targets(21,5): message :       PrepareForBuild;
       C:\Program Files\dotnet\sdk\9.0.309\Sdks\Microsoft.NET.Sdk\targets\Microsoft.NET.DesignerSupport.targets(21,5): message :       AssignTargetPaths;
       C:\Program Files\dotnet\sdk\9.0.309\Sdks\Microsoft.NET.Sdk\targets\Microsoft.NET.DesignerSupport.targets(21,5): message :       ResolveReferences
       C:\Program Files\dotnet\sdk\9.0.309\Sdks\Microsoft.NET.Sdk\targets\Microsoft.NET.DesignerSupport.targets(21,5): message :     
       C:\Program Files\dotnet\sdk\9.0.309\Sdks\Microsoft.NET.Sdk\targets\Microsoft.NET.DesignerSupport.targets(21,5): message :     ")
       C:\Program Files\dotnet\sdk\9.0.309\Sdks\Microsoft.NET.Sdk\targets\Microsoft.NET.PackTool.targets(68,5): message : 속성 재할당: $(_GenerateToolsSettingsFileCacheFile)=C:\Program Files\dotnet\sdk\9.0.309\Sdks\Microsoft.NET.Sdk\targets\Microsoft.NET.PackTool.targets (68,5)의 "c:\Work\backup\tcpaop\Tests\ProtoTestTool\obj\Debug\net9.0-windows\ProtoTestTool.toolssettingsinput.cache"(이전 값: "obj\Debug\net9.0-windows\ProtoTestTool.toolssettingsinput.cache")
       C:\Program Files\dotnet\sdk\9.0.309\Sdks\Microsoft.NET.Sdk\targets\Microsoft.NET.PackTool.targets(137,5): message : 속성 재할당: $(_ShimInputCacheFile)=C:\Program Files\dotnet\sdk\9.0.309\Sdks\Microsoft.NET.Sdk\targets\Microsoft.NET.PackTool.targets (137,5)의 "c:\Work\backup\tcpaop\Tests\ProtoTestTool\obj\Debug\net9.0-windows\ProtoTestTool.shiminput.cache"(이전 값: "obj\Debug\net9.0-windows\ProtoTestTool.shiminput.cache")
       C:\Program Files\dotnet\sdk\9.0.309\Sdks\Microsoft.NET.Sdk\targets\Microsoft.NET.PackTool.targets(139,5): message : 속성 재할당: $(_ShimCreatedSentinelFile)=C:\Program Files\dotnet\sdk\9.0.309\Sdks\Microsoft.NET.Sdk\targets\Microsoft.NET.PackTool.targets (139,5)의 "c:\Work\backup\tcpaop\Tests\ProtoTestTool\obj\Debug\net9.0-windows\ProtoTestTool.shimcreated.sentinel"(이전 값: "obj\Debug\net9.0-windows\ProtoTestTool.shimcreated.sentinel")
       C:\Program Files\dotnet\sdk\9.0.309\Sdks\Microsoft.NET.Sdk\targets\Microsoft.NET.Sdk.CSharp.targets(31,5): message : 속성 재할당: $(DefineConstants)=C:\Program Files\dotnet\sdk\9.0.309\Sdks\Microsoft.NET.Sdk\targets\Microsoft.NET.Sdk.CSharp.targets (31,5)의 "TRACE;DEBUG"(이전 값: "TRACE")
       C:\Program Files\dotnet\sdk\9.0.309\Sdks\Microsoft.NET.Sdk\targets\Microsoft.NET.Sdk.CSharp.targets(34,5): message : 속성 재할당: $(DefineConstants)=C:\Program Files\dotnet\sdk\9.0.309\Sdks\Microsoft.NET.Sdk\targets\Microsoft.NET.Sdk.CSharp.targets (34,5)의 "TRACE;DEBUG;NET;NET9_0;NETCOREAPP"(이전 값: "TRACE;DEBUG")
       C:\Program Files\dotnet\sdk\9.0.309\Sdks\Microsoft.NET.Sdk\targets\Microsoft.NET.Sdk.CSharp.targets(48,5): message : 속성 재할당: $(WarningsAsErrors)=C:\Program Files\dotnet\sdk\9.0.309\Sdks\Microsoft.NET.Sdk\targets\Microsoft.NET.Sdk.CSharp.targets (48,5)의 ";NU1605;SYSLIB0011"(이전 값: ";NU1605")
       C:\Program Files\dotnet\sdk\9.0.309\Sdks\Microsoft.NET.Sdk\targets\Microsoft.NET.Windows.targets(34,5): message : 속성 재할당: $(TargetPlatformVersion)=C:\Program Files\dotnet\sdk\9.0.309\Sdks\Microsoft.NET.Sdk\targets\Microsoft.NET.Windows.targets (34,5)의 "7.0"(이전 값: "")
       C:\Program Files\dotnet\sdk\9.0.309\Sdks\Microsoft.NET.Sdk\targets\Microsoft.NET.Windows.targets(44,5): message : 속성 재할당: $(SupportedOSPlatformVersion)=C:\Program Files\dotnet\sdk\9.0.309\Sdks\Microsoft.NET.Sdk\targets\Microsoft.NET.Windows.targets (44,5)의 "7.0"(이전 값: "")
       C:\Program Files\dotnet\sdk\9.0.309\Sdks\Microsoft.NET.Sdk\targets\Microsoft.NET.Windows.targets(45,5): message : 속성 재할당: $(TargetPlatformMinVersion)=C:\Program Files\dotnet\sdk\9.0.309\Sdks\Microsoft.NET.Sdk\targets\Microsoft.NET.Windows.targets (45,5)의 "7.0"(이전 값: "")
       C:\Program Files\dotnet\sdk\9.0.309\Sdks\Microsoft.NET.Sdk\targets\Microsoft.NET.Sdk.targets(1473,5): message : 속성 재할당: $(TargetPlatformDisplayName)=C:\Program Files\dotnet\sdk\9.0.309\Sdks\Microsoft.NET.Sdk\targets\Microsoft.NET.Sdk.targets (1473,5)의 "Windows 7.0"(이전 값: "Windows ")
       C:\Program Files\dotnet\sdk\9.0.309\Sdks\Microsoft.NET.Sdk.WindowsDesktop\targets\Microsoft.NET.Sdk.WindowsDesktop.targets(51,5): message : 속성 재할당: $(_TargetFrameworkVersionValue)=C:\Program Files\dotnet\sdk\9.0.309\Sdks\Microsoft.NET.Sdk.WindowsDesktop\targets\Microsoft.NET.Sdk.WindowsDesktop.targets (51,5)의 "9.0"(이전 값: "0.0")
       C:\Program Files\dotnet\sdk\9.0.309\Sdks\Microsoft.NET.Sdk.WindowsDesktop\targets\Microsoft.WinFX.targets(61,7): message : 속성 재할당: $(PrepareResourceNamesDependsOn)=C:\Program Files\dotnet\sdk\9.0.309\Sdks\Microsoft.NET.Sdk.WindowsDesktop\targets\Microsoft.WinFX.targets (61,7)의 "
       C:\Program Files\dotnet\sdk\9.0.309\Sdks\Microsoft.NET.Sdk.WindowsDesktop\targets\Microsoft.WinFX.targets(61,7): message :                     AssignWinFXEmbeddedResource;
       C:\Program Files\dotnet\sdk\9.0.309\Sdks\Microsoft.NET.Sdk.WindowsDesktop\targets\Microsoft.WinFX.targets(61,7): message :                     
       C:\Program Files\dotnet\sdk\9.0.309\Sdks\Microsoft.NET.Sdk.WindowsDesktop\targets\Microsoft.WinFX.targets(61,7): message :       AssignTargetPaths;
       C:\Program Files\dotnet\sdk\9.0.309\Sdks\Microsoft.NET.Sdk.WindowsDesktop\targets\Microsoft.WinFX.targets(61,7): message :       SplitResourcesByCulture;
       C:\Program Files\dotnet\sdk\9.0.309\Sdks\Microsoft.NET.Sdk.WindowsDesktop\targets\Microsoft.WinFX.targets(61,7): message :       CreateManifestResourceNames;
       C:\Program Files\dotnet\sdk\9.0.309\Sdks\Microsoft.NET.Sdk.WindowsDesktop\targets\Microsoft.WinFX.targets(61,7): message :       CreateCustomManifestResourceNames
       C:\Program Files\dotnet\sdk\9.0.309\Sdks\Microsoft.NET.Sdk.WindowsDesktop\targets\Microsoft.WinFX.targets(61,7): message :     
       C:\Program Files\dotnet\sdk\9.0.309\Sdks\Microsoft.NET.Sdk.WindowsDesktop\targets\Microsoft.WinFX.targets(61,7): message :       "(이전 값: "
       C:\Program Files\dotnet\sdk\9.0.309\Sdks\Microsoft.NET.Sdk.WindowsDesktop\targets\Microsoft.WinFX.targets(61,7): message :       AssignTargetPaths;
       C:\Program Files\dotnet\sdk\9.0.309\Sdks\Microsoft.NET.Sdk.WindowsDesktop\targets\Microsoft.WinFX.targets(61,7): message :       SplitResourcesByCulture;
       C:\Program Files\dotnet\sdk\9.0.309\Sdks\Microsoft.NET.Sdk.WindowsDesktop\targets\Microsoft.WinFX.targets(61,7): message :       CreateManifestResourceNames;
       C:\Program Files\dotnet\sdk\9.0.309\Sdks\Microsoft.NET.Sdk.WindowsDesktop\targets\Microsoft.WinFX.targets(61,7): message :       CreateCustomManifestResourceNames
       C:\Program Files\dotnet\sdk\9.0.309\Sdks\Microsoft.NET.Sdk.WindowsDesktop\targets\Microsoft.WinFX.targets(61,7): message :     ")
       C:\Program Files\dotnet\sdk\9.0.309\Sdks\Microsoft.NET.Sdk.WindowsDesktop\targets\Microsoft.WinFX.targets(69,7): message : 속성 재할당: $(PrepareResourcesDependsOn)=C:\Program Files\dotnet\sdk\9.0.309\Sdks\Microsoft.NET.Sdk.WindowsDesktop\targets\Microsoft.WinFX.targets (69,7)의 "
       C:\Program Files\dotnet\sdk\9.0.309\Sdks\Microsoft.NET.Sdk.WindowsDesktop\targets\Microsoft.WinFX.targets(69,7): message :                 MarkupCompilePass1;
       C:\Program Files\dotnet\sdk\9.0.309\Sdks\Microsoft.NET.Sdk.WindowsDesktop\targets\Microsoft.WinFX.targets(69,7): message :                 AfterMarkupCompilePass1;
       C:\Program Files\dotnet\sdk\9.0.309\Sdks\Microsoft.NET.Sdk.WindowsDesktop\targets\Microsoft.WinFX.targets(69,7): message :                 MarkupCompilePass2ForMainAssembly;
       C:\Program Files\dotnet\sdk\9.0.309\Sdks\Microsoft.NET.Sdk.WindowsDesktop\targets\Microsoft.WinFX.targets(69,7): message :                 FileClassification;
       C:\Program Files\dotnet\sdk\9.0.309\Sdks\Microsoft.NET.Sdk.WindowsDesktop\targets\Microsoft.WinFX.targets(69,7): message :                 MainResourcesGeneration;
       C:\Program Files\dotnet\sdk\9.0.309\Sdks\Microsoft.NET.Sdk.WindowsDesktop\targets\Microsoft.WinFX.targets(69,7): message :                 
       C:\Program Files\dotnet\sdk\9.0.309\Sdks\Microsoft.NET.Sdk.WindowsDesktop\targets\Microsoft.WinFX.targets(69,7): message :       ResolvePackageDependenciesForBuild;
       C:\Program Files\dotnet\sdk\9.0.309\Sdks\Microsoft.NET.Sdk.WindowsDesktop\targets\Microsoft.WinFX.targets(69,7): message :       _HandlePackageFileConflicts;
       C:\Program Files\dotnet\sdk\9.0.309\Sdks\Microsoft.NET.Sdk.WindowsDesktop\targets\Microsoft.WinFX.targets(69,7): message :       
       C:\Program Files\dotnet\sdk\9.0.309\Sdks\Microsoft.NET.Sdk.WindowsDesktop\targets\Microsoft.WinFX.targets(69,7): message :       ;
       C:\Program Files\dotnet\sdk\9.0.309\Sdks\Microsoft.NET.Sdk.WindowsDesktop\targets\Microsoft.WinFX.targets(69,7): message :       PrepareResourceNames;
       C:\Program Files\dotnet\sdk\9.0.309\Sdks\Microsoft.NET.Sdk.WindowsDesktop\targets\Microsoft.WinFX.targets(69,7): message :       ResGen;
       C:\Program Files\dotnet\sdk\9.0.309\Sdks\Microsoft.NET.Sdk.WindowsDesktop\targets\Microsoft.WinFX.targets(69,7): message :       CompileLicxFiles
       C:\Program Files\dotnet\sdk\9.0.309\Sdks\Microsoft.NET.Sdk.WindowsDesktop\targets\Microsoft.WinFX.targets(69,7): message :     
       C:\Program Files\dotnet\sdk\9.0.309\Sdks\Microsoft.NET.Sdk.WindowsDesktop\targets\Microsoft.WinFX.targets(69,7): message :     
       C:\Program Files\dotnet\sdk\9.0.309\Sdks\Microsoft.NET.Sdk.WindowsDesktop\targets\Microsoft.WinFX.targets(69,7): message :       "(이전 값: "
       C:\Program Files\dotnet\sdk\9.0.309\Sdks\Microsoft.NET.Sdk.WindowsDesktop\targets\Microsoft.WinFX.targets(69,7): message :       ResolvePackageDependenciesForBuild;
       C:\Program Files\dotnet\sdk\9.0.309\Sdks\Microsoft.NET.Sdk.WindowsDesktop\targets\Microsoft.WinFX.targets(69,7): message :       _HandlePackageFileConflicts;
       C:\Program Files\dotnet\sdk\9.0.309\Sdks\Microsoft.NET.Sdk.WindowsDesktop\targets\Microsoft.WinFX.targets(69,7): message :       
       C:\Program Files\dotnet\sdk\9.0.309\Sdks\Microsoft.NET.Sdk.WindowsDesktop\targets\Microsoft.WinFX.targets(69,7): message :       ;
       C:\Program Files\dotnet\sdk\9.0.309\Sdks\Microsoft.NET.Sdk.WindowsDesktop\targets\Microsoft.WinFX.targets(69,7): message :       PrepareResourceNames;
       C:\Program Files\dotnet\sdk\9.0.309\Sdks\Microsoft.NET.Sdk.WindowsDesktop\targets\Microsoft.WinFX.targets(69,7): message :       ResGen;
       C:\Program Files\dotnet\sdk\9.0.309\Sdks\Microsoft.NET.Sdk.WindowsDesktop\targets\Microsoft.WinFX.targets(69,7): message :       CompileLicxFiles
       C:\Program Files\dotnet\sdk\9.0.309\Sdks\Microsoft.NET.Sdk.WindowsDesktop\targets\Microsoft.WinFX.targets(69,7): message :     
       C:\Program Files\dotnet\sdk\9.0.309\Sdks\Microsoft.NET.Sdk.WindowsDesktop\targets\Microsoft.WinFX.targets(69,7): message :     ")
       C:\Program Files\dotnet\sdk\9.0.309\Sdks\Microsoft.NET.Sdk.WindowsDesktop\targets\Microsoft.WinFX.targets(136,5): message : 속성 재할당: $(CompileDependsOn)=C:\Program Files\dotnet\sdk\9.0.309\Sdks\Microsoft.NET.Sdk.WindowsDesktop\targets\Microsoft.WinFX.targets (136,5)의 "
       C:\Program Files\dotnet\sdk\9.0.309\Sdks\Microsoft.NET.Sdk.WindowsDesktop\targets\Microsoft.WinFX.targets(136,5): message :         
       C:\Program Files\dotnet\sdk\9.0.309\Sdks\Microsoft.NET.Sdk.WindowsDesktop\targets\Microsoft.WinFX.targets(136,5): message :       
       C:\Program Files\dotnet\sdk\9.0.309\Sdks\Microsoft.NET.Sdk.WindowsDesktop\targets\Microsoft.WinFX.targets(136,5): message :       ResolveReferences;
       C:\Program Files\dotnet\sdk\9.0.309\Sdks\Microsoft.NET.Sdk.WindowsDesktop\targets\Microsoft.WinFX.targets(136,5): message :       ResolveKeySource;
       C:\Program Files\dotnet\sdk\9.0.309\Sdks\Microsoft.NET.Sdk.WindowsDesktop\targets\Microsoft.WinFX.targets(136,5): message :       SetWin32ManifestProperties;
       C:\Program Files\dotnet\sdk\9.0.309\Sdks\Microsoft.NET.Sdk.WindowsDesktop\targets\Microsoft.WinFX.targets(136,5): message :       _SetPreferNativeArm64Win32ManifestProperties;
       C:\Program Files\dotnet\sdk\9.0.309\Sdks\Microsoft.NET.Sdk.WindowsDesktop\targets\Microsoft.WinFX.targets(136,5): message :       FindReferenceAssembliesForReferences;
       C:\Program Files\dotnet\sdk\9.0.309\Sdks\Microsoft.NET.Sdk.WindowsDesktop\targets\Microsoft.WinFX.targets(136,5): message :       _GenerateCompileInputs;
       C:\Program Files\dotnet\sdk\9.0.309\Sdks\Microsoft.NET.Sdk.WindowsDesktop\targets\Microsoft.WinFX.targets(136,5): message :       BeforeCompile;
       C:\Program Files\dotnet\sdk\9.0.309\Sdks\Microsoft.NET.Sdk.WindowsDesktop\targets\Microsoft.WinFX.targets(136,5): message :       _TimeStampBeforeCompile;
       C:\Program Files\dotnet\sdk\9.0.309\Sdks\Microsoft.NET.Sdk.WindowsDesktop\targets\Microsoft.WinFX.targets(136,5): message :       _GenerateCompileDependencyCache;
       C:\Program Files\dotnet\sdk\9.0.309\Sdks\Microsoft.NET.Sdk.WindowsDesktop\targets\Microsoft.WinFX.targets(136,5): message :       CoreCompile;
       C:\Program Files\dotnet\sdk\9.0.309\Sdks\Microsoft.NET.Sdk.WindowsDesktop\targets\Microsoft.WinFX.targets(136,5): message :       _TimeStampAfterCompile;
       C:\Program Files\dotnet\sdk\9.0.309\Sdks\Microsoft.NET.Sdk.WindowsDesktop\targets\Microsoft.WinFX.targets(136,5): message :       AfterCompile;
       C:\Program Files\dotnet\sdk\9.0.309\Sdks\Microsoft.NET.Sdk.WindowsDesktop\targets\Microsoft.WinFX.targets(136,5): message :     ;
       C:\Program Files\dotnet\sdk\9.0.309\Sdks\Microsoft.NET.Sdk.WindowsDesktop\targets\Microsoft.WinFX.targets(136,5): message :       _CreateAppHost;
       C:\Program Files\dotnet\sdk\9.0.309\Sdks\Microsoft.NET.Sdk.WindowsDesktop\targets\Microsoft.WinFX.targets(136,5): message :       _CreateComHost;
       C:\Program Files\dotnet\sdk\9.0.309\Sdks\Microsoft.NET.Sdk.WindowsDesktop\targets\Microsoft.WinFX.targets(136,5): message :       _GetIjwHostPaths;
       C:\Program Files\dotnet\sdk\9.0.309\Sdks\Microsoft.NET.Sdk.WindowsDesktop\targets\Microsoft.WinFX.targets(136,5): message :     ;
       C:\Program Files\dotnet\sdk\9.0.309\Sdks\Microsoft.NET.Sdk.WindowsDesktop\targets\Microsoft.WinFX.targets(136,5): message :         _AfterCompileWinFXInternal
       C:\Program Files\dotnet\sdk\9.0.309\Sdks\Microsoft.NET.Sdk.WindowsDesktop\targets\Microsoft.WinFX.targets(136,5): message :     "(이전 값: "
       C:\Program Files\dotnet\sdk\9.0.309\Sdks\Microsoft.NET.Sdk.WindowsDesktop\targets\Microsoft.WinFX.targets(136,5): message :       
       C:\Program Files\dotnet\sdk\9.0.309\Sdks\Microsoft.NET.Sdk.WindowsDesktop\targets\Microsoft.WinFX.targets(136,5): message :       ResolveReferences;
       C:\Program Files\dotnet\sdk\9.0.309\Sdks\Microsoft.NET.Sdk.WindowsDesktop\targets\Microsoft.WinFX.targets(136,5): message :       ResolveKeySource;
       C:\Program Files\dotnet\sdk\9.0.309\Sdks\Microsoft.NET.Sdk.WindowsDesktop\targets\Microsoft.WinFX.targets(136,5): message :       SetWin32ManifestProperties;
       C:\Program Files\dotnet\sdk\9.0.309\Sdks\Microsoft.NET.Sdk.WindowsDesktop\targets\Microsoft.WinFX.targets(136,5): message :       _SetPreferNativeArm64Win32ManifestProperties;
       C:\Program Files\dotnet\sdk\9.0.309\Sdks\Microsoft.NET.Sdk.WindowsDesktop\targets\Microsoft.WinFX.targets(136,5): message :       FindReferenceAssembliesForReferences;
       C:\Program Files\dotnet\sdk\9.0.309\Sdks\Microsoft.NET.Sdk.WindowsDesktop\targets\Microsoft.WinFX.targets(136,5): message :       _GenerateCompileInputs;
       C:\Program Files\dotnet\sdk\9.0.309\Sdks\Microsoft.NET.Sdk.WindowsDesktop\targets\Microsoft.WinFX.targets(136,5): message :       BeforeCompile;
       C:\Program Files\dotnet\sdk\9.0.309\Sdks\Microsoft.NET.Sdk.WindowsDesktop\targets\Microsoft.WinFX.targets(136,5): message :       _TimeStampBeforeCompile;
       C:\Program Files\dotnet\sdk\9.0.309\Sdks\Microsoft.NET.Sdk.WindowsDesktop\targets\Microsoft.WinFX.targets(136,5): message :       _GenerateCompileDependencyCache;
       C:\Program Files\dotnet\sdk\9.0.309\Sdks\Microsoft.NET.Sdk.WindowsDesktop\targets\Microsoft.WinFX.targets(136,5): message :       CoreCompile;
       C:\Program Files\dotnet\sdk\9.0.309\Sdks\Microsoft.NET.Sdk.WindowsDesktop\targets\Microsoft.WinFX.targets(136,5): message :       _TimeStampAfterCompile;
       C:\Program Files\dotnet\sdk\9.0.309\Sdks\Microsoft.NET.Sdk.WindowsDesktop\targets\Microsoft.WinFX.targets(136,5): message :       AfterCompile;
       C:\Program Files\dotnet\sdk\9.0.309\Sdks\Microsoft.NET.Sdk.WindowsDesktop\targets\Microsoft.WinFX.targets(136,5): message :     ;
       C:\Program Files\dotnet\sdk\9.0.309\Sdks\Microsoft.NET.Sdk.WindowsDesktop\targets\Microsoft.WinFX.targets(136,5): message :       _CreateAppHost;
       C:\Program Files\dotnet\sdk\9.0.309\Sdks\Microsoft.NET.Sdk.WindowsDesktop\targets\Microsoft.WinFX.targets(136,5): message :       _CreateComHost;
       C:\Program Files\dotnet\sdk\9.0.309\Sdks\Microsoft.NET.Sdk.WindowsDesktop\targets\Microsoft.WinFX.targets(136,5): message :       _GetIjwHostPaths;
       C:\Program Files\dotnet\sdk\9.0.309\Sdks\Microsoft.NET.Sdk.WindowsDesktop\targets\Microsoft.WinFX.targets(136,5): message :     ")
       C:\Program Files\dotnet\sdk\9.0.309\Sdks\Microsoft.NET.Sdk.WindowsDesktop\targets\Microsoft.WinFX.targets(803,9): message : 속성 재할당: $(PublishBuildDependsOn)=C:\Program Files\dotnet\sdk\9.0.309\Sdks\Microsoft.NET.Sdk.WindowsDesktop\targets\Microsoft.WinFX.targets (803,9)의 "
       C:\Program Files\dotnet\sdk\9.0.309\Sdks\Microsoft.NET.Sdk.WindowsDesktop\targets\Microsoft.WinFX.targets(803,9): message :             BuildOnlySettings;
       C:\Program Files\dotnet\sdk\9.0.309\Sdks\Microsoft.NET.Sdk.WindowsDesktop\targets\Microsoft.WinFX.targets(803,9): message :             PrepareForBuild;
       C:\Program Files\dotnet\sdk\9.0.309\Sdks\Microsoft.NET.Sdk.WindowsDesktop\targets\Microsoft.WinFX.targets(803,9): message :             ResolveReferences;
       C:\Program Files\dotnet\sdk\9.0.309\Sdks\Microsoft.NET.Sdk.WindowsDesktop\targets\Microsoft.WinFX.targets(803,9): message :             PrepareResources;
       C:\Program Files\dotnet\sdk\9.0.309\Sdks\Microsoft.NET.Sdk.WindowsDesktop\targets\Microsoft.WinFX.targets(803,9): message :             ResolveKeySource;
       C:\Program Files\dotnet\sdk\9.0.309\Sdks\Microsoft.NET.Sdk.WindowsDesktop\targets\Microsoft.WinFX.targets(803,9): message :             PrepareResourcesForSatelliteAssemblies;
       C:\Program Files\dotnet\sdk\9.0.309\Sdks\Microsoft.NET.Sdk.WindowsDesktop\targets\Microsoft.WinFX.targets(803,9): message :             GenerateSerializationAssemblies;
       C:\Program Files\dotnet\sdk\9.0.309\Sdks\Microsoft.NET.Sdk.WindowsDesktop\targets\Microsoft.WinFX.targets(803,9): message :             CreateSatelliteAssemblies;
       C:\Program Files\dotnet\sdk\9.0.309\Sdks\Microsoft.NET.Sdk.WindowsDesktop\targets\Microsoft.WinFX.targets(803,9): message :         "(이전 값: "
       C:\Program Files\dotnet\sdk\9.0.309\Sdks\Microsoft.NET.Sdk.WindowsDesktop\targets\Microsoft.WinFX.targets(803,9): message :       BuildOnlySettings;
       C:\Program Files\dotnet\sdk\9.0.309\Sdks\Microsoft.NET.Sdk.WindowsDesktop\targets\Microsoft.WinFX.targets(803,9): message :       PrepareForBuild;
       C:\Program Files\dotnet\sdk\9.0.309\Sdks\Microsoft.NET.Sdk.WindowsDesktop\targets\Microsoft.WinFX.targets(803,9): message :       ResolveReferences;
       C:\Program Files\dotnet\sdk\9.0.309\Sdks\Microsoft.NET.Sdk.WindowsDesktop\targets\Microsoft.WinFX.targets(803,9): message :       PrepareResources;
       C:\Program Files\dotnet\sdk\9.0.309\Sdks\Microsoft.NET.Sdk.WindowsDesktop\targets\Microsoft.WinFX.targets(803,9): message :       ResolveKeySource;
       C:\Program Files\dotnet\sdk\9.0.309\Sdks\Microsoft.NET.Sdk.WindowsDesktop\targets\Microsoft.WinFX.targets(803,9): message :       GenerateSerializationAssemblies;
       C:\Program Files\dotnet\sdk\9.0.309\Sdks\Microsoft.NET.Sdk.WindowsDesktop\targets\Microsoft.WinFX.targets(803,9): message :       CreateSatelliteAssemblies;
       C:\Program Files\dotnet\sdk\9.0.309\Sdks\Microsoft.NET.Sdk.WindowsDesktop\targets\Microsoft.WinFX.targets(803,9): message :     ")
       C:\Program Files\dotnet\sdk\9.0.309\Sdks\NuGet.Build.Tasks.Pack\build\NuGet.Build.Tasks.Pack.targets(34,5): message : 속성 재할당: $(PackageDescription)=C:\Program Files\dotnet\sdk\9.0.309\Sdks\NuGet.Build.Tasks.Pack\build\NuGet.Build.Tasks.Pack.targets (34,5)의 "Package Description"(이전 값: "")
       C:\Program Files\dotnet\sdk\9.0.309\Sdks\NuGet.Build.Tasks.Pack\build\NuGet.Build.Tasks.Pack.targets(59,5): message : 속성 재할당: $(GenerateNuspecDependsOn)=C:\Program Files\dotnet\sdk\9.0.309\Sdks\NuGet.Build.Tasks.Pack\build\NuGet.Build.Tasks.Pack.targets (59,5)의 "Build;_LoadPackInputItems; _GetTargetFrameworksOutput; _WalkEachTargetPerFramework; _GetPackageFiles; "(이전 값: "_LoadPackInputItems; _GetTargetFrameworksOutput; _WalkEachTargetPerFramework; _GetPackageFiles; ")
       C:\Program Files\dotnet\sdk\9.0.309\Sdks\Microsoft.NET.Sdk\Sdk\Sdk.targets(60,5): message : 속성 재할당: $(_IsNotSetContainersTargetsDir)=C:\Program Files\dotnet\sdk\9.0.309\Sdks\Microsoft.NET.Sdk\Sdk\Sdk.targets (60,5)의 "true"(이전 값: "false")
       C:\Program Files\dotnet\sdk\9.0.309\Containers\build\Microsoft.NET.Build.Containers.targets(5,5): message : 속성 재할당: $(_IsSDKContainerAllowedVersion)=C:\Program Files\dotnet\sdk\9.0.309\Containers\build\Microsoft.NET.Build.Containers.targets (5,5)의 "true"(이전 값: "false")
       C:\Program Files\dotnet\sdk\9.0.309\Containers\build\Microsoft.NET.Build.Containers.targets(15,5): message : 속성 재할당: $(_ContainerIsTargetingNet8TFM)=C:\Program Files\dotnet\sdk\9.0.309\Containers\build\Microsoft.NET.Build.Containers.targets (15,5)의 "true"(이전 값: "false")
       "C:\Program Files\dotnet\sdk\9.0.309\Microsoft.Common.CurrentVersion.targets" 프로젝트의 "ResolveFrameworkReferences" 대상을 "C:\Program Files\dotnet\sdk\9.0.309\Sdks\Microsoft.NET.Sdk\targets\Microsoft.NET.Sdk.FrameworkReferenceResolution.targets" 프로젝트의 "ResolveFrameworkReferences" 대상으로 재정의하고 있습니다.
       "C:\Program Files\dotnet\sdk\9.0.309\Microsoft.Common.CurrentVersion.targets" 프로젝트의 "Run" 대상을 "C:\Program Files\dotnet\sdk\9.0.309\Sdks\Microsoft.NET.Sdk\targets\Microsoft.NET.Sdk.targets" 프로젝트의 "Run" 대상으로 재정의하고 있습니다.
       "C:\Program Files\dotnet\sdk\9.0.309\Microsoft.Common.CurrentVersion.targets" 프로젝트의 "GenerateSupportedTargetFrameworkAlias" 대상을 "C:\Program Files\dotnet\sdk\9.0.309\Sdks\Microsoft.NET.Sdk\targets\Microsoft.NET.Sdk.targets" 프로젝트의 "GenerateSupportedTargetFrameworkAlias" 대상으로 재정의하고 있습니다.
       "C:\Program Files\dotnet\sdk\9.0.309\Microsoft.Common.CurrentVersion.targets" 프로젝트의 "GetReferenceAssemblyPaths" 대상을 "C:\Program Files\dotnet\sdk\9.0.309\Sdks\Microsoft.NET.Sdk\targets\Microsoft.NET.DisableStandardFrameworkResolution.targets" 프로젝트의 "GetReferenceAssemblyPaths" 대상으로 재정의하고 있습니다.
       "C:\Program Files\dotnet\sdk\9.0.309\Microsoft.Common.CurrentVersion.targets" 프로젝트의 "GetFrameworkPaths" 대상을 "C:\Program Files\dotnet\sdk\9.0.309\Sdks\Microsoft.NET.Sdk\targets\Microsoft.NET.DisableStandardFrameworkResolution.targets" 프로젝트의 "GetFrameworkPaths" 대상으로 재정의하고 있습니다.
       "C:\Program Files\dotnet\sdk\9.0.309\Microsoft.Common.CurrentVersion.targets" 프로젝트의 "DesignerRuntimeImplementationProjectOutputGroup" 대상을 "C:\Program Files\dotnet\sdk\9.0.309\Sdks\Microsoft.NET.Sdk\targets\Microsoft.NET.DesignerSupport.targets" 프로젝트의 "DesignerRuntimeImplementationProjectOutputGroup" 대상으로 재정의하고 있습니다.
       "C:\Program Files\dotnet\sdk\9.0.309\Microsoft.Common.CurrentVersion.targets" 프로젝트의 "Publish" 대상을 "C:\Program Files\dotnet\sdk\9.0.309\Sdks\Microsoft.NET.Sdk\targets\Microsoft.NET.Publish.targets" 프로젝트의 "Publish" 대상으로 재정의하고 있습니다.
       "C:\Program Files\dotnet\sdk\9.0.309\Sdks\Microsoft.NET.Sdk\targets\Microsoft.NET.CrossGen.targets" 프로젝트의 "ResolveReadyToRunCompilers" 대상을 "C:\Program Files\dotnet\sdk\9.0.309\Sdks\Microsoft.NET.Sdk\targets\Microsoft.NET.Publish.targets" 프로젝트의 "ResolveReadyToRunCompilers" 대상으로 재정의하고 있습니다.
       "C:\Program Files\dotnet\sdk\9.0.309\Microsoft.Common.CurrentVersion.targets" 프로젝트의 "GetCopyToPublishDirectoryItems" 대상을 "C:\Program Files\dotnet\sdk\9.0.309\Sdks\Microsoft.NET.Sdk\targets\Microsoft.NET.Publish.targets" 프로젝트의 "GetCopyToPublishDirectoryItems" 대상으로 재정의하고 있습니다.
       "C:\Program Files\dotnet\sdk\9.0.309\Microsoft.Common.CurrentVersion.targets" 프로젝트의 "SatelliteDllsProjectOutputGroup" 대상을 "C:\Program Files\dotnet\sdk\9.0.309\Sdks\Microsoft.NET.Sdk.WindowsDesktop\targets\Microsoft.WinFX.targets" 프로젝트의 "SatelliteDllsProjectOutputGroup" 대상으로 재정의하고 있습니다.
       "C:\Users\kentz\.nuget\packages\system.text.json\9.0.1\buildTransitive\net8.0\System.Text.Json.targets(11,11)"의 AfterTargets 특성에 나열된 "ResolveNuGetPackageAssets" 대상이 프로젝트에 없으며 무시됩니다.
       "C:\Users\kentz\.nuget\packages\system.text.json\9.0.1\buildTransitive\net8.0\System.Text.Json.targets(23,11)"의 AfterTargets 특성에 나열된 "ResolveNuGetPackageAssets" 대상이 프로젝트에 없으며 무시됩니다.
       "C:\Users\kentz\.nuget\packages\microsoft.extensions.options\9.0.6\buildTransitive\net8.0\Microsoft.Extensions.Options.targets(11,11)"의 AfterTargets 특성에 나열된 "ResolveNuGetPackageAssets" 대상이 프로젝트에 없으며 무시됩니다.
       "C:\Users\kentz\.nuget\packages\microsoft.extensions.options\9.0.6\buildTransitive\net8.0\Microsoft.Extensions.Options.targets(23,11)"의 AfterTargets 특성에 나열된 "ResolveNuGetPackageAssets" 대상이 프로젝트에 없으며 무시됩니다.
       "C:\Users\kentz\.nuget\packages\microsoft.extensions.configuration.binder\9.0.6\buildTransitive\netstandard2.0\Microsoft.Extensions.Configuration.Binder.targets(9,13)"의 AfterTargets 특성에 나열된 "ResolveNuGetPackageAssets" 대상이 프로젝트에 없으며 무시됩니다.
       "C:\Users\kentz\.nuget\packages\microsoft.extensions.logging.abstractions\9.0.6\buildTransitive\net8.0\Microsoft.Extensions.Logging.Abstractions.targets(11,11)"의 AfterTargets 특성에 나열된 "ResolveNuGetPackageAssets" 대상이 프로젝트에 없으며 무시됩니다.
       "C:\Users\kentz\.nuget\packages\microsoft.extensions.logging.abstractions\9.0.6\buildTransitive\net8.0\Microsoft.Extensions.Logging.Abstractions.targets(23,11)"의 AfterTargets 특성에 나열된 "ResolveNuGetPackageAssets" 대상이 프로젝트에 없으며 무시됩니다.
   1:7>1 노드의 "c:\Work\backup\tcpaop\Tests\ProtoTestTool\ProtoTestTool.csproj" 프로젝트(기본 대상)입니다.
   1:7>"c:\Work\backup\tcpaop\Tests\ProtoTestTool\ProtoTestTool.csproj" 프로젝트의 "C:\Users\kentz\.nuget\packages\microsoft.extensions.configuration.binder\9.0.6\buildTransitive\netstandard2.0\Microsoft.Extensions.Configuration.Binder.targets" 파일에 있는 "NETStandardCompatError_Microsoft_Extensions_Configuration_Binder" 대상(진입점):
   1:7>조건이 잘못되어 "Warning" 작업을 건너뜁니다. ('$(_Microsoft_Extensions_Configuration_Binder_Compatible_TargetFramework)' != '')이(가) ('' != '')(으)로 확인되었습니다.
   1:7>"ProtoTestTool.csproj" 프로젝트에 "NETStandardCompatError_Microsoft_Extensions_Configuration_Binder" 대상을 빌드했습니다.
       조건이 잘못되어 "_CheckForUnsupportedTargetFramework" 대상을 건너뜁니다. ('$(_UnsupportedTargetFrameworkError)' == 'true')이(가) ('' == 'true')(으)로 확인되었습니다.
   1:7>"c:\Work\backup\tcpaop\Tests\ProtoTestTool\ProtoTestTool.csproj" 프로젝트의 "C:\Program Files\dotnet\sdk\9.0.309\Sdks\Microsoft.NET.Sdk\targets\Microsoft.NET.TargetFrameworkInference.targets" 파일에 있는 "_CollectTargetFrameworkForTelemetry" 대상("_CheckForInvalidConfigurationAndPlatform" 대상이 종속됨):
       "C:\Program Files\dotnet\sdk\9.0.309\Sdks\Microsoft.NET.Sdk\targets\..\tools\net9.0\Microsoft.NET.Build.Tasks.dll" 어셈블리에서 "AllowEmptyTelemetry" 작업을 사용합니다.
       "AllowEmptyTelemetry" 작업
       "AllowEmptyTelemetry" 작업을 실행했습니다.
   1:7>"ProtoTestTool.csproj" 프로젝트에 "_CollectTargetFrameworkForTelemetry" 대상을 빌드했습니다.
       조건이 잘못되어 "_CheckForMissingWorkload" 대상을 건너뜁니다. ('@(MissingWorkloadPack)' != '' And '$(DesignTimeBuild)' != 'true')이(가) ('' != '' And '' != 'true')(으)로 확인되었습니다.
   1:7>"c:\Work\backup\tcpaop\Tests\ProtoTestTool\ProtoTestTool.csproj" 프로젝트의 "C:\Program Files\dotnet\sdk\9.0.309\Sdks\Microsoft.NET.Sdk\targets\Microsoft.NET.TargetFrameworkInference.targets" 파일에 있는 "_CheckForUnsupportedTargetPlatformIdentifier" 대상("_CheckForInvalidConfigurationAndPlatform" 대상이 종속됨):
       조건이 잘못되어 "NETSdkError" 작업을 건너뜁니다. ('$(TargetPlatformSupported)' != 'true' and '$(UseWorkloadsSpecificError)' != 'true')이(가) ('true' != 'true' and '' != 'true')(으)로 확인되었습니다.
       조건이 잘못되어 "NETSdkError" 작업을 건너뜁니다. ('$(TargetPlatformSupported)' != 'true' and '$(UseWorkloadsSpecificError)' == 'true')이(가) ('true' != 'true' and '' == 'true')(으)로 확인되었습니다.
   1:7>"ProtoTestTool.csproj" 프로젝트에 "_CheckForUnsupportedTargetPlatformIdentifier" 대상을 빌드했습니다.
   1:7>"c:\Work\backup\tcpaop\Tests\ProtoTestTool\ProtoTestTool.csproj" 프로젝트의 "C:\Program Files\dotnet\sdk\9.0.309\Sdks\Microsoft.NET.Sdk\targets\Microsoft.NET.TargetFrameworkInference.targets" 파일에 있는 "_CheckForUnsupportedNETCoreVersion" 대상("_CheckForInvalidConfigurationAndPlatform" 대상이 종속됨):
       조건이 잘못되어 "NETSdkError" 작업을 건너뜁니다. ('$(_TargetFrameworkVersionWithoutV)' > '$(NETCoreAppMaximumVersion)' and '$(DisplayVSMessage)' != 'true')이(가) ('9.0' > '9.0' and '' != 'true')(으)로 확인되었습니다.
       조건이 잘못되어 "NETSdkError" 작업을 건너뜁니다. ('$(DisplayVSMessage)' == 'true')이(가) ('' == 'true')(으)로 확인되었습니다.
   1:7>"ProtoTestTool.csproj" 프로젝트에 "_CheckForUnsupportedNETCoreVersion" 대상을 빌드했습니다.
       조건이 잘못되어 "_CheckForEolTargetFrameworks" 대상을 건너뜁니다. ('@(_EolNetCoreTargetFrameworkVersions->AnyHaveMetadataValue('Identity', '$(_TargetFrameworkVersionWithoutV)'))' and '$(TargetFrameworkIdentifier)' == '.NETCoreApp' and '$(CheckEolTargetFramework)' == 'true')이(가) ('false' and '.NETCoreApp' == '.NETCoreApp' and 'true' == 'true')(으)로 확인되었습니다.
       조건이 잘못되어 "_CheckForEolWorkloads" 대상을 건너뜁니다. ('@(EolWorkload)' != '' and '$(CheckEolWorkloads)' == 'true')이(가) ('' != '' and 'true' == 'true')(으)로 확인되었습니다.
       조건이 잘못되어 "_CheckForNotRecommendedNETStandardVersion" 대상을 건너뜁니다. ('$(TargetFrameworkIdentifier)' == '.NETStandard' and $([MSBuild]::VersionLessThan($(TargetFrameworkVersion), '2.0')))이(가) ('.NETCoreApp' == '.NETStandard' and False)(으)로 확인되었습니다.
   1:7>"c:\Work\backup\tcpaop\Tests\ProtoTestTool\ProtoTestTool.csproj" 프로젝트의 "C:\Program Files\dotnet\sdk\9.0.309\Sdks\Microsoft.NET.Sdk\targets\Microsoft.NET.TargetFrameworkInference.targets" 파일에 있는 "_CheckForUnsupportedCppNETCoreVersion" 대상("_CheckForInvalidConfigurationAndPlatform" 대상이 종속됨):
       조건이 잘못되어 "NETSdkError" 작업을 건너뜁니다. ('$(TargetFrameworkIdentifier)' == '.NETCoreApp' and '$(_TargetFrameworkVersionWithoutV)' < '3.1' and ('$(Language)' == 'C++' and '$(_EnablePackageReferencesInVCProjects)' != 'true'))이(가) ('.NETCoreApp' == '.NETCoreApp' and '9.0' < '3.1' and ('C#' == 'C++' and '' != 'true'))(으)로 확인되었습니다.
   1:7>"ProtoTestTool.csproj" 프로젝트에 "_CheckForUnsupportedCppNETCoreVersion" 대상을 빌드했습니다.
       조건이 잘못되어 "_CheckForUnsupportedNETStandardVersion" 대상을 건너뜁니다. ('$(TargetFrameworkIdentifier)' == '.NETStandard' And '$(NETStandardMaximumVersion)' != '')이(가) ('.NETCoreApp' == '.NETStandard' And '' != '')(으)로 확인되었습니다.
       조건이 잘못되어 "_CheckForUnsupportedTargetFrameworkAndFeatureCombination" 대상을 건너뜁니다. ('$(TargetFrameworkIdentifier)' == '.NETFramework')이(가) ('.NETCoreApp' == '.NETFramework')(으)로 확인되었습니다.
   1:7>"c:\Work\backup\tcpaop\Tests\ProtoTestTool\ProtoTestTool.csproj" 프로젝트의 "C:\Program Files\dotnet\sdk\9.0.309\Sdks\Microsoft.NET.Sdk\targets\Microsoft.NET.TargetFrameworkInference.targets" 파일에 있는 "_CheckForSupportedOSPlatformVersionHigherThanTargetPlatformVersion" 대상("_CheckForInvalidConfigurationAndPlatform" 대상이 종속됨):
       조건이 잘못되어 "NETSdkError" 작업을 건너뜁니다. ('$(SupportedOSPlatformVersion)' != '' and $(TargetPlatformVersion) != '' and $([MSBuild]::VersionGreaterThan($(SupportedOSPlatformVersion), $(TargetPlatformVersion))))이(가) ('7.0' != '' and 7.0 != '' and False)(으)로 확인되었습니다.
   1:7>"ProtoTestTool.csproj" 프로젝트에 "_CheckForSupportedOSPlatformVersionHigherThanTargetPlatformVersion" 대상을 빌드했습니다.
   1:7>"c:\Work\backup\tcpaop\Tests\ProtoTestTool\ProtoTestTool.csproj" 프로젝트의 "C:\Program Files\dotnet\sdk\9.0.309\Sdks\Microsoft.NET.Sdk\targets\Microsoft.NET.TargetFrameworkInference.targets" 파일에 있는 "_NormalizeTargetPlatformVersion" 대상("_CheckForInvalidTargetPlatformVersion" 대상이 종속됨):
   1:7>"ProtoTestTool.csproj" 프로젝트에 "_NormalizeTargetPlatformVersion" 대상을 빌드했습니다.
   1:7>"c:\Work\backup\tcpaop\Tests\ProtoTestTool\ProtoTestTool.csproj" 프로젝트의 "C:\Program Files\dotnet\sdk\9.0.309\Sdks\Microsoft.NET.Sdk\targets\Microsoft.NET.TargetFrameworkInference.targets" 파일에 있는 "_CheckForInvalidTargetPlatformVersion" 대상("_CheckForInvalidConfigurationAndPlatform" 대상이 종속됨):
       조건이 잘못되어 "NetSdkError" 작업을 건너뜁니다. ('$(TargetPlatformVersionSupported)' != 'true')이(가) ('true' != 'true')(으)로 확인되었습니다.
   1:7>"ProtoTestTool.csproj" 프로젝트에 "_CheckForInvalidTargetPlatformVersion" 대상을 빌드했습니다.
   1:7>"c:\Work\backup\tcpaop\Tests\ProtoTestTool\ProtoTestTool.csproj" 프로젝트의 "C:\Program Files\dotnet\sdk\9.0.309\Sdks\Microsoft.NET.Sdk\targets\Microsoft.NET.DefaultOutputPaths.targets" 파일에 있는 "_CheckForUnsupportedArtifactsPath" 대상("_CheckForInvalidConfigurationAndPlatform" 대상이 종속됨):
       조건이 잘못되어 "NetSdkError" 작업을 건너뜁니다. ('$(UseArtifactsOutput)' == 'true' and '$(_ArtifactsPathSetEarly)' != 'true')이(가) ('' == 'true' and '' != 'true')(으)로 확인되었습니다.
       조건이 잘못되어 "NetSdkError" 작업을 건너뜁니다. ('$(_ArtifactsPathLocationType)' == 'ProjectFolder')이(가) ('' == 'ProjectFolder')(으)로 확인되었습니다.
   1:7>"ProtoTestTool.csproj" 프로젝트에 "_CheckForUnsupportedArtifactsPath" 대상을 빌드했습니다.
       조건이 잘못되어 "_CheckForMissingWorkload" 대상을 건너뜁니다. ('@(MissingWorkloadPack)' != '' And '$(DesignTimeBuild)' != 'true')이(가) ('' != '' And '' != 'true')(으)로 확인되었습니다.
   1:7>"c:\Work\backup\tcpaop\Tests\ProtoTestTool\ProtoTestTool.csproj" 프로젝트의 "C:\Program Files\dotnet\sdk\9.0.309\Sdks\Microsoft.NET.Sdk\targets\Microsoft.NET.RuntimeIdentifierInference.targets" 파일에 있는 "_CheckForUnsupportedAppHostUsage" 대상("_CheckForInvalidConfigurationAndPlatform" 대상이 종속됨):
       조건이 잘못되어 "NETSdkError" 작업을 건너뜁니다. ('$(SelfContained)' == 'true' and '$(RuntimeIdentifier)' == '' and '$(AllowSelfContainedWithoutRuntimeIdentifier)' != 'true')이(가) ('false' == 'true' and '' == '' and '' != 'true')(으)로 확인되었습니다.
       조건이 잘못되어 "NETSdkError" 작업을 건너뜁니다. ('$(PublishReadyToRun)' == 'true' and '$(RuntimeIdentifier)' == '' and '$(_IsPublishing)' == 'true')이(가) ('' == 'true' and '' == '' and '' == 'true')(으)로 확인되었습니다.
       조건이 잘못되어 "NETSdkError" 작업을 건너뜁니다. ('$(PublishSingleFile)' == 'true' and '$(RuntimeIdentifier)' == '' and '$(_IsPublishing)' == 'true')이(가) ('' == 'true' and '' == '' and '' == 'true')(으)로 확인되었습니다.
       조건이 잘못되어 "NETSdkError" 작업을 건너뜁니다. ('$(PublishAot)' == 'true' and '$(RuntimeIdentifier)' == '' and '$(_IsPublishing)' == 'true' and '$(AllowPublishAotWithoutRuntimeIdentifier)' != 'true')이(가) ('' == 'true' and '' == '' and '' == 'true' and '' != 'true')(으)로 확인되었습니다.
       조건이 잘못되어 "NETSdkError" 작업을 건너뜁니다. ('$(PublishSelfContained)' != 'true' and '$(PublishSelfContained)' != 'false' and '$(PublishSelfContained)' != '')이(가) ('' != 'true' and '' != 'false' and '' != '')(으)로 확인되었습니다.
       조건이 잘못되어 "NETSdkError" 작업을 건너뜁니다. ('$(SelfContained)' == 'true' and '$(UseAppHost)' != 'true' and '$(_RuntimeIdentifierUsesAppHost)' == 'true')이(가) ('false' == 'true' and 'true' != 'true' and 'true' == 'true')(으)로 확인되었습니다.
       조건이 잘못되어 "NETSdkError" 작업을 건너뜁니다. ('$(SelfContained)' != 'true' and '$(UseAppHost)' == 'true' and '$(_TargetFrameworkVersionWithoutV)' < '2.1')이(가) ('false' != 'true' and 'true' == 'true' and '9.0' < '2.1')(으)로 확인되었습니다.
       조건이 잘못되어 "NETSdkError" 작업을 건너뜁니다. ('$(PublishSingleFile)' == 'true' and '$(_TargetFrameworkVersionWithoutV)' < '3.0')이(가) ('' == 'true' and '9.0' < '3.0')(으)로 확인되었습니다.
       조건이 잘못되어 "NETSdkWarning" 작업을 건너뜁니다. ('$(PublishReadyToRun)' == 'true' and '$(_TargetFrameworkVersionWithoutV)' < '3.0')이(가) ('' == 'true' and '9.0' < '3.0')(으)로 확인되었습니다.
       조건이 잘못되어 "NETSdkWarning" 작업을 건너뜁니다. ('$(RuntimeIdentifier)' != '' and '$(_TargetFrameworkVersionWithoutV)' != '' and $([MSBuild]::VersionLessThan($(_TargetFrameworkVersionWithoutV), '8.0')) and '$(_SelfContainedWasSpecified)' != 'true')이(가) ('' != '' and '9.0' != '' and False and '' != 'true')(으)로 확인되었습니다.
       조건이 잘못되어 "NetSdkError" 작업을 건너뜁니다. (('$(UseWindowsForms)' == 'true') and ('$(PublishTrimmed)' == 'true') and ('$(_SuppressWinFormsTrimError)' != 'true'))이(가) (('' == 'true') and ('' == 'true') and ('' != 'true'))(으)로 확인되었습니다.
       조건이 잘못되어 "NetSdkError" 작업을 건너뜁니다. (('$(UseWpf)' == 'true') and ('$(PublishTrimmed)' == 'true') and ('$(_SuppressWpfTrimError)' != 'true'))이(가) (('true' == 'true') and ('' == 'true') and ('' != 'true'))(으)로 확인되었습니다.
   1:7>"ProtoTestTool.csproj" 프로젝트에 "_CheckForUnsupportedAppHostUsage" 대상을 빌드했습니다.
   1:7>"c:\Work\backup\tcpaop\Tests\ProtoTestTool\ProtoTestTool.csproj" 프로젝트의 "C:\Program Files\dotnet\sdk\9.0.309\Sdks\Microsoft.NET.Sdk\targets\Microsoft.NET.RuntimeIdentifierInference.targets" 파일에 있는 "_CheckForUnsupportedHostingUsage" 대상("_CheckForInvalidConfigurationAndPlatform" 대상이 종속됨):
       조건이 잘못되어 "NETSdkWarning" 작업을 건너뜁니다. ('$(SelfContained)' == 'true' and '$(EnableComHosting)' == 'true')이(가) ('false' == 'true' and '' == 'true')(으)로 확인되었습니다.
   1:7>"ProtoTestTool.csproj" 프로젝트에 "_CheckForUnsupportedHostingUsage" 대상을 빌드했습니다.
   1:7>"c:\Work\backup\tcpaop\Tests\ProtoTestTool\ProtoTestTool.csproj" 프로젝트의 "C:\Program Files\dotnet\sdk\9.0.309\Sdks\Microsoft.NET.Sdk\targets\Microsoft.NET.RuntimeIdentifierInference.targets" 파일에 있는 "_CheckAndUnsetUnsupportedPrefer32Bit" 대상("_CheckForInvalidConfigurationAndPlatform" 대상이 종속됨):
       조건이 잘못되어 "NETSdkWarning" 작업을 건너뜁니다. ('$(Prefer32Bit)' == 'true')이(가) ('false' == 'true')(으)로 확인되었습니다.
   1:7>"ProtoTestTool.csproj" 프로젝트에 "_CheckAndUnsetUnsupportedPrefer32Bit" 대상을 빌드했습니다.
       조건이 잘못되어 "_CheckAndUnsetUnsupportedPreferNativeArm64" 대상을 건너뜁니다. ('$(TargetFrameworkIdentifier)' == '.NETCoreApp' and '$(PreferNativeArm64)' == 'true')이(가) ('.NETCoreApp' == '.NETCoreApp' and 'false' == 'true')(으)로 확인되었습니다.
       조건이 잘못되어 "_CheckForMismatchingPlatform" 대상을 건너뜁니다. ('$(RuntimeIdentifier)' != '' and '$(PlatformTarget)' != '')이(가) ('' != '' and '' != '')(으)로 확인되었습니다.
   1:7>"c:\Work\backup\tcpaop\Tests\ProtoTestTool\ProtoTestTool.csproj" 프로젝트의 "C:\Program Files\dotnet\sdk\9.0.309\Sdks\Microsoft.NET.Sdk\targets\Microsoft.NET.RuntimeIdentifierInference.targets" 파일에 있는 "_CheckForLanguageAndFeatureCombinationSupport" 대상("_CheckForInvalidConfigurationAndPlatform" 대상이 종속됨):
       조건이 잘못되어 "NETSdkError" 작업을 건너뜁니다. (('$(Language)' == 'C++' and '$(_EnablePackageReferencesInVCProjects)' != 'true') and $(OutputType) != 'library' and '$(TargetFrameworkIdentifier)' == '.NETCoreApp')이(가) (('C#' == 'C++' and '' != 'true') and WinExe != 'library' and '.NETCoreApp' == '.NETCoreApp')(으)로 확인되었습니다.
       조건이 잘못되어 "NETSdkError" 작업을 건너뜁니다. (('$(Language)' == 'C++' and '$(_EnablePackageReferencesInVCProjects)' != 'true') and $(EnableComHosting) == 'true')이(가) (('C#' == 'C++' and '' != 'true') and  == 'true')(으)로 확인되었습니다.
       조건이 잘못되어 "NETSdkError" 작업을 건너뜁니다. (('$(Language)' == 'C++' and '$(_EnablePackageReferencesInVCProjects)' != 'true') and $(SelfContained) == 'true')이(가) (('C#' == 'C++' and '' != 'true') and false == 'true')(으)로 확인되었습니다.
   1:7>"ProtoTestTool.csproj" 프로젝트에 "_CheckForLanguageAndFeatureCombinationSupport" 대상을 빌드했습니다.
       조건이 잘못되어 "_CheckForNETCoreSdkIsPreview" 대상을 건너뜁니다. ( '$(_NETCoreSdkIsPreview)' == 'true' AND '$(SuppressNETCoreSdkPreviewMessage)' != 'true' )이(가) ( 'false' == 'true' AND '' != 'true' )(으)로 확인되었습니다.
   1:7>"c:\Work\backup\tcpaop\Tests\ProtoTestTool\ProtoTestTool.csproj" 프로젝트의 "C:\Program Files\dotnet\sdk\9.0.309\NuGet.targets" 파일에 있는 "_GetProjectJsonPath" 대상("_GetRestoreProjectStyle" 대상이 종속됨):
       조건이 잘못되어 "GetRestoreProjectJsonPathTask" 작업을 건너뜁니다. ( '$(RestoreProjectStyle)' == 'ProjectJson' OR '$(RestoreProjectStyle)' == '' )이(가) ( 'PackageReference' == 'ProjectJson' OR 'PackageReference' == '' )(으)로 확인되었습니다.
   1:7>"ProtoTestTool.csproj" 프로젝트에 "_GetProjectJsonPath" 대상을 빌드했습니다.
       조건이 잘못되어 "_CheckForNotRecommendedNETStandardVersion" 대상을 건너뜁니다. ('$(TargetFrameworkIdentifier)' == '.NETStandard' and $([MSBuild]::VersionLessThan($(TargetFrameworkVersion), '2.0')))이(가) ('.NETCoreApp' == '.NETStandard' and False)(으)로 확인되었습니다.
       조건이 잘못되어 "_CheckForUnsupportedNETStandardVersion" 대상을 건너뜁니다. ('$(TargetFrameworkIdentifier)' == '.NETStandard' And '$(NETStandardMaximumVersion)' != '')이(가) ('.NETCoreApp' == '.NETStandard' And '' != '')(으)로 확인되었습니다.
       조건이 잘못되어 "_CheckForUnsupportedTargetFrameworkAndFeatureCombination" 대상을 건너뜁니다. ('$(TargetFrameworkIdentifier)' == '.NETFramework')이(가) ('.NETCoreApp' == '.NETFramework')(으)로 확인되었습니다.
   1:7>"c:\Work\backup\tcpaop\Tests\ProtoTestTool\ProtoTestTool.csproj" 프로젝트의 "C:\Program Files\dotnet\sdk\9.0.309\Sdks\Microsoft.NET.Sdk\targets\Microsoft.NET.Sdk.DefaultItems.Shared.targets" 파일에 있는 "UpdateAspNetToFrameworkReference" 대상("ApplyImplicitVersions" 대상이 종속됨):
       "C:\Program Files\dotnet\sdk\9.0.309\Sdks\Microsoft.NET.Sdk\targets\..\tools\net9.0\Microsoft.NET.Build.Tasks.dll" 어셈블리에서 "CheckIfPackageReferenceShouldBeFrameworkReference" 작업을 사용합니다.
       "CheckIfPackageReferenceShouldBeFrameworkReference" 작업
       "CheckIfPackageReferenceShouldBeFrameworkReference" 작업을 실행했습니다.
       조건이 잘못되어 "NETSdkError" 작업을 건너뜁니다. ('$(_ShouldRemoveAspNetCoreAll)' == 'true')이(가) ('False' == 'true')(으)로 확인되었습니다.
       "CheckIfPackageReferenceShouldBeFrameworkReference" 작업
       "CheckIfPackageReferenceShouldBeFrameworkReference" 작업을 실행했습니다.
       조건이 잘못되어 "NETSdkWarning" 작업을 건너뜁니다. ('$(_ShouldRemoveAspNetCoreApp)' == 'true')이(가) ('False' == 'true')(으)로 확인되었습니다.
   1:7>"ProtoTestTool.csproj" 프로젝트에 "UpdateAspNetToFrameworkReference" 대상을 빌드했습니다.
       조건이 잘못되어 "IncludeTargetingPackReference" 대상을 건너뜁니다. ('$(TargetFrameworkMoniker)' != '' and '$(TargetFrameworkIdentifier)' == '.NETFramework' and '$(AutomaticallyUseReferenceAssemblyPackages)' == 'true')이(가) ('.NETCoreApp,Version=v9.0' != '' and '.NETCoreApp' == '.NETFramework' and 'true' == 'true')(으)로 확인되었습니다.
   1:7>"c:\Work\backup\tcpaop\Tests\ProtoTestTool\ProtoTestTool.csproj" 프로젝트의 "C:\Program Files\dotnet\sdk\9.0.309\Sdks\Microsoft.NET.Sdk\targets\Microsoft.NET.Sdk.DefaultItems.Shared.targets" 파일에 있는 "CheckForImplicitPackageReferenceOverrides" 대상("ApplyImplicitVersions" 대상이 종속됨):
       "C:\Program Files\dotnet\sdk\9.0.309\Sdks\Microsoft.NET.Sdk\targets\..\tools\net9.0\Microsoft.NET.Build.Tasks.dll" 어셈블리에서 "CheckForImplicitPackageReferenceOverrides" 작업을 사용합니다.
       "CheckForImplicitPackageReferenceOverrides" 작업
       "CheckForImplicitPackageReferenceOverrides" 작업을 실행했습니다.
   1:7>"ProtoTestTool.csproj" 프로젝트에 "CheckForImplicitPackageReferenceOverrides" 대상을 빌드했습니다.
   1:7>"c:\Work\backup\tcpaop\Tests\ProtoTestTool\ProtoTestTool.csproj" 프로젝트의 "C:\Program Files\dotnet\sdk\9.0.309\Sdks\Microsoft.NET.Sdk\targets\Microsoft.NET.Sdk.DefaultItems.Shared.targets" 파일에 있는 "ApplyImplicitVersions" 대상("CollectPackageReferences" 대상이 종속됨):
       "C:\Program Files\dotnet\sdk\9.0.309\Sdks\Microsoft.NET.Sdk\targets\..\tools\net9.0\Microsoft.NET.Build.Tasks.dll" 어셈블리에서 "ApplyImplicitVersions" 작업을 사용합니다.
       "ApplyImplicitVersions" 작업
       "ApplyImplicitVersions" 작업을 실행했습니다.
   1:7>"ProtoTestTool.csproj" 프로젝트에 "ApplyImplicitVersions" 대상을 빌드했습니다.
       "CheckForImplicitPackageReferenceOverrides" 대상을 건너뜁니다. 이전에 빌드되었습니다.
   1:7>"c:\Work\backup\tcpaop\Tests\ProtoTestTool\ProtoTestTool.csproj" 프로젝트의 "C:\Program Files\dotnet\sdk\9.0.309\Sdks\Microsoft.NET.Sdk\targets\Microsoft.NET.Sdk.FrameworkReferenceResolution.targets" 파일에 있는 "AddWindowsSdkKnownFrameworkReferences" 대상("ProcessFrameworkReferences" 대상이 종속됨):
       "C:\Program Files\dotnet\sdk\9.0.309\Sdks\Microsoft.NET.Sdk\targets\..\tools\net9.0\Microsoft.NET.Build.Tasks.dll" 어셈블리에서 "CreateWindowsSdkKnownFrameworkReferences" 작업을 사용합니다.
       "CreateWindowsSdkKnownFrameworkReferences" 작업
       "CreateWindowsSdkKnownFrameworkReferences" 작업을 실행했습니다.
   1:7>"ProtoTestTool.csproj" 프로젝트에 "AddWindowsSdkKnownFrameworkReferences" 대상을 빌드했습니다.
   1:7>"c:\Work\backup\tcpaop\Tests\ProtoTestTool\ProtoTestTool.csproj" 프로젝트의 "C:\Program Files\dotnet\sdk\9.0.309\Sdks\Microsoft.NET.Sdk\targets\Microsoft.NET.Publish.targets" 파일에 있는 "_ComputeToolPackInputsToProcessFrameworkReferences" 대상("ProcessFrameworkReferences" 대상이 종속됨):
   1:7>"ProtoTestTool.csproj" 프로젝트에 "_ComputeToolPackInputsToProcessFrameworkReferences" 대상을 빌드했습니다.
   1:7>"c:\Work\backup\tcpaop\Tests\ProtoTestTool\ProtoTestTool.csproj" 프로젝트의 "C:\Program Files\dotnet\sdk\9.0.309\Sdks\Microsoft.NET.Sdk\targets\Microsoft.NET.Sdk.FrameworkReferenceResolution.targets" 파일에 있는 "ProcessFrameworkReferences" 대상("CollectPackageReferences" 대상이 종속됨):
       "C:\Program Files\dotnet\sdk\9.0.309\Sdks\Microsoft.NET.Sdk\targets\..\tools\net9.0\Microsoft.NET.Build.Tasks.dll" 어셈블리에서 "CheckForDuplicateFrameworkReferences" 작업을 사용합니다.
       "CheckForDuplicateFrameworkReferences" 작업
       "CheckForDuplicateFrameworkReferences" 작업을 실행했습니다.
       "C:\Program Files\dotnet\sdk\9.0.309\Sdks\Microsoft.NET.Sdk\targets\..\tools\net9.0\Microsoft.NET.Build.Tasks.dll" 어셈블리에서 "ProcessFrameworkReferences" 작업을 사용합니다.
       "ProcessFrameworkReferences" 작업
       "ProcessFrameworkReferences" 작업을 실행했습니다.
       "C:\Program Files\dotnet\sdk\9.0.309\Sdks\Microsoft.NET.Sdk\targets\..\tools\net9.0\Microsoft.NET.Build.Tasks.dll" 어셈블리에서 "ResolveAppHosts" 작업을 사용합니다.
       "ResolveAppHosts" 작업
       "ResolveAppHosts" 작업을 실행했습니다.
   1:7>"ProtoTestTool.csproj" 프로젝트에 "ProcessFrameworkReferences" 대상을 빌드했습니다.
       조건이 잘못되어 "IncludeTargetingPackReference" 대상을 건너뜁니다. ('$(TargetFrameworkMoniker)' != '' and '$(TargetFrameworkIdentifier)' == '.NETFramework' and '$(AutomaticallyUseReferenceAssemblyPackages)' == 'true')이(가) ('.NETCoreApp,Version=v9.0' != '' and '.NETCoreApp' == '.NETFramework' and 'true' == 'true')(으)로 확인되었습니다.
       조건이 잘못되어 "_CheckMicrosoftNetCompilersToolsetFrameworkPackageReference" 대상을 건너뜁니다. ('$(MSBuildRuntimeType)' == 'Full')이(가) ('Core' == 'Full')(으)로 확인되었습니다.
   1:7>"c:\Work\backup\tcpaop\Tests\ProtoTestTool\ProtoTestTool.csproj" 프로젝트의 "C:\Program Files\dotnet\sdk\9.0.309\Sdks\Microsoft.NET.Sdk\targets\Microsoft.NET.ObsoleteReferences.targets" 파일에 있는 "_CheckForObsoleteDotNetCliToolReferences" 대상("CollectPackageReferences" 대상이 종속됨):
       조건이 잘못되어 "NETSdkWarning" 작업을 건너뜁니다. ( '%(_ReferenceToObsoleteDotNetCliTool.Identity)' != '' )이(가) ( '' != '' )(으)로 확인되었습니다.
   1:7>"ProtoTestTool.csproj" 프로젝트에 "_CheckForObsoleteDotNetCliToolReferences" 대상을 빌드했습니다.
   1:7>"c:\Work\backup\tcpaop\Tests\ProtoTestTool\ProtoTestTool.csproj" 프로젝트의 "C:\Program Files\dotnet\sdk\9.0.309\NuGet.targets" 파일에 있는 "CollectPackageReferences" 대상("_GetRestoreProjectStyle" 대상이 종속됨):
       "C:\Program Files\dotnet\sdk\9.0.309\NuGet.Build.Tasks.dll" 어셈블리에서 "CheckForDuplicateNuGetItemsTask" 작업을 사용합니다.
       "CheckForDuplicateNuGetItemsTask" 작업
       "CheckForDuplicateNuGetItemsTask" 작업을 실행했습니다.
   1:7>"ProtoTestTool.csproj" 프로젝트에 "CollectPackageReferences" 대상을 빌드했습니다.
   1:7>"c:\Work\backup\tcpaop\Tests\ProtoTestTool\ProtoTestTool.csproj" 프로젝트의 "C:\Program Files\dotnet\sdk\9.0.309\NuGet.targets" 파일에 있는 "_GetRestoreProjectStyle" 대상("EnableIntermediateOutputPathMismatchWarning" 대상이 종속됨):
       "C:\Program Files\dotnet\sdk\9.0.309\NuGet.Build.Tasks.dll" 어셈블리에서 "GetRestoreProjectStyleTask" 작업을 사용합니다.
       "GetRestoreProjectStyleTask" 작업
       "GetRestoreProjectStyleTask" 작업을 실행했습니다.
   1:7>"ProtoTestTool.csproj" 프로젝트에 "_GetRestoreProjectStyle" 대상을 빌드했습니다.
   1:7>"c:\Work\backup\tcpaop\Tests\ProtoTestTool\ProtoTestTool.csproj" 프로젝트의 "C:\Program Files\dotnet\sdk\9.0.309\NuGet.targets" 파일에 있는 "EnableIntermediateOutputPathMismatchWarning" 대상("_CheckForInvalidConfigurationAndPlatform" 대상이 종속됨):
   1:7>"ProtoTestTool.csproj" 프로젝트에 "EnableIntermediateOutputPathMismatchWarning" 대상을 빌드했습니다.
       "ApplyImplicitVersions" 대상을 건너뜁니다. 이전에 빌드되었습니다.
       "CheckForImplicitPackageReferenceOverrides" 대상을 건너뜁니다. 이전에 빌드되었습니다.
   1:7>"c:\Work\backup\tcpaop\Tests\ProtoTestTool\ProtoTestTool.csproj" 프로젝트의 "C:\Program Files\dotnet\sdk\9.0.309\Sdks\Microsoft.NET.Sdk\targets\Microsoft.NET.Sdk.DefaultItems.Shared.targets" 파일에 있는 "CheckForDuplicateItems" 대상("_CheckForInvalidConfigurationAndPlatform" 대상이 종속됨):
       "C:\Program Files\dotnet\sdk\9.0.309\Sdks\Microsoft.NET.Sdk\targets\..\tools\net9.0\Microsoft.NET.Build.Tasks.dll" 어셈블리에서 "CheckForDuplicateItems" 작업을 사용합니다.
       "CheckForDuplicateItems" 작업
       "CheckForDuplicateItems" 작업을 실행했습니다.
       "CheckForDuplicateItems" 작업
       "CheckForDuplicateItems" 작업을 실행했습니다.
       "CheckForDuplicateItems" 작업
       "CheckForDuplicateItems" 작업을 실행했습니다.
   1:7>"ProtoTestTool.csproj" 프로젝트에 "CheckForDuplicateItems" 대상을 빌드했습니다.
       조건이 잘못되어 "WarnForExplicitVersions" 대상을 건너뜁니다. ('@(SdkBuildWarning)' != '')이(가) ('' != '')(으)로 확인되었습니다.
       조건이 잘못되어 "_CheckForFailedSDKResolution" 대상을 건너뜁니다. ('$(SdkResolverHonoredGlobalJson)' == 'false')이(가) ('' == 'false')(으)로 확인되었습니다.
       조건이 잘못되어 "_WarnWhenUsingNET9AndVSPriorTo1712" 대상을 건너뜁니다. ($([MSBuild]::VersionLessThan($(MSBuildVersion), '17.12.0')) and '$(TargetFrameworkIdentifier)' == '.NETCoreApp' and $([MSBuild]::VersionGreaterThanOrEquals($(_TargetFrameworkVersionWithoutV), '9.0')))이(가) (False and '.NETCoreApp' == '.NETCoreApp' and True)(으)로 확인되었습니다.
   1:7>"c:\Work\backup\tcpaop\Tests\ProtoTestTool\ProtoTestTool.csproj" 프로젝트의 "C:\Program Files\dotnet\sdk\9.0.309\Sdks\Microsoft.NET.Sdk\targets\Microsoft.NET.Sdk.DefaultItems.targets" 파일에 있는 "_CheckForInvalidWindowsDesktopTargetingConfiguration" 대상("_CheckForInvalidConfigurationAndPlatform" 대상이 종속됨):
       조건이 잘못되어 "NETSdkError" 작업을 건너뜁니다. ('$(TargetPlatformIdentifier)' != 'Windows')이(가) ('Windows' != 'Windows')(으)로 확인되었습니다.
   1:7>"ProtoTestTool.csproj" 프로젝트에 "_CheckForInvalidWindowsDesktopTargetingConfiguration" 대상을 빌드했습니다.
       조건이 잘못되어 "_CheckForUnnecessaryWindowsDesktopSDK" 대상을 건너뜁니다. ('$(TargetFrameworkIdentifier)' == '.NETCoreApp' and $([MSBuild]::VersionGreaterThanOrEquals($(_TargetFrameworkVersionWithoutV), '5.0')) and '$(_MicrosoftWindowsDesktopSdkImported)' == 'true' and '$(TargetFrameworks)' == '')이(가) ('.NETCoreApp' == '.NETCoreApp' and True and '' == 'true' and '' == '')(으)로 확인되었습니다.
       "ProcessFrameworkReferences" 대상을 건너뜁니다. 이전에 빌드되었습니다.
       조건이 잘못되어 "IncludeTargetingPackReference" 대상을 건너뜁니다. ('$(TargetFrameworkMoniker)' != '' and '$(TargetFrameworkIdentifier)' == '.NETFramework' and '$(AutomaticallyUseReferenceAssemblyPackages)' == 'true')이(가) ('.NETCoreApp,Version=v9.0' != '' and '.NETCoreApp' == '.NETFramework' and 'true' == 'true')(으)로 확인되었습니다.
       "CheckForDuplicateItems" 대상을 건너뜁니다. 이전에 빌드되었습니다.
   1:7>"c:\Work\backup\tcpaop\Tests\ProtoTestTool\ProtoTestTool.csproj" 프로젝트의 "C:\Program Files\dotnet\sdk\9.0.309\Sdks\Microsoft.NET.Sdk.WindowsDesktop\targets\Microsoft.NET.Sdk.WindowsDesktop.targets" 파일에 있는 "CheckForDuplicatePageItems" 대상("_CheckForInvalidConfigurationAndPlatform" 대상이 종속됨):
       "CheckForDuplicateItems" 작업
       "CheckForDuplicateItems" 작업을 실행했습니다.
   1:7>"ProtoTestTool.csproj" 프로젝트에 "CheckForDuplicatePageItems" 대상을 빌드했습니다.
   1:7>"c:\Work\backup\tcpaop\Tests\ProtoTestTool\ProtoTestTool.csproj" 프로젝트의 "C:\Program Files\dotnet\sdk\9.0.309\Sdks\Microsoft.NET.Sdk.WindowsDesktop\targets\Microsoft.NET.Sdk.WindowsDesktop.targets" 파일에 있는 "_WindowsDesktopFrameworkRequiresUseWpfOrUseWindowsForms" 대상("_CheckForInvalidConfigurationAndPlatform" 대상이 종속됨):
       조건이 잘못되어 "NetSdkWarning" 작업을 건너뜁니다. ('$(UseWpf)' != 'true' And '$(UseWindowsForms)' != 'true')이(가) ('true' != 'true' And '' != 'true')(으)로 확인되었습니다.
   1:7>"ProtoTestTool.csproj" 프로젝트에 "_WindowsDesktopFrameworkRequiresUseWpfOrUseWindowsForms" 대상을 빌드했습니다.
       조건이 잘못되어 "_WindowsDesktopFrameworkRequiresVersion30" 대상을 건너뜁니다. (('$(TargetFrameworkIdentifier)' == '.NETCoreApp') And
                         ('$(_TargetFrameworkVersionValue)' != '$(_UndefinedTargetFrameworkVersion)') And ('$(_TargetFrameworkVersionValue)' < '$(_WindowsDesktopSdkTargetFrameworkVersionFloor)'))이(가) (('.NETCoreApp' == '.NETCoreApp') And
                         ('9.0' != '0.0') And ('9.0' < '3.0'))(으)로 확인되었습니다.
   1:7>"c:\Work\backup\tcpaop\Tests\ProtoTestTool\ProtoTestTool.csproj" 프로젝트의 "C:\Program Files\dotnet\sdk\9.0.309\Microsoft.Common.CurrentVersion.targets" 파일에 있는 "_CheckForInvalidConfigurationAndPlatform" 대상("BeforeBuild" 대상이 종속됨):
       조건이 잘못되어 "MSBuildInternalMessage" 작업을 건너뜁니다. ('$(_InvalidConfigurationMessageSeverity)' != '')이(가) ('' != '')(으)로 확인되었습니다.
       "Message" 작업
         Configuration=Debug
       "Message" 작업을 실행했습니다.
       "Message" 작업
         Platform=AnyCPU
       "Message" 작업을 실행했습니다.
       조건이 잘못되어 "MSBuildInternalMessage" 작업을 건너뜁니다. ('$(OutDir)' != '' and !HasTrailingSlash('$(OutDir)'))이(가) ('bin\Debug\net9.0-windows\' != '' and !HasTrailingSlash('bin\Debug\net9.0-windows\'))(으)로 확인되었습니다.
       조건이 잘못되어 "MSBuildInternalMessage" 작업을 건너뜁니다. ('$(IntermediateOutputPath)' != '' and !HasTrailingSlash('$(IntermediateOutputPath)'))이(가) ('obj\Debug\net9.0-windows\' != '' and !HasTrailingSlash('obj\Debug\net9.0-windows\'))(으)로 확인되었습니다.
       조건이 잘못되어 "MSBuildInternalMessage" 작업을 건너뜁니다. ('$(BaseIntermediateOutputPath)' != '' and !HasTrailingSlash('$(BaseIntermediateOutputPath)'))이(가) ('obj\' != '' and !HasTrailingSlash('obj\'))(으)로 확인되었습니다.
       조건이 잘못되어 "MSBuildInternalMessage" 작업을 건너뜁니다. ( '$(Prefer32Bit)' == 'true' and '$(PreferNativeArm64)' == 'true' )이(가) ( 'false' == 'true' and 'false' == 'true' )(으)로 확인되었습니다.
       조건이 잘못되어 "MSBuildInternalMessage" 작업을 건너뜁니다. ( '$(NoWin32Manifest)' == 'true' and '$(PreferNativeArm64)' == 'true' )이(가) ( '' == 'true' and 'false' == 'true' )(으)로 확인되었습니다.
       조건이 잘못되어 "MSBuildInternalMessage" 작업을 건너뜁니다. ( '$(PreferNativeArm64)' == 'true' and '$(Platform)' != 'AnyCPU' )이(가) ( 'false' == 'true' and 'AnyCPU' != 'AnyCPU' )(으)로 확인되었습니다.
       조건이 잘못되어 "MSBuildInternalMessage" 작업을 건너뜁니다. ( '$(_InitialMSBuildProjectExtensionsPath)' != '' And '$(MSBuildProjectExtensionsPath)' != '$(_InitialMSBuildProjectExtensionsPath)' )이(가) ( 'c:\Work\backup\tcpaop\Tests\ProtoTestTool\obj\' != '' And 'c:\Work\backup\tcpaop\Tests\ProtoTestTool\obj\' != 'c:\Work\backup\tcpaop\Tests\ProtoTestTool\obj\' )(으)로 확인되었습니다.
       조건이 잘못되어 "MSBuildInternalMessage" 작업을 건너뜁니다. ( '$(EnableBaseIntermediateOutputPathMismatchWarning)' == 'true' And '$(_InitialBaseIntermediateOutputPath)' != '$(BaseIntermediateOutputPath)' And '$(BaseIntermediateOutputPath)' != '$(MSBuildProjectExtensionsPath)' )이(가) ( 'true' == 'true' And 'obj\' != 'obj\' And 'obj\' != 'c:\Work\backup\tcpaop\Tests\ProtoTestTool\obj\' )(으)로 확인되었습니다.
   1:7>"ProtoTestTool.csproj" 프로젝트에 "_CheckForInvalidConfigurationAndPlatform" 대상을 빌드했습니다.
   1:7>"c:\Work\backup\tcpaop\Tests\ProtoTestTool\ProtoTestTool.csproj" 프로젝트의 "C:\Program Files\dotnet\sdk\9.0.309\Sdks\Microsoft.NET.Sdk\targets\Microsoft.NET.Sdk.targets" 파일에 있는 "ValidateCommandLineProperties" 대상("BeforeBuild" 대상이 종속됨):
   1:7>"ProtoTestTool.csproj" 프로젝트에 "ValidateCommandLineProperties" 대상을 빌드했습니다.
   1:7>"c:\Work\backup\tcpaop\Tests\ProtoTestTool\ProtoTestTool.csproj" 프로젝트의 "C:\Program Files\dotnet\sdk\9.0.309\Microsoft.Common.CurrentVersion.targets" 파일에 있는 "BeforeBuild" 대상("Build" 대상이 종속됨):
   1:7>"ProtoTestTool.csproj" 프로젝트에 "BeforeBuild" 대상을 빌드했습니다.
       조건이 잘못되어 "_CheckForBuildWithNoBuild" 대상을 건너뜁니다. ('$(NoBuild)' == 'true' and '$(GeneratePackageOnBuild)' != 'true')이(가) ('' == 'true' and 'false' != 'true')(으)로 확인되었습니다.
   1:7>"c:\Work\backup\tcpaop\Tests\ProtoTestTool\ProtoTestTool.csproj" 프로젝트의 "C:\Program Files\dotnet\sdk\9.0.309\Microsoft.Common.CurrentVersion.targets" 파일에 있는 "BuildOnlySettings" 대상("CoreBuild" 대상이 종속됨):
       C:\Program Files\dotnet\sdk\9.0.309\Microsoft.Common.CurrentVersion.targets(1168,7): message : 속성 재할당: $(BuildingProject)=C:\Program Files\dotnet\sdk\9.0.309\Microsoft.Common.CurrentVersion.targets (1168,7)의 "true"(이전 값: "false") [c:\Work\backup\tcpaop\Tests\ProtoTestTool\ProtoTestTool.csproj]
   1:7>"ProtoTestTool.csproj" 프로젝트에 "BuildOnlySettings" 대상을 빌드했습니다.
       조건이 잘못되어 "_CheckForUnsupportedTargetFramework" 대상을 건너뜁니다. ('$(_UnsupportedTargetFrameworkError)' == 'true')이(가) ('' == 'true')(으)로 확인되었습니다.
   1:7>"c:\Work\backup\tcpaop\Tests\ProtoTestTool\ProtoTestTool.csproj" 프로젝트의 "C:\Program Files\dotnet\sdk\9.0.309\Sdks\Microsoft.NET.Sdk\targets\Microsoft.NET.DisableStandardFrameworkResolution.targets" 파일에 있는 "GetFrameworkPaths" 대상("PrepareForBuild" 대상이 종속됨):
   1:7>"ProtoTestTool.csproj" 프로젝트에 "GetFrameworkPaths" 대상을 빌드했습니다.
       조건이 잘못되어 "_CheckForUnsupportedTargetFramework" 대상을 건너뜁니다. ('$(_UnsupportedTargetFrameworkError)' == 'true')이(가) ('' == 'true')(으)로 확인되었습니다.
   1:7>"c:\Work\backup\tcpaop\Tests\ProtoTestTool\ProtoTestTool.csproj" 프로젝트의 "C:\Program Files\dotnet\sdk\9.0.309\Sdks\Microsoft.NET.Sdk\targets\Microsoft.NET.DisableStandardFrameworkResolution.targets" 파일에 있는 "GetReferenceAssemblyPaths" 대상("PrepareForBuild" 대상이 종속됨):
   1:7>"ProtoTestTool.csproj" 프로젝트에 "GetReferenceAssemblyPaths" 대상을 빌드했습니다.
       조건이 잘못되어 "AssignLinkMetadata" 대상을 건너뜁니다. ( '$(SynthesizeLinkMetadata)' == 'true' )이(가) ( '' == 'true' )(으)로 확인되었습니다.
   1:7>"c:\Work\backup\tcpaop\Tests\ProtoTestTool\ProtoTestTool.csproj" 프로젝트의 "C:\Users\kentz\.nuget\packages\grpc.tools\2.60.0\build\_protobuf\Google.Protobuf.Tools.targets" 파일에 있는 "_Protobuf_SanityCheck" 대상("PrepareForBuild" 대상이 종속됨):
       조건이 잘못되어 "Error" 작업을 건너뜁니다. ( '$(Protobuf_ProjectSupported)' != 'true' )이(가) ( 'true' != 'true' )(으)로 확인되었습니다.
   1:7>"ProtoTestTool.csproj" 프로젝트에 "_Protobuf_SanityCheck" 대상을 빌드했습니다.
       조건이 잘못되어 "_VerifyPackReleaseConfigurations" 대상을 건너뜁니다. ('$(_IsPacking)' == 'true' and '$(DOTNET_CLI_DISABLE_PUBLISH_AND_PACK_RELEASE)' != 'true' and '$(DOTNET_CLI_LAZY_PUBLISH_AND_PACK_RELEASE_FOR_SOLUTIONS)' == 'true')이(가) ('' == 'true' and '' != 'true' and '' == 'true')(으)로 확인되었습니다.
   1:7>"c:\Work\backup\tcpaop\Tests\ProtoTestTool\ProtoTestTool.csproj" 프로젝트의 "C:\Program Files\dotnet\sdk\9.0.309\Microsoft.Common.CurrentVersion.targets" 파일에 있는 "PrepareForBuild" 대상("CoreBuild" 대상이 종속됨):
       "Microsoft.Build.Tasks.Core, Version=15.1.0.0, Culture=neutral, PublicKeyToken=b03f5f7f11d50a3a" 어셈블리에서 "FindAppConfigFile" 작업을 사용합니다.
       "FindAppConfigFile" 작업
       "FindAppConfigFile" 작업을 실행했습니다.
       "Microsoft.Build.Tasks.Core, Version=15.1.0.0, Culture=neutral, PublicKeyToken=b03f5f7f11d50a3a" 어셈블리에서 "MakeDir" 작업을 사용합니다.
       "MakeDir" 작업
       "MakeDir" 작업을 실행했습니다.
   1:7>"ProtoTestTool.csproj" 프로젝트에 "PrepareForBuild" 대상을 빌드했습니다.
   1:7>"c:\Work\backup\tcpaop\Tests\ProtoTestTool\ProtoTestTool.csproj" 프로젝트의 "C:\Program Files\dotnet\sdk\9.0.309\Sdks\Microsoft.NET.Sdk\targets\Microsoft.NET.Sdk.BeforeCommon.targets" 파일에 있는 "GenerateTargetPlatformDefineConstants" 대상("AddImplicitDefineConstants" 대상이 종속됨):
   1:7>"ProtoTestTool.csproj" 프로젝트에 "GenerateTargetPlatformDefineConstants" 대상을 빌드했습니다.
   1:7>"c:\Work\backup\tcpaop\Tests\ProtoTestTool\ProtoTestTool.csproj" 프로젝트의 "C:\Program Files\dotnet\sdk\9.0.309\Sdks\Microsoft.NET.Sdk\targets\Microsoft.NET.Sdk.BeforeCommon.targets" 파일에 있는 "GenerateNETCompatibleDefineConstants" 대상("AddImplicitDefineConstants" 대상이 종속됨):
   1:7>"ProtoTestTool.csproj" 프로젝트에 "GenerateNETCompatibleDefineConstants" 대상을 빌드했습니다.
   1:7>"c:\Work\backup\tcpaop\Tests\ProtoTestTool\ProtoTestTool.csproj" 프로젝트의 "C:\Program Files\dotnet\sdk\9.0.309\Sdks\Microsoft.NET.Sdk\targets\Microsoft.NET.Sdk.BeforeCommon.targets" 파일에 있는 "GeneratePlatformCompatibleDefineConstants" 대상("AddImplicitDefineConstants" 대상이 종속됨):
   1:7>"ProtoTestTool.csproj" 프로젝트에 "GeneratePlatformCompatibleDefineConstants" 대상을 빌드했습니다.
       조건이 잘못되어 "_DisableDiagnosticTracing" 대상을 건너뜁니다. ('$(DisableDiagnosticTracing)' == 'true')이(가) ('' == 'true')(으)로 확인되었습니다.
   1:7>"c:\Work\backup\tcpaop\Tests\ProtoTestTool\ProtoTestTool.csproj" 프로젝트의 "C:\Program Files\dotnet\sdk\9.0.309\Sdks\Microsoft.NET.Sdk\targets\Microsoft.NET.Sdk.BeforeCommon.targets" 파일에 있는 "AddImplicitDefineConstants" 대상("CoreBuild" 대상이 종속됨):
       C:\Program Files\dotnet\sdk\9.0.309\Sdks\Microsoft.NET.Sdk\targets\Microsoft.NET.Sdk.BeforeCommon.targets(267,7): message : 속성 재할당: $(DefineConstants)=C:\Program Files\dotnet\sdk\9.0.309\Sdks\Microsoft.NET.Sdk\targets\Microsoft.NET.Sdk.BeforeCommon.targets (267,7)의 "TRACE;DEBUG;NET;NET9_0;NETCOREAPP;WINDOWS;WINDOWS7_0;NET5_0_OR_GREATER;NET6_0_OR_GREATER;NET7_0_OR_GREATER;NET8_0_OR_GREATER;NET9_0_OR_GREATER;NETCOREAPP3_0_OR_GREATER;NETCOREAPP3_1_OR_GREATER;WINDOWS7_0_OR_GREATER"(이전 값: "TRACE;DEBUG;NET;NET9_0;NETCOREAPP") [c:\Work\backup\tcpaop\Tests\ProtoTestTool\ProtoTestTool.csproj]
   1:7>"ProtoTestTool.csproj" 프로젝트에 "AddImplicitDefineConstants" 대상을 빌드했습니다.
   1:7>"c:\Work\backup\tcpaop\Tests\ProtoTestTool\ProtoTestTool.csproj" 프로젝트의 "C:\Program Files\dotnet\sdk\9.0.309\Sdks\Microsoft.NET.Sdk\targets\Microsoft.NET.GenerateGlobalUsings.targets" 파일에 있는 "GenerateGlobalUsings" 대상("CoreBuild" 대상이 종속됨):
       "C:\Program Files\dotnet\sdk\9.0.309\Sdks\Microsoft.NET.Sdk\targets\..\tools\net9.0\Microsoft.NET.Build.Tasks.dll" 어셈블리에서 "GenerateGlobalUsings" 작업을 사용합니다.
       "GenerateGlobalUsings" 작업
       "GenerateGlobalUsings" 작업을 실행했습니다.
       "Microsoft.Build.Tasks.Core, Version=15.1.0.0, Culture=neutral, PublicKeyToken=b03f5f7f11d50a3a" 어셈블리에서 "WriteLinesToFile" 작업을 사용합니다.
       "WriteLinesToFile" 작업
         콘텐츠가 변경되지 않아 "obj\Debug\net9.0-windows\ProtoTestTool.GlobalUsings.g.cs" 파일에 쓰기를 건너뜁니다.
       "WriteLinesToFile" 작업을 실행했습니다.
   1:7>"ProtoTestTool.csproj" 프로젝트에 "GenerateGlobalUsings" 대상을 빌드했습니다.
       조건이 잘못되어 "PreBuildEvent" 대상을 건너뜁니다. ('$(PreBuildEvent)'!='')이(가) (''!='')(으)로 확인되었습니다.
   1:7>"c:\Work\backup\tcpaop\Tests\ProtoTestTool\ProtoTestTool.csproj" 프로젝트의 "C:\Program Files\dotnet\sdk\9.0.309\Microsoft.Common.CurrentVersion.targets" 파일에 있는 "BeforeResolveReferences" 대상("ResolveReferences" 대상이 종속됨):
   1:7>"ProtoTestTool.csproj" 프로젝트에 "BeforeResolveReferences" 대상을 빌드했습니다.
       조건이 잘못되어 "AssignProjectConfiguration" 대상을 건너뜁니다. ('$(CurrentSolutionConfigurationContents)' != '' or '@(ProjectReference)'!='')이(가) ('' != '' or ''!='')(으)로 확인되었습니다.
   1:7>"c:\Work\backup\tcpaop\Tests\ProtoTestTool\ProtoTestTool.csproj" 프로젝트의 "C:\Program Files\dotnet\sdk\9.0.309\Microsoft.Common.CurrentVersion.targets" 파일에 있는 "IgnoreJavaScriptOutputAssembly" 대상("AssignProjectConfiguration" 대상이 종속됨):
   1:7>"ProtoTestTool.csproj" 프로젝트에 "IgnoreJavaScriptOutputAssembly" 대상을 빌드했습니다.
       "ProcessFrameworkReferences" 대상을 건너뜁니다. 이전에 빌드되었습니다.
   1:7>"c:\Work\backup\tcpaop\Tests\ProtoTestTool\ProtoTestTool.csproj" 프로젝트의 "C:\Program Files\dotnet\sdk\9.0.309\Sdks\Microsoft.NET.Sdk\targets\Microsoft.NET.Sdk.Shared.targets" 파일에 있는 "_DefaultMicrosoftNETPlatformLibrary" 대상("ResolvePackageAssets" 대상이 종속됨):
   1:7>"ProtoTestTool.csproj" 프로젝트에 "_DefaultMicrosoftNETPlatformLibrary" 대상을 빌드했습니다.
   1:7>"c:\Work\backup\tcpaop\Tests\ProtoTestTool\ProtoTestTool.csproj" 프로젝트의 "C:\Program Files\dotnet\sdk\9.0.309\Sdks\Microsoft.NET.Sdk\targets\Microsoft.NET.Sdk.Shared.targets" 파일에 있는 "_ComputePackageReferencePublish" 대상("ResolvePackageAssets" 대상이 종속됨):
   1:7>"ProtoTestTool.csproj" 프로젝트에 "_ComputePackageReferencePublish" 대상을 빌드했습니다.
       조건이 잘못되어 "_ResolveCompilerVersion" 대상을 건너뜁니다. ('$(CompilerApiVersion)' == '' And
                            ('$(Language)' == 'C#' Or '$(Language)' == 'VB') And
                            Exists('$(RoslynTargetsPath)\Microsoft.Build.Tasks.CodeAnalysis.dll'))이(가) ('roslyn4.14' == '' And
                            ('C#' == 'C#' Or 'C#' == 'VB') And
                            Exists('C:\Program Files\dotnet\sdk\9.0.309\Roslyn\Microsoft.Build.Tasks.CodeAnalysis.dll'))(으)로 확인되었습니다.
   1:7>"c:\Work\backup\tcpaop\Tests\ProtoTestTool\ProtoTestTool.csproj" 프로젝트의 "C:\Program Files\dotnet\sdk\9.0.309\Sdks\Microsoft.NET.Sdk\targets\Microsoft.PackageDependencyResolution.targets" 파일에 있는 "ResolvePackageAssets" 대상("ResolveLockFileReferences" 대상이 종속됨):
       "C:\Program Files\dotnet\sdk\9.0.309\Sdks\Microsoft.NET.Sdk\targets\..\tools\net9.0\Microsoft.NET.Build.Tasks.dll" 어셈블리에서 "ResolvePackageAssets" 작업을 사용합니다.
       "ResolvePackageAssets" 작업
       "ResolvePackageAssets" 작업을 실행했습니다.
   1:7>"ProtoTestTool.csproj" 프로젝트에 "ResolvePackageAssets" 대상을 빌드했습니다.
       조건이 잘못되어 "AdjustDefaultPlatformTargetForNetFrameworkExeWithNoNativeCopyLocalItems" 대상을 건너뜁니다. ('$(_UsingDefaultPlatformTarget)' == 'true' and
                            '$(_UsingDefaultRuntimeIdentifier)' == 'true')이(가) ('true' == 'true' and
                            '' == 'true')(으)로 확인되었습니다.
       조건이 잘못되어 "_CheckForTransitiveWindowsDesktopDependencies" 대상을 건너뜁니다. ('$(TargetFrameworkIdentifier)' == '.NETCoreApp' and $([MSBuild]::VersionGreaterThanOrEquals($(_TargetFrameworkVersionWithoutV), '5.0')) and '$(TargetPlatformIdentifier)' != 'Windows' and '@(TransitiveFrameworkReference)' != '')이(가) ('.NETCoreApp' == '.NETCoreApp' and True and 'Windows' != 'Windows' and 'Microsoft.WindowsDesktop.App;Microsoft.WindowsDesktop.App.WPF' != '')(으)로 확인되었습니다.
   1:7>"c:\Work\backup\tcpaop\Tests\ProtoTestTool\ProtoTestTool.csproj" 프로젝트의 "C:\Program Files\dotnet\sdk\9.0.309\Sdks\Microsoft.NET.Sdk\targets\Microsoft.NET.Sdk.FrameworkReferenceResolution.targets" 파일에 있는 "AddTransitiveFrameworkReferences" 대상("ResolveLockFileReferences" 대상이 종속됨):
   1:7>"ProtoTestTool.csproj" 프로젝트에 "AddTransitiveFrameworkReferences" 대상을 빌드했습니다.
   1:7>"c:\Work\backup\tcpaop\Tests\ProtoTestTool\ProtoTestTool.csproj" 프로젝트의 "C:\Program Files\dotnet\sdk\9.0.309\Sdks\Microsoft.NET.Sdk\targets\Microsoft.NET.Windows.targets" 파일에 있는 "_CheckForTransitiveWindowsSDKFullDependencies" 대상("ResolveLockFileReferences" 대상이 종속됨):
       조건이 잘못되어 "NetSdkError" 작업을 건너뜁니다. ('@(_WindowsSDKXamlTransitiveFrameworkReference)' != '')이(가) ('' != '')(으)로 확인되었습니다.
   1:7>"ProtoTestTool.csproj" 프로젝트에 "_CheckForTransitiveWindowsSDKFullDependencies" 대상을 빌드했습니다.
       조건이 잘못되어 "_CheckForInvalidTfmForWindowsSDKXamlDependencies" 대상을 건너뜁니다. ( !('$(TargetFrameworkIdentifier)' == '.NETCoreApp' and $([MSBuild]::VersionGreaterThanOrEquals($(TargetFrameworkVersion), '8.0')) and '$(TargetPlatformIdentifier)' == 'Windows')
                             and '$(UseUwp)' == 'true' )이(가) ( !('.NETCoreApp' == '.NETCoreApp' and True and 'Windows' == 'Windows')
                             and '' == 'true' )(으)로 확인되었습니다.
   1:7>"c:\Work\backup\tcpaop\Tests\ProtoTestTool\ProtoTestTool.csproj" 프로젝트의 "C:\Program Files\dotnet\sdk\9.0.309\Sdks\Microsoft.NET.Sdk\targets\Microsoft.PackageDependencyResolution.targets" 파일에 있는 "ResolveLockFileReferences" 대상("ResolvePackageDependenciesForBuild" 대상이 종속됨):
       "C:\Program Files\dotnet\sdk\9.0.309\Sdks\Microsoft.NET.Sdk\targets\..\tools\net9.0\Microsoft.NET.Build.Tasks.dll" 어셈블리에서 "JoinItems" 작업을 사용합니다.
       "JoinItems" 작업
       "JoinItems" 작업을 실행했습니다.
   1:7>"ProtoTestTool.csproj" 프로젝트에 "ResolveLockFileReferences" 대상을 빌드했습니다.
       "ResolvePackageAssets" 대상을 건너뜁니다. 이전에 빌드되었습니다.
   1:7>"c:\Work\backup\tcpaop\Tests\ProtoTestTool\ProtoTestTool.csproj" 프로젝트의 "C:\Program Files\dotnet\sdk\9.0.309\Sdks\Microsoft.NET.Sdk\targets\Microsoft.PackageDependencyResolution.targets" 파일에 있는 "ResolveLockFileAnalyzers" 대상("ResolvePackageDependenciesForBuild" 대상이 종속됨):
   1:7>"ProtoTestTool.csproj" 프로젝트에 "ResolveLockFileAnalyzers" 대상을 빌드했습니다.
       "ResolvePackageAssets" 대상을 건너뜁니다. 이전에 빌드되었습니다.
       조건이 잘못되어 "RunProduceContentAssets" 대상을 건너뜁니다. ('@(_ContentFilesToPreprocess)' != '' and '$(_CleaningWithoutRebuilding)' != 'true')이(가) ('' != '' and '' != 'true')(으)로 확인되었습니다.
   1:7>"c:\Work\backup\tcpaop\Tests\ProtoTestTool\ProtoTestTool.csproj" 프로젝트의 "C:\Program Files\dotnet\sdk\9.0.309\Sdks\Microsoft.NET.Sdk\targets\Microsoft.PackageDependencyResolution.targets" 파일에 있는 "ResolveLockFileCopyLocalFiles" 대상("ResolvePackageDependenciesForBuild" 대상이 종속됨):
   1:7>"ProtoTestTool.csproj" 프로젝트에 "ResolveLockFileCopyLocalFiles" 대상을 빌드했습니다.
       조건이 잘못되어 "ResolveRuntimePackAssets" 대상을 건너뜁니다. ('@(RuntimePack)' != '')이(가) ('' != '')(으)로 확인되었습니다.
       조건이 잘못되어 "RunProduceContentAssets" 대상을 건너뜁니다. ('@(_ContentFilesToPreprocess)' != '' and '$(_CleaningWithoutRebuilding)' != 'true')이(가) ('' != '' and '' != 'true')(으)로 확인되었습니다.
       "ResolvePackageAssets" 대상을 건너뜁니다. 이전에 빌드되었습니다.
   1:7>"c:\Work\backup\tcpaop\Tests\ProtoTestTool\ProtoTestTool.csproj" 프로젝트의 "C:\Program Files\dotnet\sdk\9.0.309\Sdks\Microsoft.NET.Sdk\targets\Microsoft.PackageDependencyResolution.targets" 파일에 있는 "IncludeTransitiveProjectReferences" 대상("ResolvePackageDependenciesForBuild" 대상이 종속됨):
   1:7>"ProtoTestTool.csproj" 프로젝트에 "IncludeTransitiveProjectReferences" 대상을 빌드했습니다.
   1:7>"c:\Work\backup\tcpaop\Tests\ProtoTestTool\ProtoTestTool.csproj" 프로젝트의 "C:\Program Files\dotnet\sdk\9.0.309\Sdks\Microsoft.NET.Sdk\targets\Microsoft.PackageDependencyResolution.targets" 파일에 있는 "ResolvePackageDependenciesForBuild" 대상("AssignProjectConfiguration" 대상이 종속됨):
   1:7>"ProtoTestTool.csproj" 프로젝트에 "ResolvePackageDependenciesForBuild" 대상을 빌드했습니다.
       조건이 잘못되어 "_System_Text_JsonAnalyzerMultiTargeting" 대상을 건너뜁니다. ('$(SupportsRoslynComponentVersioning)' != 'true')이(가) ('true' != 'true')(으)로 확인되었습니다.
       조건이 잘못되어 "_System_Text_JsonRemoveAnalyzers" 대상을 건너뜁니다. ('$(DisableSystemTextJsonSourceGenerator)' == 'true')이(가) ('' == 'true')(으)로 확인되었습니다.
       조건이 잘못되어 "_Microsoft_Extensions_OptionsAnalyzerMultiTargeting" 대상을 건너뜁니다. ('$(SupportsRoslynComponentVersioning)' != 'true')이(가) ('true' != 'true')(으)로 확인되었습니다.
       조건이 잘못되어 "_Microsoft_Extensions_OptionsRemoveAnalyzers" 대상을 건너뜁니다. ('$(DisableMicrosoftExtensionsOptionsSourceGenerator)' == 'true')이(가) ('' == 'true')(으)로 확인되었습니다.
   1:7>"c:\Work\backup\tcpaop\Tests\ProtoTestTool\ProtoTestTool.csproj" 프로젝트의 "C:\Users\kentz\.nuget\packages\microsoft.extensions.configuration.binder\9.0.6\buildTransitive\netstandard2.0\Microsoft.Extensions.Configuration.Binder.targets" 파일에 있는 "_Microsoft_Extensions_Configuration_Binder_RemoveAnalyzer" 대상("AssignProjectConfiguration" 대상이 종속됨):
   1:7>"ProtoTestTool.csproj" 프로젝트에 "_Microsoft_Extensions_Configuration_Binder_RemoveAnalyzer" 대상을 빌드했습니다.
       조건이 잘못되어 "_Microsoft_Extensions_Logging_AbstractionsAnalyzerMultiTargeting" 대상을 건너뜁니다. ('$(SupportsRoslynComponentVersioning)' != 'true')이(가) ('true' != 'true')(으)로 확인되었습니다.
       조건이 잘못되어 "_Microsoft_Extensions_Logging_AbstractionsRemoveAnalyzers" 대상을 건너뜁니다. ('$(DisableMicrosoftExtensionsLoggingSourceGenerator)' == 'true')이(가) ('' == 'true')(으)로 확인되었습니다.
       조건이 잘못되어 "AssignProjectConfiguration" 대상을 건너뜁니다. ('$(CurrentSolutionConfigurationContents)' != '' or '@(ProjectReference)'!='')이(가) ('' != '' or ''!='')(으)로 확인되었습니다.
   1:7>"c:\Work\backup\tcpaop\Tests\ProtoTestTool\ProtoTestTool.csproj" 프로젝트의 "C:\Program Files\dotnet\sdk\9.0.309\Microsoft.Common.CurrentVersion.targets" 파일에 있는 "_SplitProjectReferencesByFileExistence" 대상("PrepareProjectReferences" 대상이 종속됨):
       조건이 잘못되어 "ResolveNonMSBuildProjectOutput" 작업을 건너뜁니다. ('$(BuildingInsideVisualStudio)'=='true' and '@(ProjectReferenceWithConfiguration)'!='')이(가) (''=='true' and ''!='')(으)로 확인되었습니다.
   1:7>"ProtoTestTool.csproj" 프로젝트에 "_SplitProjectReferencesByFileExistence" 대상을 빌드했습니다.
   1:7>"c:\Work\backup\tcpaop\Tests\ProtoTestTool\ProtoTestTool.csproj" 프로젝트의 "C:\Program Files\dotnet\sdk\9.0.309\Microsoft.Common.CurrentVersion.targets" 파일에 있는 "_AddOutputPathToGlobalPropertiesToRemove" 대상("_GetProjectReferenceTargetFrameworkProperties" 대상이 종속됨):
   1:7>"ProtoTestTool.csproj" 프로젝트에 "_AddOutputPathToGlobalPropertiesToRemove" 대상을 빌드했습니다.
   1:7>"c:\Work\backup\tcpaop\Tests\ProtoTestTool\ProtoTestTool.csproj" 프로젝트의 "C:\Program Files\dotnet\sdk\9.0.309\Microsoft.Common.CurrentVersion.targets" 파일에 있는 "_GetProjectReferenceTargetFrameworkProperties" 대상("PrepareProjectReferences" 대상이 종속됨):
       "MSBuild" 작업
       "MSBuild" 작업을 실행했습니다.
       조건이 잘못되어 "MSBuild" 작업을 건너뜁니다. ('%(_MSBuildProjectReferenceExistent.SkipGetTargetFrameworkProperties)' != 'true' and '$(EnableDynamicPlatformResolution)' == 'true')이(가) ('' != 'true' and '' == 'true')(으)로 확인되었습니다.
       조건이 잘못되어 "GetReferenceNearestTargetFrameworkTask" 작업을 건너뜁니다. ('@(_ProjectReferenceTargetFrameworkPossibilities)' != '' and '$(ReferringTargetFrameworkForProjectReferences)' != ''
                                                               And '$(GetReferenceNearestTargetFrameworkTaskSupportsTargetPlatformParameter)' == 'true' and '%(_ProjectReferenceTargetFrameworkPossibilities.IsVcxOrNativeProj)' != 'true')이(가) ('' != '' and '.NETCoreApp,Version=v9.0' != ''
                                                               And 'true' == 'true' and '' != 'true')(으)로 확인되었습니다.
       조건이 잘못되어 "GetReferenceNearestTargetFrameworkTask" 작업을 건너뜁니다. ('@(_ProjectReferenceTargetFrameworkPossibilities)' != '' and '$(ReferringTargetFrameworkForProjectReferences)' != ''
                                                               And '$(GetReferenceNearestTargetFrameworkTaskSupportsTargetPlatformParameter)' != 'true' and '%(_ProjectReferenceTargetFrameworkPossibilities.IsVcxOrNativeProj)' != 'true')이(가) ('' != '' and '.NETCoreApp,Version=v9.0' != ''
                                                               And 'true' != 'true' and '' != 'true')(으)로 확인되었습니다.
       "Microsoft.Build.Tasks.Core, Version=15.1.0.0, Culture=neutral, PublicKeyToken=b03f5f7f11d50a3a" 어셈블리에서 "SetRidAgnosticValueForProjects" 작업을 사용합니다.
       "SetRidAgnosticValueForProjects" 작업
       "SetRidAgnosticValueForProjects" 작업을 실행했습니다.
   1:7>"ProtoTestTool.csproj" 프로젝트에 "_GetProjectReferenceTargetFrameworkProperties" 대상을 빌드했습니다.
   1:7>"c:\Work\backup\tcpaop\Tests\ProtoTestTool\ProtoTestTool.csproj" 프로젝트의 "C:\Program Files\dotnet\sdk\9.0.309\Sdks\Microsoft.NET.Sdk\targets\Microsoft.NET.Sdk.targets" 파일에 있는 "ValidateExecutableReferences" 대상("PrepareProjectReferences" 대상이 종속됨):
       "C:\Program Files\dotnet\sdk\9.0.309\Sdks\Microsoft.NET.Sdk\targets\..\tools\net9.0\Microsoft.NET.Build.Tasks.dll" 어셈블리에서 "ValidateExecutableReferences" 작업을 사용합니다.
       "ValidateExecutableReferences" 작업
       "ValidateExecutableReferences" 작업을 실행했습니다.
   1:7>"ProtoTestTool.csproj" 프로젝트에 "ValidateExecutableReferences" 대상을 빌드했습니다.
       조건이 잘못되어 "_GetProjectReferencePlatformProperties" 대상을 건너뜁니다. ('$(EnableDynamicPlatformResolution)' == 'true'
                            and '@(_MSBuildProjectReferenceExistent)' != '')이(가) ('' == 'true'
                            and '' != '')(으)로 확인되었습니다.
   1:7>"c:\Work\backup\tcpaop\Tests\ProtoTestTool\ProtoTestTool.csproj" 프로젝트의 "C:\Program Files\dotnet\sdk\9.0.309\Microsoft.Common.CurrentVersion.targets" 파일에 있는 "PrepareProjectReferences" 대상("ResolveProjectReferences" 대상이 종속됨):
   1:7>"ProtoTestTool.csproj" 프로젝트에 "PrepareProjectReferences" 대상을 빌드했습니다.
   1:7>"c:\Work\backup\tcpaop\Tests\ProtoTestTool\ProtoTestTool.csproj" 프로젝트의 "C:\Program Files\dotnet\sdk\9.0.309\Microsoft.Common.CurrentVersion.targets" 파일에 있는 "ResolveProjectReferences" 대상("ResolveReferences" 대상이 종속됨):
       조건이 잘못되어 "MSBuild" 작업을 건너뜁니다. ('%(_MSBuildProjectReferenceExistent.BuildReference)' == 'true' and '@(ProjectReferenceWithConfiguration)' != '' and ('$(BuildingInsideVisualStudio)' == 'true' or '$(BuildProjectReferences)' != 'true') and '$(VisualStudioVersion)' != '10.0' and '@(_MSBuildProjectReferenceExistent)' != '')이(가) ('' == 'true' and '' != '' and ('' == 'true' or 'true' != 'true') and '17.0' != '10.0' and '' != '')(으)로 확인되었습니다.
       조건이 잘못되어 "MSBuild" 작업을 건너뜁니다. ('%(_MSBuildProjectReferenceExistent.BuildReference)' == 'true' and '@(ProjectReferenceWithConfiguration)' != '' and '$(BuildingInsideVisualStudio)' != 'true' and '$(BuildProjectReferences)' == 'true' and '@(_MSBuildProjectReferenceExistent)' != '')이(가) ('' == 'true' and '' != '' and '' != 'true' and 'true' == 'true' and '' != '')(으)로 확인되었습니다.
       조건이 잘못되어 "MSBuild" 작업을 건너뜁니다. ('%(_MSBuildProjectReferenceExistent.BuildReference)' == 'true' and '@(ProjectReferenceWithConfiguration)' != '' and '$(BuildingProject)' == 'true' and '@(_MSBuildProjectReferenceExistent)' != '')이(가) ('' == 'true' and '' != '' and 'true' == 'true' and '' != '')(으)로 확인되었습니다.
       조건이 잘못되어 "MSBuildInternalMessage" 작업을 건너뜁니다. ('$(_NonExistentProjectReferenceSeverity)' != '')이(가) ('' != '')(으)로 확인되었습니다.
   1:7>"ProtoTestTool.csproj" 프로젝트에 "ResolveProjectReferences" 대상을 빌드했습니다.
   1:7>"c:\Work\backup\tcpaop\Tests\ProtoTestTool\ProtoTestTool.csproj" 프로젝트의 "C:\Program Files\dotnet\sdk\9.0.309\Sdks\Microsoft.NET.Sdk\targets\Microsoft.NET.Windows.targets" 파일에 있는 "RemoveManagedWinRTComponentWinMDReferences" 대상("ResolveReferences" 대상이 종속됨):
   1:7>"ProtoTestTool.csproj" 프로젝트에 "RemoveManagedWinRTComponentWinMDReferences" 대상을 빌드했습니다.
       조건이 잘못되어 "AddWinRTComponentImplementationReference" 대상을 건너뜁니다. ('@(ManagedWinRTComponentImplementations)' != '')이(가) ('' != '')(으)로 확인되었습니다.
       조건이 잘못되어 "FindInvalidProjectReferences" 대상을 건너뜁니다. ('$(FindInvalidProjectReferences)' == 'true')이(가) ('' == 'true')(으)로 확인되었습니다.
       조건이 잘못되어 "ResolveNativeReferences" 대상을 건너뜁니다. ('@(NativeReference)'!='')이(가) (''!='')(으)로 확인되었습니다.
       "ResolveProjectReferences" 대상을 건너뜁니다. 이전에 빌드되었습니다.
       조건이 잘못되어 "FindInvalidProjectReferences" 대상을 건너뜁니다. ('$(FindInvalidProjectReferences)' == 'true')이(가) ('' == 'true')(으)로 확인되었습니다.
       "GetFrameworkPaths" 대상을 건너뜁니다. 이전에 빌드되었습니다.
       "GetReferenceAssemblyPaths" 대상을 건너뜁니다. 이전에 빌드되었습니다.
       "PrepareForBuild" 대상을 건너뜁니다. 이전에 빌드되었습니다.
       조건이 잘못되어 "GetInstalledSDKLocations" 대상을 건너뜁니다. ('@(SDKReference)' != '')이(가) ('' != '')(으)로 확인되었습니다.
   1:7>"c:\Work\backup\tcpaop\Tests\ProtoTestTool\ProtoTestTool.csproj" 프로젝트의 "C:\Program Files\dotnet\sdk\9.0.309\Microsoft.Common.CurrentVersion.targets" 파일에 있는 "ResolveSDKReferences" 대상("ResolveAssemblyReferences" 대상이 종속됨):
       조건이 잘못되어 "ResolveSDKReference" 작업을 건너뜁니다. ('@(SDKReference)'!='')이(가) (''!='')(으)로 확인되었습니다.
   1:7>"ProtoTestTool.csproj" 프로젝트에 "ResolveSDKReferences" 대상을 빌드했습니다.
       "ResolveSDKReferences" 대상을 건너뜁니다. 이전에 빌드되었습니다.
   1:7>"c:\Work\backup\tcpaop\Tests\ProtoTestTool\ProtoTestTool.csproj" 프로젝트의 "C:\Program Files\dotnet\sdk\9.0.309\Microsoft.Common.CurrentVersion.targets" 파일에 있는 "ExpandSDKReferences" 대상("ResolveAssemblyReferences" 대상이 종속됨):
       조건이 잘못되어 "GetSDKReferenceFiles" 작업을 건너뜁니다. ('@(ResolvedSDKReference)'!='')이(가) (''!='')(으)로 확인되었습니다.
   1:7>"ProtoTestTool.csproj" 프로젝트에 "ExpandSDKReferences" 대상을 빌드했습니다.
       "ResolvePackageDependenciesForBuild" 대상을 건너뜁니다. 이전에 빌드되었습니다.
       "GetFrameworkPaths" 대상을 건너뜁니다. 이전에 빌드되었습니다.
       "GetReferenceAssemblyPaths" 대상을 건너뜁니다. 이전에 빌드되었습니다.
       "ProcessFrameworkReferences" 대상을 건너뜁니다. 이전에 빌드되었습니다.
       "ResolvePackageAssets" 대상을 건너뜁니다. 이전에 빌드되었습니다.
   1:7>"c:\Work\backup\tcpaop\Tests\ProtoTestTool\ProtoTestTool.csproj" 프로젝트의 "C:\Program Files\dotnet\sdk\9.0.309\Sdks\Microsoft.NET.Sdk\targets\Microsoft.NET.Sdk.FrameworkReferenceResolution.targets" 파일에 있는 "ResolveFrameworkReferences" 대상("ResolveTargetingPackAssets" 대상이 종속됨):
       "C:\Program Files\dotnet\sdk\9.0.309\Sdks\Microsoft.NET.Sdk\targets\..\tools\net9.0\Microsoft.NET.Build.Tasks.dll" 어셈블리에서 "GetPackageDirectory" 작업을 사용합니다.
       "GetPackageDirectory" 작업
       "GetPackageDirectory" 작업을 실행했습니다.
       "GetPackageDirectory" 작업
       "GetPackageDirectory" 작업을 실행했습니다.
       "GetPackageDirectory" 작업
       "GetPackageDirectory" 작업을 실행했습니다.
       "GetPackageDirectory" 작업
       "GetPackageDirectory" 작업을 실행했습니다.
       "GetPackageDirectory" 작업
       "GetPackageDirectory" 작업을 실행했습니다.
       "GetPackageDirectory" 작업
       "GetPackageDirectory" 작업을 실행했습니다.
       "GetPackageDirectory" 작업
       "GetPackageDirectory" 작업을 실행했습니다.
       "GetPackageDirectory" 작업
       "GetPackageDirectory" 작업을 실행했습니다.
       "GetPackageDirectory" 작업
       "GetPackageDirectory" 작업을 실행했습니다.
       "GetPackageDirectory" 작업
       "GetPackageDirectory" 작업을 실행했습니다.
       "C:\Program Files\dotnet\sdk\9.0.309\Sdks\Microsoft.NET.Sdk\targets\..\tools\net9.0\Microsoft.NET.Build.Tasks.dll" 어셈블리에서 "ResolveFrameworkReferences" 작업을 사용합니다.
       "ResolveFrameworkReferences" 작업
       "ResolveFrameworkReferences" 작업을 실행했습니다.
   1:7>"ProtoTestTool.csproj" 프로젝트에 "ResolveFrameworkReferences" 대상을 빌드했습니다.
   1:7>"c:\Work\backup\tcpaop\Tests\ProtoTestTool\ProtoTestTool.csproj" 프로젝트의 "C:\Program Files\dotnet\sdk\9.0.309\Sdks\Microsoft.NET.Sdk\targets\Microsoft.NET.Sdk.FrameworkReferenceResolution.targets" 파일에 있는 "ResolveTargetingPackAssets" 대상("_HandlePackageFileConflicts" 대상이 종속됨):
       "C:\Program Files\dotnet\sdk\9.0.309\Sdks\Microsoft.NET.Sdk\targets\..\tools\net9.0\Microsoft.NET.Build.Tasks.dll" 어셈블리에서 "ResolveTargetingPackAssets" 작업을 사용합니다.
       "ResolveTargetingPackAssets" 작업
       "ResolveTargetingPackAssets" 작업을 실행했습니다.
   1:7>"ProtoTestTool.csproj" 프로젝트에 "ResolveTargetingPackAssets" 대상을 빌드했습니다.
   1:7>"c:\Work\backup\tcpaop\Tests\ProtoTestTool\ProtoTestTool.csproj" 프로젝트의 "C:\Program Files\dotnet\sdk\9.0.309\Sdks\Microsoft.NET.Sdk\targets\Microsoft.NET.Sdk.FrameworkReferenceResolution.targets" 파일에 있는 "ResolveOffByDefaultAnalyzers" 대상("_HandlePackageFileConflicts" 대상이 종속됨):
   1:7>"ProtoTestTool.csproj" 프로젝트에 "ResolveOffByDefaultAnalyzers" 대상을 빌드했습니다.
   1:7>"c:\Work\backup\tcpaop\Tests\ProtoTestTool\ProtoTestTool.csproj" 프로젝트의 "C:\Program Files\dotnet\sdk\9.0.309\Sdks\Microsoft.NET.Sdk\targets\Microsoft.NET.ConflictResolution.targets" 파일에 있는 "_HandlePackageFileConflicts" 대상("ResolveAssemblyReferences" 대상이 종속됨):
       "C:\Program Files\dotnet\sdk\9.0.309\Sdks\Microsoft.NET.Sdk\targets\..\tools\net9.0\Microsoft.NET.Build.Tasks.dll" 어셈블리에서 "ResolvePackageFileConflicts" 작업을 사용합니다.
       "ResolvePackageFileConflicts" 작업
         'Reference:C:\Users\kentz\.nuget\packages\system.data.datasetextensions\4.5.0\ref\netstandard2.0\System.Data.DataSetExtensions.dll'과(와) 'Reference:C:\Program Files\dotnet\packs\Microsoft.NETCore.App.Ref\9.0.12\ref/net9.0/System.Data.DataSetExtensions.dll' 사이에 충돌이 발생했습니다. AssemblyVersion '9.0.0.0'이(가) '4.0.0.0'보다 크기 때문에 'Reference:C:\Program Files\dotnet\packs\Microsoft.NETCore.App.Ref\9.0.12\ref/net9.0/System.Data.DataSetExtensions.dll'을(를) 선택합니다.
         'Reference:C:\Users\kentz\.nuget\packages\system.configuration.configurationmanager\8.0.0\lib\net8.0\System.Configuration.ConfigurationManager.dll'과(와) 'Reference:C:\Program Files\dotnet\packs\Microsoft.WindowsDesktop.App.Ref\9.0.12\ref/net9.0/System.Configuration.ConfigurationManager.dll' 사이에 충돌이 발생했습니다. AssemblyVersion '9.0.0.0'이(가) '8.0.0.0'보다 크기 때문에 'Reference:C:\Program Files\dotnet\packs\Microsoft.WindowsDesktop.App.Ref\9.0.12\ref/net9.0/System.Configuration.ConfigurationManager.dll'을(를) 선택합니다.
         'Reference:C:\Users\kentz\.nuget\packages\system.diagnostics.eventlog\8.0.0\lib\net8.0\System.Diagnostics.EventLog.dll'과(와) 'Reference:C:\Program Files\dotnet\packs\Microsoft.WindowsDesktop.App.Ref\9.0.12\ref/net9.0/System.Diagnostics.EventLog.dll' 사이에 충돌이 발생했습니다. AssemblyVersion '9.0.0.0'이(가) '8.0.0.0'보다 크기 때문에 'Reference:C:\Program Files\dotnet\packs\Microsoft.WindowsDesktop.App.Ref\9.0.12\ref/net9.0/System.Diagnostics.EventLog.dll'을(를) 선택합니다.
         'Reference:C:\Users\kentz\.nuget\packages\system.security.cryptography.pkcs\6.0.4\lib\net6.0\System.Security.Cryptography.Pkcs.dll'과(와) 'Reference:C:\Program Files\dotnet\packs\Microsoft.WindowsDesktop.App.Ref\9.0.12\ref/net9.0/System.Security.Cryptography.Pkcs.dll' 사이에 충돌이 발생했습니다. AssemblyVersion '9.0.0.0'이(가) '6.0.0.0'보다 크기 때문에 'Reference:C:\Program Files\dotnet\packs\Microsoft.WindowsDesktop.App.Ref\9.0.12\ref/net9.0/System.Security.Cryptography.Pkcs.dll'을(를) 선택합니다.
         'Reference:C:\Users\kentz\.nuget\packages\system.security.cryptography.protecteddata\8.0.0\lib\net8.0\System.Security.Cryptography.ProtectedData.dll'과(와) 'Reference:C:\Program Files\dotnet\packs\Microsoft.WindowsDesktop.App.Ref\9.0.12\ref/net9.0/System.Security.Cryptography.ProtectedData.dll' 사이에 충돌이 발생했습니다. AssemblyVersion '9.0.0.0'이(가) '8.0.0.0'보다 크기 때문에 'Reference:C:\Program Files\dotnet\packs\Microsoft.WindowsDesktop.App.Ref\9.0.12\ref/net9.0/System.Security.Cryptography.ProtectedData.dll'을(를) 선택합니다.
         'Reference:C:\Program Files\dotnet\packs\Microsoft.NETCore.App.Ref\9.0.12\ref/net9.0/WindowsBase.dll'과(와) 'Reference:C:\Program Files\dotnet\packs\Microsoft.WindowsDesktop.App.Ref\9.0.12\ref/net9.0/WindowsBase.dll' 사이에 충돌이 발생했습니다. AssemblyVersion '9.0.0.0'이(가) '4.0.0.0'보다 크기 때문에 'Reference:C:\Program Files\dotnet\packs\Microsoft.WindowsDesktop.App.Ref\9.0.12\ref/net9.0/WindowsBase.dll'을(를) 선택합니다.
         'Reference:C:\Program Files\dotnet\packs\Microsoft.NETCore.App.Ref\9.0.12\ref/net9.0/Microsoft.VisualBasic.dll'과(와) 'Reference:C:\Program Files\dotnet\packs\Microsoft.WindowsDesktop.App.Ref\9.0.12\ref/net9.0/Microsoft.VisualBasic.dll' 사이에 충돌이 발생했습니다. AssemblyVersion '10.1.0.0'이(가) '10.0.0.0'보다 크기 때문에 'Reference:C:\Program Files\dotnet\packs\Microsoft.WindowsDesktop.App.Ref\9.0.12\ref/net9.0/Microsoft.VisualBasic.dll'을(를) 선택합니다.
         'Reference:C:\Program Files\dotnet\packs\Microsoft.NETCore.App.Ref\9.0.12\ref/net9.0/System.Drawing.dll'과(와) 'Reference:C:\Program Files\dotnet\packs\Microsoft.WindowsDesktop.App.Ref\9.0.12\ref/net9.0/System.Drawing.dll' 사이에 충돌이 발생했습니다. AssemblyVersion '9.0.0.0'이(가) '4.0.0.0'보다 크기 때문에 'Reference:C:\Program Files\dotnet\packs\Microsoft.WindowsDesktop.App.Ref\9.0.12\ref/net9.0/System.Drawing.dll'을(를) 선택합니다.
         'Platform:Microsoft.VisualBasic.dll'과(와) 'Platform:Microsoft.VisualBasic.dll' 사이에 충돌이 발생했습니다. AssemblyVersion '10.1.0.0'이(가) '10.0.0.0'보다 크기 때문에 'Platform:Microsoft.VisualBasic.dll'을(를) 선택합니다.
         'Platform:Microsoft.VisualBasic.dll'과(와) 'Platform:Microsoft.VisualBasic.dll' 사이에 충돌이 발생했습니다. AssemblyVersion '10.1.0.0'이(가) '10.0.0.0'보다 크기 때문에 'Platform:Microsoft.VisualBasic.dll'을(를) 선택합니다.
         'Platform:System.Drawing.dll'과(와) 'Platform:System.Drawing.dll' 사이에 충돌이 발생했습니다. AssemblyVersion '9.0.0.0'이(가) '4.0.0.0'보다 크기 때문에 'Platform:System.Drawing.dll'을(를) 선택합니다.
         'Platform:System.Drawing.dll'과(와) 'Platform:System.Drawing.dll' 사이에 충돌이 발생했습니다. AssemblyVersion '9.0.0.0'이(가) '4.0.0.0'보다 크기 때문에 'Platform:System.Drawing.dll'을(를) 선택합니다.
         'Platform:WindowsBase.dll'과(와) 'Platform:WindowsBase.dll' 사이에 충돌이 발생했습니다. AssemblyVersion '9.0.0.0'이(가) '4.0.0.0'보다 크기 때문에 'Platform:WindowsBase.dll'을(를) 선택합니다.
         'Platform:WindowsBase.dll'과(와) 'Platform:WindowsBase.dll' 사이에 충돌이 발생했습니다. AssemblyVersion '9.0.0.0'이(가) '4.0.0.0'보다 크기 때문에 'Platform:WindowsBase.dll'을(를) 선택합니다.
         'Platform:System.Configuration.ConfigurationManager.dll'과(와) 'CopyLocal:C:\Users\kentz\.nuget\packages\system.configuration.configurationmanager\8.0.0\lib\net8.0\System.Configuration.ConfigurationManager.dll' 사이에 충돌이 발생했습니다. AssemblyVersion '9.0.0.0'이(가) '8.0.0.0'보다 크기 때문에 'Platform:System.Configuration.ConfigurationManager.dll'을(를) 선택합니다.
         'Platform:System.Data.DataSetExtensions.dll'과(와) 'CopyLocal:C:\Users\kentz\.nuget\packages\system.data.datasetextensions\4.5.0\lib\netstandard2.0\System.Data.DataSetExtensions.dll' 사이에 충돌이 발생했습니다. AssemblyVersion '9.0.0.0'이(가) '4.0.0.0'보다 크기 때문에 'Platform:System.Data.DataSetExtensions.dll'을(를) 선택합니다.
         'Platform:System.Diagnostics.EventLog.dll'과(와) 'CopyLocal:C:\Users\kentz\.nuget\packages\system.diagnostics.eventlog\8.0.0\lib\net8.0\System.Diagnostics.EventLog.dll' 사이에 충돌이 발생했습니다. AssemblyVersion '9.0.0.0'이(가) '8.0.0.0'보다 크기 때문에 'Platform:System.Diagnostics.EventLog.dll'을(를) 선택합니다.
         'Platform:System.Security.Cryptography.Pkcs.dll'과(와) 'CopyLocal:C:\Users\kentz\.nuget\packages\system.security.cryptography.pkcs\6.0.4\lib\net6.0\System.Security.Cryptography.Pkcs.dll' 사이에 충돌이 발생했습니다. AssemblyVersion '9.0.0.0'이(가) '6.0.0.0'보다 크기 때문에 'Platform:System.Security.Cryptography.Pkcs.dll'을(를) 선택합니다.
         'Platform:System.Security.Cryptography.ProtectedData.dll'과(와) 'CopyLocal:C:\Users\kentz\.nuget\packages\system.security.cryptography.protecteddata\8.0.0\lib\net8.0\System.Security.Cryptography.ProtectedData.dll' 사이에 충돌이 발생했습니다. AssemblyVersion '9.0.0.0'이(가) '8.0.0.0'보다 크기 때문에 'Platform:System.Security.Cryptography.ProtectedData.dll'을(를) 선택합니다.
         'Platform:System.Diagnostics.EventLog.Messages.dll'과(와) 'CopyLocal:C:\Users\kentz\.nuget\packages\system.diagnostics.eventlog\8.0.0\runtimes\win\lib\net8.0\System.Diagnostics.EventLog.Messages.dll' 사이에 충돌이 발생했습니다. AssemblyVersion '9.0.0.0'이(가) '8.0.0.0'보다 크기 때문에 'Platform:System.Diagnostics.EventLog.Messages.dll'을(를) 선택합니다.
         'Platform:System.Diagnostics.EventLog.dll'과(와) 'CopyLocal:C:\Users\kentz\.nuget\packages\system.diagnostics.eventlog\8.0.0\runtimes\win\lib\net8.0\System.Diagnostics.EventLog.dll' 사이에 충돌이 발생했습니다. AssemblyVersion '9.0.0.0'이(가) '8.0.0.0'보다 크기 때문에 'Platform:System.Diagnostics.EventLog.dll'을(를) 선택합니다.
         'Platform:System.Security.Cryptography.Pkcs.dll'과(와) 'CopyLocal:C:\Users\kentz\.nuget\packages\system.security.cryptography.pkcs\6.0.4\runtimes\win\lib\net6.0\System.Security.Cryptography.Pkcs.dll' 사이에 충돌이 발생했습니다. AssemblyVersion '9.0.0.0'이(가) '6.0.0.0'보다 크기 때문에 'Platform:System.Security.Cryptography.Pkcs.dll'을(를) 선택합니다.
         'Platform:mscorlib.dll'과(와) 'Platform:mscorlib.dll' 사이에 충돌이 발생했습니다. 동일한 파일 및 어셈블리 버전으로 인해 적용되는 내용을 확인할 수 없습니다.
         'Platform:System.Windows.Forms.Primitives.resources.dll'과(와) 'Platform:System.Windows.Forms.Primitives.resources.dll' 사이에 충돌이 발생했습니다. 동일한 파일 및 어셈블리 버전으로 인해 적용되는 내용을 확인할 수 없습니다.
         'Platform:System.dll'과(와) 'Platform:System.dll' 사이에 충돌이 발생했습니다. 동일한 파일 및 어셈블리 버전으로 인해 적용되는 내용을 확인할 수 없습니다.
         'Platform:System.ComponentModel.DataAnnotations.dll'과(와) 'Platform:System.ComponentModel.DataAnnotations.dll' 사이에 충돌이 발생했습니다. 동일한 파일 및 어셈블리 버전으로 인해 적용되는 내용을 확인할 수 없습니다.
         'Platform:System.Configuration.dll'과(와) 'Platform:System.Configuration.dll' 사이에 충돌이 발생했습니다. 동일한 파일 및 어셈블리 버전으로 인해 적용되는 내용을 확인할 수 없습니다.
         'Platform:System.Core.dll'과(와) 'Platform:System.Core.dll' 사이에 충돌이 발생했습니다. 동일한 파일 및 어셈블리 버전으로 인해 적용되는 내용을 확인할 수 없습니다.
         'Platform:System.Data.dll'과(와) 'Platform:System.Data.dll' 사이에 충돌이 발생했습니다. 동일한 파일 및 어셈블리 버전으로 인해 적용되는 내용을 확인할 수 없습니다.
         'Platform:System.Windows.Forms.Design.resources.dll'과(와) 'Platform:System.Windows.Forms.Design.resources.dll' 사이에 충돌이 발생했습니다. 동일한 파일 및 어셈블리 버전으로 인해 적용되는 내용을 확인할 수 없습니다.
         'Platform:System.IO.Compression.FileSystem.dll'과(와) 'Platform:System.IO.Compression.FileSystem.dll' 사이에 충돌이 발생했습니다. 동일한 파일 및 어셈블리 버전으로 인해 적용되는 내용을 확인할 수 없습니다.
         'Platform:System.Net.dll'과(와) 'Platform:System.Net.dll' 사이에 충돌이 발생했습니다. 동일한 파일 및 어셈블리 버전으로 인해 적용되는 내용을 확인할 수 없습니다.
         'Platform:System.Numerics.dll'과(와) 'Platform:System.Numerics.dll' 사이에 충돌이 발생했습니다. 동일한 파일 및 어셈블리 버전으로 인해 적용되는 내용을 확인할 수 없습니다.
         'Platform:System.Runtime.Serialization.dll'과(와) 'Platform:System.Runtime.Serialization.dll' 사이에 충돌이 발생했습니다. 동일한 파일 및 어셈블리 버전으로 인해 적용되는 내용을 확인할 수 없습니다.
         'Platform:System.Security.dll'과(와) 'Platform:System.Security.dll' 사이에 충돌이 발생했습니다. 동일한 파일 및 어셈블리 버전으로 인해 적용되는 내용을 확인할 수 없습니다.
         'Platform:System.ServiceProcess.dll'과(와) 'Platform:System.ServiceProcess.dll' 사이에 충돌이 발생했습니다. 동일한 파일 및 어셈블리 버전으로 인해 적용되는 내용을 확인할 수 없습니다.
         'Platform:System.ServiceModel.Web.dll'과(와) 'Platform:System.ServiceModel.Web.dll' 사이에 충돌이 발생했습니다. 동일한 파일 및 어셈블리 버전으로 인해 적용되는 내용을 확인할 수 없습니다.
         'Platform:System.Transactions.dll'과(와) 'Platform:System.Transactions.dll' 사이에 충돌이 발생했습니다. 동일한 파일 및 어셈블리 버전으로 인해 적용되는 내용을 확인할 수 없습니다.
         'Platform:System.Web.dll'과(와) 'Platform:System.Web.dll' 사이에 충돌이 발생했습니다. 동일한 파일 및 어셈블리 버전으로 인해 적용되는 내용을 확인할 수 없습니다.
         'Platform:System.Windows.dll'과(와) 'Platform:System.Windows.dll' 사이에 충돌이 발생했습니다. 동일한 파일 및 어셈블리 버전으로 인해 적용되는 내용을 확인할 수 없습니다.
         'Platform:System.Xml.dll'과(와) 'Platform:System.Xml.dll' 사이에 충돌이 발생했습니다. 동일한 파일 및 어셈블리 버전으로 인해 적용되는 내용을 확인할 수 없습니다.
         'Platform:System.Xml.Serialization.dll'과(와) 'Platform:System.Xml.Serialization.dll' 사이에 충돌이 발생했습니다. 동일한 파일 및 어셈블리 버전으로 인해 적용되는 내용을 확인할 수 없습니다.
         'Platform:System.Xml.Linq.dll'과(와) 'Platform:System.Xml.Linq.dll' 사이에 충돌이 발생했습니다. 동일한 파일 및 어셈블리 버전으로 인해 적용되는 내용을 확인할 수 없습니다.
         'Platform:Microsoft.VisualBasic.Forms.resources.dll'과(와) 'Platform:Microsoft.VisualBasic.Forms.resources.dll' 사이에 충돌이 발생했습니다. 동일한 파일 및 어셈블리 버전으로 인해 적용되는 내용을 확인할 수 없습니다.
         'Platform:netstandard.dll'과(와) 'Platform:netstandard.dll' 사이에 충돌이 발생했습니다. 동일한 파일 및 어셈블리 버전으로 인해 적용되는 내용을 확인할 수 없습니다.
         'Platform:System.Private.CoreLib.dll'과(와) 'Platform:System.Private.CoreLib.dll' 사이에 충돌이 발생했습니다. 동일한 파일 및 어셈블리 버전으로 인해 적용되는 내용을 확인할 수 없습니다.
         'Platform:System.Private.DataContractSerialization.dll'과(와) 'Platform:System.Private.DataContractSerialization.dll' 사이에 충돌이 발생했습니다. 동일한 파일 및 어셈블리 버전으로 인해 적용되는 내용을 확인할 수 없습니다.
         'Platform:System.Private.Uri.dll'과(와) 'Platform:System.Private.Uri.dll' 사이에 충돌이 발생했습니다. 동일한 파일 및 어셈블리 버전으로 인해 적용되는 내용을 확인할 수 없습니다.
         'Platform:System.Private.Xml.dll'과(와) 'Platform:System.Private.Xml.dll' 사이에 충돌이 발생했습니다. 동일한 파일 및 어셈블리 버전으로 인해 적용되는 내용을 확인할 수 없습니다.
         'Platform:System.Private.Xml.Linq.dll'과(와) 'Platform:System.Private.Xml.Linq.dll' 사이에 충돌이 발생했습니다. 동일한 파일 및 어셈블리 버전으로 인해 적용되는 내용을 확인할 수 없습니다.
         'Platform:mscordaccore_amd64_amd64_9.0.1225.60609.dll'과(와) 'Platform:mscordaccore_amd64_amd64_9.0.1225.60609.dll' 사이에 충돌이 발생했습니다. 동일한 파일 및 어셈블리 버전으로 인해 적용되는 내용을 확인할 수 없습니다.
         'Platform:System.Windows.Forms.resources.dll'과(와) 'Platform:System.Windows.Forms.resources.dll' 사이에 충돌이 발생했습니다. 동일한 파일 및 어셈블리 버전으로 인해 적용되는 내용을 확인할 수 없습니다.
         'Platform:PresentationCore.resources.dll'과(와) 'Platform:PresentationCore.resources.dll' 사이에 충돌이 발생했습니다. 동일한 파일 및 어셈블리 버전으로 인해 적용되는 내용을 확인할 수 없습니다.
         'Platform:PresentationFramework.resources.dll'과(와) 'Platform:PresentationFramework.resources.dll' 사이에 충돌이 발생했습니다. 동일한 파일 및 어셈블리 버전으로 인해 적용되는 내용을 확인할 수 없습니다.
         'Platform:PresentationUI.resources.dll'과(와) 'Platform:PresentationUI.resources.dll' 사이에 충돌이 발생했습니다. 동일한 파일 및 어셈블리 버전으로 인해 적용되는 내용을 확인할 수 없습니다.
         'Platform:ReachFramework.resources.dll'과(와) 'Platform:ReachFramework.resources.dll' 사이에 충돌이 발생했습니다. 동일한 파일 및 어셈블리 버전으로 인해 적용되는 내용을 확인할 수 없습니다.
         'Platform:System.Windows.Controls.Ribbon.resources.dll'과(와) 'Platform:System.Windows.Controls.Ribbon.resources.dll' 사이에 충돌이 발생했습니다. 동일한 파일 및 어셈블리 버전으로 인해 적용되는 내용을 확인할 수 없습니다.
         'Platform:System.Windows.Input.Manipulations.resources.dll'과(와) 'Platform:System.Windows.Input.Manipulations.resources.dll' 사이에 충돌이 발생했습니다. 동일한 파일 및 어셈블리 버전으로 인해 적용되는 내용을 확인할 수 없습니다.
         'Platform:System.Xaml.resources.dll'과(와) 'Platform:System.Xaml.resources.dll' 사이에 충돌이 발생했습니다. 동일한 파일 및 어셈블리 버전으로 인해 적용되는 내용을 확인할 수 없습니다.
         'Platform:UIAutomationClient.resources.dll'과(와) 'Platform:UIAutomationClient.resources.dll' 사이에 충돌이 발생했습니다. 동일한 파일 및 어셈블리 버전으로 인해 적용되는 내용을 확인할 수 없습니다.
         'Platform:UIAutomationClientSideProviders.resources.dll'과(와) 'Platform:UIAutomationClientSideProviders.resources.dll' 사이에 충돌이 발생했습니다. 동일한 파일 및 어셈블리 버전으로 인해 적용되는 내용을 확인할 수 없습니다.
         'Platform:UIAutomationProvider.resources.dll'과(와) 'Platform:UIAutomationProvider.resources.dll' 사이에 충돌이 발생했습니다. 동일한 파일 및 어셈블리 버전으로 인해 적용되는 내용을 확인할 수 없습니다.
         'Platform:UIAutomationTypes.resources.dll'과(와) 'Platform:UIAutomationTypes.resources.dll' 사이에 충돌이 발생했습니다. 동일한 파일 및 어셈블리 버전으로 인해 적용되는 내용을 확인할 수 없습니다.
         'Platform:WindowsBase.resources.dll'과(와) 'Platform:WindowsBase.resources.dll' 사이에 충돌이 발생했습니다. 동일한 파일 및 어셈블리 버전으로 인해 적용되는 내용을 확인할 수 없습니다.
         'Platform:WindowsFormsIntegration.resources.dll'과(와) 'Platform:WindowsFormsIntegration.resources.dll' 사이에 충돌이 발생했습니다. 동일한 파일 및 어셈블리 버전으로 인해 적용되는 내용을 확인할 수 없습니다.
         'Platform:D3DCompiler_47_cor3.dll'과(와) 'Platform:D3DCompiler_47_cor3.dll' 사이에 충돌이 발생했습니다. 동일한 파일 및 어셈블리 버전으로 인해 적용되는 내용을 확인할 수 없습니다.
         'Platform:PenImc_cor3.dll'과(와) 'Platform:PenImc_cor3.dll' 사이에 충돌이 발생했습니다. 동일한 파일 및 어셈블리 버전으로 인해 적용되는 내용을 확인할 수 없습니다.
         'Platform:PresentationNative_cor3.dll'과(와) 'Platform:PresentationNative_cor3.dll' 사이에 충돌이 발생했습니다. 동일한 파일 및 어셈블리 버전으로 인해 적용되는 내용을 확인할 수 없습니다.
         'Platform:vcruntime140_cor3.dll'과(와) 'Platform:vcruntime140_cor3.dll' 사이에 충돌이 발생했습니다. 동일한 파일 및 어셈블리 버전으로 인해 적용되는 내용을 확인할 수 없습니다.
         'Platform:wpfgfx_cor3.dll'과(와) 'Platform:wpfgfx_cor3.dll' 사이에 충돌이 발생했습니다. 동일한 파일 및 어셈블리 버전으로 인해 적용되는 내용을 확인할 수 없습니다.
         'Platform:System.Diagnostics.EventLog.Messages.dll'과(와) 'Platform:System.Diagnostics.EventLog.Messages.dll' 사이에 충돌이 발생했습니다. 동일한 파일 및 어셈블리 버전으로 인해 적용되는 내용을 확인할 수 없습니다.
         'Platform:Accessibility.dll'과(와) 'Platform:Accessibility.dll' 사이에 충돌이 발생했습니다. 동일한 파일 및 어셈블리 버전으로 인해 적용되는 내용을 확인할 수 없습니다.
         'Platform:Microsoft.VisualBasic.dll'과(와) 'Platform:Microsoft.VisualBasic.dll' 사이에 충돌이 발생했습니다. 동일한 파일 및 어셈블리 버전으로 인해 적용되는 내용을 확인할 수 없습니다.
         'Platform:System.Design.dll'과(와) 'Platform:System.Design.dll' 사이에 충돌이 발생했습니다. 동일한 파일 및 어셈블리 버전으로 인해 적용되는 내용을 확인할 수 없습니다.
         'Platform:System.Drawing.Design.dll'과(와) 'Platform:System.Drawing.Design.dll' 사이에 충돌이 발생했습니다. 동일한 파일 및 어셈블리 버전으로 인해 적용되는 내용을 확인할 수 없습니다.
         'Platform:System.Drawing.dll'과(와) 'Platform:System.Drawing.dll' 사이에 충돌이 발생했습니다. 동일한 파일 및 어셈블리 버전으로 인해 적용되는 내용을 확인할 수 없습니다.
         'Platform:System.Windows.Forms.Design.Editors.dll'과(와) 'Platform:System.Windows.Forms.Design.Editors.dll' 사이에 충돌이 발생했습니다. 동일한 파일 및 어셈블리 버전으로 인해 적용되는 내용을 확인할 수 없습니다.
         'Platform:Microsoft.Win32.Registry.AccessControl.dll'과(와) 'Platform:Microsoft.Win32.Registry.AccessControl.dll' 사이에 충돌이 발생했습니다. 동일한 파일 및 어셈블리 버전으로 인해 적용되는 내용을 확인할 수 없습니다.
         'Platform:Microsoft.Win32.SystemEvents.dll'과(와) 'Platform:Microsoft.Win32.SystemEvents.dll' 사이에 충돌이 발생했습니다. 동일한 파일 및 어셈블리 버전으로 인해 적용되는 내용을 확인할 수 없습니다.
         'Platform:System.CodeDom.dll'과(와) 'Platform:System.CodeDom.dll' 사이에 충돌이 발생했습니다. 동일한 파일 및 어셈블리 버전으로 인해 적용되는 내용을 확인할 수 없습니다.
         'Platform:System.Configuration.ConfigurationManager.dll'과(와) 'Platform:System.Configuration.ConfigurationManager.dll' 사이에 충돌이 발생했습니다. 동일한 파일 및 어셈블리 버전으로 인해 적용되는 내용을 확인할 수 없습니다.
         'Platform:System.Diagnostics.EventLog.dll'과(와) 'Platform:System.Diagnostics.EventLog.dll' 사이에 충돌이 발생했습니다. 동일한 파일 및 어셈블리 버전으로 인해 적용되는 내용을 확인할 수 없습니다.
         'Platform:System.Diagnostics.PerformanceCounter.dll'과(와) 'Platform:System.Diagnostics.PerformanceCounter.dll' 사이에 충돌이 발생했습니다. 동일한 파일 및 어셈블리 버전으로 인해 적용되는 내용을 확인할 수 없습니다.
         'Platform:System.DirectoryServices.dll'과(와) 'Platform:System.DirectoryServices.dll' 사이에 충돌이 발생했습니다. 동일한 파일 및 어셈블리 버전으로 인해 적용되는 내용을 확인할 수 없습니다.
         'Platform:System.Formats.Nrbf.dll'과(와) 'Platform:System.Formats.Nrbf.dll' 사이에 충돌이 발생했습니다. 동일한 파일 및 어셈블리 버전으로 인해 적용되는 내용을 확인할 수 없습니다.
         'Platform:System.IO.Packaging.dll'과(와) 'Platform:System.IO.Packaging.dll' 사이에 충돌이 발생했습니다. 동일한 파일 및 어셈블리 버전으로 인해 적용되는 내용을 확인할 수 없습니다.
         'Platform:System.Resources.Extensions.dll'과(와) 'Platform:System.Resources.Extensions.dll' 사이에 충돌이 발생했습니다. 동일한 파일 및 어셈블리 버전으로 인해 적용되는 내용을 확인할 수 없습니다.
         'Platform:System.Security.Cryptography.Pkcs.dll'과(와) 'Platform:System.Security.Cryptography.Pkcs.dll' 사이에 충돌이 발생했습니다. 동일한 파일 및 어셈블리 버전으로 인해 적용되는 내용을 확인할 수 없습니다.
         'Platform:System.Security.Cryptography.ProtectedData.dll'과(와) 'Platform:System.Security.Cryptography.ProtectedData.dll' 사이에 충돌이 발생했습니다. 동일한 파일 및 어셈블리 버전으로 인해 적용되는 내용을 확인할 수 없습니다.
         'Platform:System.Security.Cryptography.Xml.dll'과(와) 'Platform:System.Security.Cryptography.Xml.dll' 사이에 충돌이 발생했습니다. 동일한 파일 및 어셈블리 버전으로 인해 적용되는 내용을 확인할 수 없습니다.
         'Platform:System.Security.Permissions.dll'과(와) 'Platform:System.Security.Permissions.dll' 사이에 충돌이 발생했습니다. 동일한 파일 및 어셈블리 버전으로 인해 적용되는 내용을 확인할 수 없습니다.
         'Platform:System.Threading.AccessControl.dll'과(와) 'Platform:System.Threading.AccessControl.dll' 사이에 충돌이 발생했습니다. 동일한 파일 및 어셈블리 버전으로 인해 적용되는 내용을 확인할 수 없습니다.
         'Platform:System.Windows.Extensions.dll'과(와) 'Platform:System.Windows.Extensions.dll' 사이에 충돌이 발생했습니다. 동일한 파일 및 어셈블리 버전으로 인해 적용되는 내용을 확인할 수 없습니다.
         'Platform:Microsoft.VisualBasic.Forms.dll'과(와) 'Platform:Microsoft.VisualBasic.Forms.dll' 사이에 충돌이 발생했습니다. 동일한 파일 및 어셈블리 버전으로 인해 적용되는 내용을 확인할 수 없습니다.
         'Platform:System.Drawing.Common.dll'과(와) 'Platform:System.Drawing.Common.dll' 사이에 충돌이 발생했습니다. 동일한 파일 및 어셈블리 버전으로 인해 적용되는 내용을 확인할 수 없습니다.
         'Platform:System.Private.Windows.Core.dll'과(와) 'Platform:System.Private.Windows.Core.dll' 사이에 충돌이 발생했습니다. 동일한 파일 및 어셈블리 버전으로 인해 적용되는 내용을 확인할 수 없습니다.
         'Platform:System.Windows.Forms.Design.dll'과(와) 'Platform:System.Windows.Forms.Design.dll' 사이에 충돌이 발생했습니다. 동일한 파일 및 어셈블리 버전으로 인해 적용되는 내용을 확인할 수 없습니다.
         'Platform:System.Windows.Forms.Primitives.dll'과(와) 'Platform:System.Windows.Forms.Primitives.dll' 사이에 충돌이 발생했습니다. 동일한 파일 및 어셈블리 버전으로 인해 적용되는 내용을 확인할 수 없습니다.
         'Platform:System.Windows.Forms.dll'과(와) 'Platform:System.Windows.Forms.dll' 사이에 충돌이 발생했습니다. 동일한 파일 및 어셈블리 버전으로 인해 적용되는 내용을 확인할 수 없습니다.
         'Platform:DirectWriteForwarder.dll'과(와) 'Platform:DirectWriteForwarder.dll' 사이에 충돌이 발생했습니다. 동일한 파일 및 어셈블리 버전으로 인해 적용되는 내용을 확인할 수 없습니다.
         'Platform:PresentationCore.dll'과(와) 'Platform:PresentationCore.dll' 사이에 충돌이 발생했습니다. 동일한 파일 및 어셈블리 버전으로 인해 적용되는 내용을 확인할 수 없습니다.
         'Platform:PresentationFramework-SystemCore.dll'과(와) 'Platform:PresentationFramework-SystemCore.dll' 사이에 충돌이 발생했습니다. 동일한 파일 및 어셈블리 버전으로 인해 적용되는 내용을 확인할 수 없습니다.
         'Platform:PresentationFramework-SystemData.dll'과(와) 'Platform:PresentationFramework-SystemData.dll' 사이에 충돌이 발생했습니다. 동일한 파일 및 어셈블리 버전으로 인해 적용되는 내용을 확인할 수 없습니다.
         'Platform:PresentationFramework-SystemDrawing.dll'과(와) 'Platform:PresentationFramework-SystemDrawing.dll' 사이에 충돌이 발생했습니다. 동일한 파일 및 어셈블리 버전으로 인해 적용되는 내용을 확인할 수 없습니다.
         'Platform:PresentationFramework-SystemXml.dll'과(와) 'Platform:PresentationFramework-SystemXml.dll' 사이에 충돌이 발생했습니다. 동일한 파일 및 어셈블리 버전으로 인해 적용되는 내용을 확인할 수 없습니다.
         'Platform:PresentationFramework-SystemXmlLinq.dll'과(와) 'Platform:PresentationFramework-SystemXmlLinq.dll' 사이에 충돌이 발생했습니다. 동일한 파일 및 어셈블리 버전으로 인해 적용되는 내용을 확인할 수 없습니다.
         'Platform:PresentationFramework.Aero.dll'과(와) 'Platform:PresentationFramework.Aero.dll' 사이에 충돌이 발생했습니다. 동일한 파일 및 어셈블리 버전으로 인해 적용되는 내용을 확인할 수 없습니다.
         'Platform:PresentationFramework.Aero2.dll'과(와) 'Platform:PresentationFramework.Aero2.dll' 사이에 충돌이 발생했습니다. 동일한 파일 및 어셈블리 버전으로 인해 적용되는 내용을 확인할 수 없습니다.
         'Platform:PresentationFramework.AeroLite.dll'과(와) 'Platform:PresentationFramework.AeroLite.dll' 사이에 충돌이 발생했습니다. 동일한 파일 및 어셈블리 버전으로 인해 적용되는 내용을 확인할 수 없습니다.
         'Platform:PresentationFramework.Classic.dll'과(와) 'Platform:PresentationFramework.Classic.dll' 사이에 충돌이 발생했습니다. 동일한 파일 및 어셈블리 버전으로 인해 적용되는 내용을 확인할 수 없습니다.
         'Platform:PresentationFramework.Fluent.dll'과(와) 'Platform:PresentationFramework.Fluent.dll' 사이에 충돌이 발생했습니다. 동일한 파일 및 어셈블리 버전으로 인해 적용되는 내용을 확인할 수 없습니다.
         'Platform:PresentationFramework.Luna.dll'과(와) 'Platform:PresentationFramework.Luna.dll' 사이에 충돌이 발생했습니다. 동일한 파일 및 어셈블리 버전으로 인해 적용되는 내용을 확인할 수 없습니다.
         'Platform:PresentationFramework.Royale.dll'과(와) 'Platform:PresentationFramework.Royale.dll' 사이에 충돌이 발생했습니다. 동일한 파일 및 어셈블리 버전으로 인해 적용되는 내용을 확인할 수 없습니다.
         'Platform:PresentationFramework.dll'과(와) 'Platform:PresentationFramework.dll' 사이에 충돌이 발생했습니다. 동일한 파일 및 어셈블리 버전으로 인해 적용되는 내용을 확인할 수 없습니다.
         'Platform:PresentationUI.dll'과(와) 'Platform:PresentationUI.dll' 사이에 충돌이 발생했습니다. 동일한 파일 및 어셈블리 버전으로 인해 적용되는 내용을 확인할 수 없습니다.
         'Platform:ReachFramework.dll'과(와) 'Platform:ReachFramework.dll' 사이에 충돌이 발생했습니다. 동일한 파일 및 어셈블리 버전으로 인해 적용되는 내용을 확인할 수 없습니다.
         'Platform:System.Printing.dll'과(와) 'Platform:System.Printing.dll' 사이에 충돌이 발생했습니다. 동일한 파일 및 어셈블리 버전으로 인해 적용되는 내용을 확인할 수 없습니다.
         'Platform:System.Windows.Controls.Ribbon.dll'과(와) 'Platform:System.Windows.Controls.Ribbon.dll' 사이에 충돌이 발생했습니다. 동일한 파일 및 어셈블리 버전으로 인해 적용되는 내용을 확인할 수 없습니다.
         'Platform:System.Windows.Input.Manipulations.dll'과(와) 'Platform:System.Windows.Input.Manipulations.dll' 사이에 충돌이 발생했습니다. 동일한 파일 및 어셈블리 버전으로 인해 적용되는 내용을 확인할 수 없습니다.
         'Platform:System.Windows.Presentation.dll'과(와) 'Platform:System.Windows.Presentation.dll' 사이에 충돌이 발생했습니다. 동일한 파일 및 어셈블리 버전으로 인해 적용되는 내용을 확인할 수 없습니다.
         'Platform:System.Xaml.dll'과(와) 'Platform:System.Xaml.dll' 사이에 충돌이 발생했습니다. 동일한 파일 및 어셈블리 버전으로 인해 적용되는 내용을 확인할 수 없습니다.
         'Platform:UIAutomationClient.dll'과(와) 'Platform:UIAutomationClient.dll' 사이에 충돌이 발생했습니다. 동일한 파일 및 어셈블리 버전으로 인해 적용되는 내용을 확인할 수 없습니다.
         'Platform:UIAutomationClientSideProviders.dll'과(와) 'Platform:UIAutomationClientSideProviders.dll' 사이에 충돌이 발생했습니다. 동일한 파일 및 어셈블리 버전으로 인해 적용되는 내용을 확인할 수 없습니다.
         'Platform:UIAutomationProvider.dll'과(와) 'Platform:UIAutomationProvider.dll' 사이에 충돌이 발생했습니다. 동일한 파일 및 어셈블리 버전으로 인해 적용되는 내용을 확인할 수 없습니다.
         'Platform:UIAutomationTypes.dll'과(와) 'Platform:UIAutomationTypes.dll' 사이에 충돌이 발생했습니다. 동일한 파일 및 어셈블리 버전으로 인해 적용되는 내용을 확인할 수 없습니다.
         'Platform:WindowsBase.dll'과(와) 'Platform:WindowsBase.dll' 사이에 충돌이 발생했습니다. 동일한 파일 및 어셈블리 버전으로 인해 적용되는 내용을 확인할 수 없습니다.
         'Platform:WindowsFormsIntegration.dll'과(와) 'Platform:WindowsFormsIntegration.dll' 사이에 충돌이 발생했습니다. 동일한 파일 및 어셈블리 버전으로 인해 적용되는 내용을 확인할 수 없습니다.
       "ResolvePackageFileConflicts" 작업을 실행했습니다.
   1:7>"ProtoTestTool.csproj" 프로젝트에 "_HandlePackageFileConflicts" 대상을 빌드했습니다.
       "ResolveTargetingPackAssets" 대상을 건너뜁니다. 이전에 빌드되었습니다.
   1:7>"c:\Work\backup\tcpaop\Tests\ProtoTestTool\ProtoTestTool.csproj" 프로젝트의 "C:\Program Files\dotnet\sdk\9.0.309\Microsoft.Common.CurrentVersion.targets" 파일에 있는 "ResolveAssemblyReferences" 대상("ResolveReferences" 대상이 종속됨):
       "Microsoft.Build.Tasks.Core, Version=15.1.0.0, Culture=neutral, PublicKeyToken=b03f5f7f11d50a3a" 어셈블리에서 "ResolveAssemblyReference" 작업을 사용합니다.
       "ResolveAssemblyReference" 작업
         TargetFrameworkMoniker:
             .NETCoreApp,Version=v9.0
         TargetFrameworkMonikerDisplayName:
             .NET 9.0
         TargetedRuntimeVersion:
             
         Assemblies:
             C:\Users\kentz\.nuget\packages\avalonedit\6.3.0.90\lib\net7.0-windows7.0\ICSharpCode.AvalonEdit.dll
                 Private='false'
                 HintPath='C:\Users\kentz\.nuget\packages\avalonedit\6.3.0.90\lib\net7.0-windows7.0\ICSharpCode.AvalonEdit.dll'
             C:\Users\kentz\.nuget\packages\dotnet.script.core\1.6.0\lib\net9.0\Dotnet.Script.Core.dll
                 Private='false'
                 HintPath='C:\Users\kentz\.nuget\packages\dotnet.script.core\1.6.0\lib\net9.0\Dotnet.Script.Core.dll'
             C:\Users\kentz\.nuget\packages\dotnet.script.dependencymodel\1.6.0\lib\netstandard2.0\Dotnet.Script.DependencyModel.dll
                 Private='false'
                 HintPath='C:\Users\kentz\.nuget\packages\dotnet.script.dependencymodel\1.6.0\lib\netstandard2.0\Dotnet.Script.DependencyModel.dll'
             C:\Users\kentz\.nuget\packages\dotnet.script.dependencymodel.nuget\1.6.0\lib\netstandard2.0\Dotnet.Script.DependencyModel.NuGet.dll
                 Private='false'
                 HintPath='C:\Users\kentz\.nuget\packages\dotnet.script.dependencymodel.nuget\1.6.0\lib\netstandard2.0\Dotnet.Script.DependencyModel.NuGet.dll'
             C:\Users\kentz\.nuget\packages\gapotchenko.fx\2024.1.3\lib\net9.0\Gapotchenko.FX.dll
                 Private='false'
                 HintPath='C:\Users\kentz\.nuget\packages\gapotchenko.fx\2024.1.3\lib\net9.0\Gapotchenko.FX.dll'
             C:\Users\kentz\.nuget\packages\gapotchenko.fx.reflection.loader\2024.1.3\lib\net5.0\Gapotchenko.FX.Reflection.Loader.dll
                 Private='false'
                 HintPath='C:\Users\kentz\.nuget\packages\gapotchenko.fx.reflection.loader\2024.1.3\lib\net5.0\Gapotchenko.FX.Reflection.Loader.dll'
             C:\Users\kentz\.nuget\packages\google.protobuf\3.28.2\lib\net5.0\Google.Protobuf.dll
                 Private='false'
                 HintPath='C:\Users\kentz\.nuget\packages\google.protobuf\3.28.2\lib\net5.0\Google.Protobuf.dll'
             C:\Users\kentz\.nuget\packages\microsoft.bcl.asyncinterfaces\6.0.0\lib\netstandard2.1\Microsoft.Bcl.AsyncInterfaces.dll
                 Private='false'
                 HintPath='C:\Users\kentz\.nuget\packages\microsoft.bcl.asyncinterfaces\6.0.0\lib\netstandard2.1\Microsoft.Bcl.AsyncInterfaces.dll'
             C:\Users\kentz\.nuget\packages\microsoft.codeanalysis.analyzerutilities\3.3.0\lib\netstandard2.0\Microsoft.CodeAnalysis.AnalyzerUtilities.dll
                 Private='false'
                 HintPath='C:\Users\kentz\.nuget\packages\microsoft.codeanalysis.analyzerutilities\3.3.0\lib\netstandard2.0\Microsoft.CodeAnalysis.AnalyzerUtilities.dll'
             C:\Users\kentz\.nuget\packages\microsoft.codeanalysis.common\4.12.0\lib\net8.0\Microsoft.CodeAnalysis.dll
                 Private='false'
                 HintPath='C:\Users\kentz\.nuget\packages\microsoft.codeanalysis.common\4.12.0\lib\net8.0\Microsoft.CodeAnalysis.dll'
             C:\Users\kentz\.nuget\packages\microsoft.codeanalysis.csharp\4.12.0\lib\net8.0\Microsoft.CodeAnalysis.CSharp.dll
                 Private='false'
                 HintPath='C:\Users\kentz\.nuget\packages\microsoft.codeanalysis.csharp\4.12.0\lib\net8.0\Microsoft.CodeAnalysis.CSharp.dll'
             C:\Users\kentz\.nuget\packages\microsoft.codeanalysis.csharp.features\4.12.0\lib\net8.0\Microsoft.CodeAnalysis.CSharp.Features.dll
                 Private='false'
                 HintPath='C:\Users\kentz\.nuget\packages\microsoft.codeanalysis.csharp.features\4.12.0\lib\net8.0\Microsoft.CodeAnalysis.CSharp.Features.dll'
             C:\Users\kentz\.nuget\packages\microsoft.codeanalysis.csharp.scripting\4.12.0\lib\net8.0\Microsoft.CodeAnalysis.CSharp.Scripting.dll
                 Private='false'
                 HintPath='C:\Users\kentz\.nuget\packages\microsoft.codeanalysis.csharp.scripting\4.12.0\lib\net8.0\Microsoft.CodeAnalysis.CSharp.Scripting.dll'
             C:\Users\kentz\.nuget\packages\microsoft.codeanalysis.csharp.workspaces\4.12.0\lib\net8.0\Microsoft.CodeAnalysis.CSharp.Workspaces.dll
                 Private='false'
                 HintPath='C:\Users\kentz\.nuget\packages\microsoft.codeanalysis.csharp.workspaces\4.12.0\lib\net8.0\Microsoft.CodeAnalysis.CSharp.Workspaces.dll'
             C:\Users\kentz\.nuget\packages\microsoft.codeanalysis.elfie\1.0.0\lib\netstandard2.0\Microsoft.CodeAnalysis.Elfie.dll
                 Private='false'
                 HintPath='C:\Users\kentz\.nuget\packages\microsoft.codeanalysis.elfie\1.0.0\lib\netstandard2.0\Microsoft.CodeAnalysis.Elfie.dll'
             C:\Users\kentz\.nuget\packages\microsoft.codeanalysis.features\4.12.0\lib\net8.0\Microsoft.CodeAnalysis.Features.dll
                 Private='false'
                 HintPath='C:\Users\kentz\.nuget\packages\microsoft.codeanalysis.features\4.12.0\lib\net8.0\Microsoft.CodeAnalysis.Features.dll'
             C:\Users\kentz\.nuget\packages\microsoft.codeanalysis.scripting.common\4.12.0\lib\net8.0\Microsoft.CodeAnalysis.Scripting.dll
                 Private='false'
                 HintPath='C:\Users\kentz\.nuget\packages\microsoft.codeanalysis.scripting.common\4.12.0\lib\net8.0\Microsoft.CodeAnalysis.Scripting.dll'
             C:\Users\kentz\.nuget\packages\microsoft.codeanalysis.workspaces.common\4.12.0\lib\net8.0\Microsoft.CodeAnalysis.Workspaces.dll
                 Private='false'
                 HintPath='C:\Users\kentz\.nuget\packages\microsoft.codeanalysis.workspaces.common\4.12.0\lib\net8.0\Microsoft.CodeAnalysis.Workspaces.dll'
             C:\Users\kentz\.nuget\packages\microsoft.data.sqlite.core\10.0.2\lib\net8.0\Microsoft.Data.Sqlite.dll
                 Private='false'
                 HintPath='C:\Users\kentz\.nuget\packages\microsoft.data.sqlite.core\10.0.2\lib\net8.0\Microsoft.Data.Sqlite.dll'
             C:\Users\kentz\.nuget\packages\microsoft.diasymreader\2.0.0\lib\netstandard2.0\Microsoft.DiaSymReader.dll
                 Private='false'
                 HintPath='C:\Users\kentz\.nuget\packages\microsoft.diasymreader\2.0.0\lib\netstandard2.0\Microsoft.DiaSymReader.dll'
             C:\Users\kentz\.nuget\packages\microsoft.dotnet.platformabstractions\3.1.6\lib\netstandard2.0\Microsoft.DotNet.PlatformAbstractions.dll
                 Private='false'
                 HintPath='C:\Users\kentz\.nuget\packages\microsoft.dotnet.platformabstractions\3.1.6\lib\netstandard2.0\Microsoft.DotNet.PlatformAbstractions.dll'
             C:\Users\kentz\.nuget\packages\microsoft.extensions.configuration\9.0.6\lib\net9.0\Microsoft.Extensions.Configuration.dll
                 Private='false'
                 HintPath='C:\Users\kentz\.nuget\packages\microsoft.extensions.configuration\9.0.6\lib\net9.0\Microsoft.Extensions.Configuration.dll'
             C:\Users\kentz\.nuget\packages\microsoft.extensions.configuration.abstractions\9.0.6\lib\net9.0\Microsoft.Extensions.Configuration.Abstractions.dll
                 Private='false'
                 HintPath='C:\Users\kentz\.nuget\packages\microsoft.extensions.configuration.abstractions\9.0.6\lib\net9.0\Microsoft.Extensions.Configuration.Abstractions.dll'
             C:\Users\kentz\.nuget\packages\microsoft.extensions.configuration.binder\9.0.6\lib\net9.0\Microsoft.Extensions.Configuration.Binder.dll
                 Private='false'
                 HintPath='C:\Users\kentz\.nuget\packages\microsoft.extensions.configuration.binder\9.0.6\lib\net9.0\Microsoft.Extensions.Configuration.Binder.dll'
             C:\Users\kentz\.nuget\packages\microsoft.extensions.dependencyinjection\9.0.6\lib\net9.0\Microsoft.Extensions.DependencyInjection.dll
                 Private='false'
                 HintPath='C:\Users\kentz\.nuget\packages\microsoft.extensions.dependencyinjection\9.0.6\lib\net9.0\Microsoft.Extensions.DependencyInjection.dll'
             C:\Users\kentz\.nuget\packages\microsoft.extensions.dependencyinjection.abstractions\9.0.6\lib\net9.0\Microsoft.Extensions.DependencyInjection.Abstractions.dll
                 Private='false'
                 HintPath='C:\Users\kentz\.nuget\packages\microsoft.extensions.dependencyinjection.abstractions\9.0.6\lib\net9.0\Microsoft.Extensions.DependencyInjection.Abstractions.dll'
             C:\Users\kentz\.nuget\packages\microsoft.extensions.logging\9.0.6\lib\net9.0\Microsoft.Extensions.Logging.dll
                 Private='false'
                 HintPath='C:\Users\kentz\.nuget\packages\microsoft.extensions.logging\9.0.6\lib\net9.0\Microsoft.Extensions.Logging.dll'
             C:\Users\kentz\.nuget\packages\microsoft.extensions.logging.abstractions\9.0.6\lib\net9.0\Microsoft.Extensions.Logging.Abstractions.dll
                 Private='false'
                 HintPath='C:\Users\kentz\.nuget\packages\microsoft.extensions.logging.abstractions\9.0.6\lib\net9.0\Microsoft.Extensions.Logging.Abstractions.dll'
             C:\Users\kentz\.nuget\packages\microsoft.extensions.logging.configuration\9.0.6\lib\net9.0\Microsoft.Extensions.Logging.Configuration.dll
                 Private='false'
                 HintPath='C:\Users\kentz\.nuget\packages\microsoft.extensions.logging.configuration\9.0.6\lib\net9.0\Microsoft.Extensions.Logging.Configuration.dll'
             C:\Users\kentz\.nuget\packages\microsoft.extensions.logging.console\9.0.6\lib\net9.0\Microsoft.Extensions.Logging.Console.dll
                 Private='false'
                 HintPath='C:\Users\kentz\.nuget\packages\microsoft.extensions.logging.console\9.0.6\lib\net9.0\Microsoft.Extensions.Logging.Console.dll'
             C:\Users\kentz\.nuget\packages\microsoft.extensions.options\9.0.6\lib\net9.0\Microsoft.Extensions.Options.dll
                 Private='false'
                 HintPath='C:\Users\kentz\.nuget\packages\microsoft.extensions.options\9.0.6\lib\net9.0\Microsoft.Extensions.Options.dll'
             C:\Users\kentz\.nuget\packages\microsoft.extensions.options.configurationextensions\9.0.6\lib\net9.0\Microsoft.Extensions.Options.ConfigurationExtensions.dll
                 Private='false'
                 HintPath='C:\Users\kentz\.nuget\packages\microsoft.extensions.options.configurationextensions\9.0.6\lib\net9.0\Microsoft.Extensions.Options.ConfigurationExtensions.dll'
             C:\Users\kentz\.nuget\packages\microsoft.extensions.primitives\9.0.6\lib\net9.0\Microsoft.Extensions.Primitives.dll
                 Private='false'
                 HintPath='C:\Users\kentz\.nuget\packages\microsoft.extensions.primitives\9.0.6\lib\net9.0\Microsoft.Extensions.Primitives.dll'
             C:\Users\kentz\.nuget\packages\microsoft.visualstudio.threading\17.12.19\lib\net6.0-windows7.0\Microsoft.VisualStudio.Threading.dll
                 Private='false'
                 HintPath='C:\Users\kentz\.nuget\packages\microsoft.visualstudio.threading\17.12.19\lib\net6.0-windows7.0\Microsoft.VisualStudio.Threading.dll'
             C:\Users\kentz\.nuget\packages\microsoft.visualstudio.validation\17.8.8\lib\net6.0\Microsoft.VisualStudio.Validation.dll
                 Private='false'
                 HintPath='C:\Users\kentz\.nuget\packages\microsoft.visualstudio.validation\17.8.8\lib\net6.0\Microsoft.VisualStudio.Validation.dll'
             C:\Users\kentz\.nuget\packages\netcoreserver\8.0.7\lib\net8.0\NetCoreServer.dll
                 Private='false'
                 HintPath='C:\Users\kentz\.nuget\packages\netcoreserver\8.0.7\lib\net8.0\NetCoreServer.dll'
             C:\Users\kentz\.nuget\packages\newtonsoft.json\13.0.3\lib\net6.0\Newtonsoft.Json.dll
                 Private='false'
                 HintPath='C:\Users\kentz\.nuget\packages\newtonsoft.json\13.0.3\lib\net6.0\Newtonsoft.Json.dll'
             C:\Users\kentz\.nuget\packages\nuget.common\6.10.0\lib\netstandard2.0\NuGet.Common.dll
                 Private='false'
                 HintPath='C:\Users\kentz\.nuget\packages\nuget.common\6.10.0\lib\netstandard2.0\NuGet.Common.dll'
             C:\Users\kentz\.nuget\packages\nuget.configuration\6.10.0\lib\netstandard2.0\NuGet.Configuration.dll
                 Private='false'
                 HintPath='C:\Users\kentz\.nuget\packages\nuget.configuration\6.10.0\lib\netstandard2.0\NuGet.Configuration.dll'
             C:\Users\kentz\.nuget\packages\nuget.dependencyresolver.core\6.10.0\lib\net5.0\NuGet.DependencyResolver.Core.dll
                 Private='false'
                 HintPath='C:\Users\kentz\.nuget\packages\nuget.dependencyresolver.core\6.10.0\lib\net5.0\NuGet.DependencyResolver.Core.dll'
             C:\Users\kentz\.nuget\packages\nuget.frameworks\6.10.0\lib\netstandard2.0\NuGet.Frameworks.dll
                 Private='false'
                 HintPath='C:\Users\kentz\.nuget\packages\nuget.frameworks\6.10.0\lib\netstandard2.0\NuGet.Frameworks.dll'
             C:\Users\kentz\.nuget\packages\nuget.librarymodel\6.10.0\lib\netstandard2.0\NuGet.LibraryModel.dll
                 Private='false'
                 HintPath='C:\Users\kentz\.nuget\packages\nuget.librarymodel\6.10.0\lib\netstandard2.0\NuGet.LibraryModel.dll'
             C:\Users\kentz\.nuget\packages\nuget.packaging\6.10.0\lib\net5.0\NuGet.Packaging.dll
                 Private='false'
                 HintPath='C:\Users\kentz\.nuget\packages\nuget.packaging\6.10.0\lib\net5.0\NuGet.Packaging.dll'
             C:\Users\kentz\.nuget\packages\nuget.projectmodel\6.10.0\lib\net5.0\NuGet.ProjectModel.dll
                 Private='false'
                 HintPath='C:\Users\kentz\.nuget\packages\nuget.projectmodel\6.10.0\lib\net5.0\NuGet.ProjectModel.dll'
             C:\Users\kentz\.nuget\packages\nuget.protocol\6.10.0\lib\net5.0\NuGet.Protocol.dll
                 Private='false'
                 HintPath='C:\Users\kentz\.nuget\packages\nuget.protocol\6.10.0\lib\net5.0\NuGet.Protocol.dll'
             C:\Users\kentz\.nuget\packages\nuget.versioning\6.10.0\lib\netstandard2.0\NuGet.Versioning.dll
                 Private='false'
                 HintPath='C:\Users\kentz\.nuget\packages\nuget.versioning\6.10.0\lib\netstandard2.0\NuGet.Versioning.dll'
             C:\Users\kentz\.nuget\packages\readline\2.0.1\lib\netstandard2.0\ReadLine.dll
                 Private='false'
                 HintPath='C:\Users\kentz\.nuget\packages\readline\2.0.1\lib\netstandard2.0\ReadLine.dll'
             C:\Users\kentz\.nuget\packages\roslynpad.editor.windows\4.12.1\lib\net8.0-windows7.0\RoslynPad.Editor.Windows.dll
                 Private='false'
                 HintPath='C:\Users\kentz\.nuget\packages\roslynpad.editor.windows\4.12.1\lib\net8.0-windows7.0\RoslynPad.Editor.Windows.dll'
             C:\Users\kentz\.nuget\packages\roslynpad.roslyn\4.12.1\lib\net8.0\Microsoft.CodeAnalysis.LanguageServer.Protocol.dll
                 Private='false'
                 HintPath='C:\Users\kentz\.nuget\packages\roslynpad.roslyn\4.12.1\lib\net8.0\Microsoft.CodeAnalysis.LanguageServer.Protocol.dll'
             C:\Users\kentz\.nuget\packages\roslynpad.roslyn\4.12.1\lib\net8.0\RoslynPad.Roslyn.dll
                 Private='false'
                 HintPath='C:\Users\kentz\.nuget\packages\roslynpad.roslyn\4.12.1\lib\net8.0\RoslynPad.Roslyn.dll'
             C:\Users\kentz\.nuget\packages\roslynpad.roslyn.windows\4.12.1\lib\net8.0-windows7.0\RoslynPad.Roslyn.Windows.dll
                 Private='false'
                 HintPath='C:\Users\kentz\.nuget\packages\roslynpad.roslyn.windows\4.12.1\lib\net8.0-windows7.0\RoslynPad.Roslyn.Windows.dll'
             C:\Users\kentz\.nuget\packages\roslynpad.themes\4.12.1\lib\net8.0\RoslynPad.Themes.dll
                 Private='false'
                 HintPath='C:\Users\kentz\.nuget\packages\roslynpad.themes\4.12.1\lib\net8.0\RoslynPad.Themes.dll'
             C:\Users\kentz\.nuget\packages\sqlitepclraw.bundle_e_sqlite3\2.1.11\lib\netstandard2.0\SQLitePCLRaw.batteries_v2.dll
                 Private='false'
                 HintPath='C:\Users\kentz\.nuget\packages\sqlitepclraw.bundle_e_sqlite3\2.1.11\lib\netstandard2.0\SQLitePCLRaw.batteries_v2.dll'
             C:\Users\kentz\.nuget\packages\sqlitepclraw.core\2.1.11\lib\netstandard2.0\SQLitePCLRaw.core.dll
                 Private='false'
                 HintPath='C:\Users\kentz\.nuget\packages\sqlitepclraw.core\2.1.11\lib\netstandard2.0\SQLitePCLRaw.core.dll'
             C:\Users\kentz\.nuget\packages\sqlitepclraw.provider.e_sqlite3\2.1.11\lib\net6.0-windows7.0\SQLitePCLRaw.provider.e_sqlite3.dll
                 Private='false'
                 HintPath='C:\Users\kentz\.nuget\packages\sqlitepclraw.provider.e_sqlite3\2.1.11\lib\net6.0-windows7.0\SQLitePCLRaw.provider.e_sqlite3.dll'
             C:\Users\kentz\.nuget\packages\system.composition.attributedmodel\9.0.1\lib\net9.0\System.Composition.AttributedModel.dll
                 Private='false'
                 HintPath='C:\Users\kentz\.nuget\packages\system.composition.attributedmodel\9.0.1\lib\net9.0\System.Composition.AttributedModel.dll'
             C:\Users\kentz\.nuget\packages\system.composition.convention\9.0.1\lib\net9.0\System.Composition.Convention.dll
                 Private='false'
                 HintPath='C:\Users\kentz\.nuget\packages\system.composition.convention\9.0.1\lib\net9.0\System.Composition.Convention.dll'
             C:\Users\kentz\.nuget\packages\system.composition.hosting\9.0.1\lib\net9.0\System.Composition.Hosting.dll
                 Private='false'
                 HintPath='C:\Users\kentz\.nuget\packages\system.composition.hosting\9.0.1\lib\net9.0\System.Composition.Hosting.dll'
             C:\Users\kentz\.nuget\packages\system.composition.runtime\9.0.1\lib\net9.0\System.Composition.Runtime.dll
                 Private='false'
                 HintPath='C:\Users\kentz\.nuget\packages\system.composition.runtime\9.0.1\lib\net9.0\System.Composition.Runtime.dll'
             C:\Users\kentz\.nuget\packages\system.composition.typedparts\9.0.1\lib\net9.0\System.Composition.TypedParts.dll
                 Private='false'
                 HintPath='C:\Users\kentz\.nuget\packages\system.composition.typedparts\9.0.1\lib\net9.0\System.Composition.TypedParts.dll'
             C:\Users\kentz\.nuget\packages\system.linq.async\6.0.1\ref\net6.0\System.Linq.Async.dll
                 Private='false'
                 HintPath='C:\Users\kentz\.nuget\packages\system.linq.async\6.0.1\ref\net6.0\System.Linq.Async.dll'
             C:\Users\kentz\.nuget\packages\system.reactive\6.0.1\lib\net6.0\System.Reactive.dll
                 Private='false'
                 HintPath='C:\Users\kentz\.nuget\packages\system.reactive\6.0.1\lib\net6.0\System.Reactive.dll'
             C:\Users\kentz\.nuget\packages\system.reactive.linq\6.0.1\lib\netstandard2.0\System.Reactive.Linq.dll
                 Private='false'
                 HintPath='C:\Users\kentz\.nuget\packages\system.reactive.linq\6.0.1\lib\netstandard2.0\System.Reactive.Linq.dll'
             C:\Users\kentz\.nuget\packages\system.reflection.metadataloadcontext\9.0.1\lib\net9.0\System.Reflection.MetadataLoadContext.dll
                 Private='false'
                 HintPath='C:\Users\kentz\.nuget\packages\system.reflection.metadataloadcontext\9.0.1\lib\net9.0\System.Reflection.MetadataLoadContext.dll'
             C:\Program Files\dotnet\packs\Microsoft.NETCore.App.Ref\9.0.12\ref/net9.0/Microsoft.CSharp.dll
                 Private='false'
             C:\Program Files\dotnet\packs\Microsoft.NETCore.App.Ref\9.0.12\ref/net9.0/Microsoft.VisualBasic.Core.dll
                 Private='false'
             C:\Program Files\dotnet\packs\Microsoft.NETCore.App.Ref\9.0.12\ref/net9.0/Microsoft.Win32.Primitives.dll
                 Private='false'
             C:\Program Files\dotnet\packs\Microsoft.NETCore.App.Ref\9.0.12\ref/net9.0/Microsoft.Win32.Registry.dll
                 Private='false'
             C:\Program Files\dotnet\packs\Microsoft.NETCore.App.Ref\9.0.12\ref/net9.0/System.AppContext.dll
                 Private='false'
             C:\Program Files\dotnet\packs\Microsoft.NETCore.App.Ref\9.0.12\ref/net9.0/System.Buffers.dll
                 Private='false'
             C:\Program Files\dotnet\packs\Microsoft.NETCore.App.Ref\9.0.12\ref/net9.0/System.Collections.Concurrent.dll
                 Private='false'
             C:\Program Files\dotnet\packs\Microsoft.NETCore.App.Ref\9.0.12\ref/net9.0/System.Collections.Immutable.dll
                 Private='false'
             C:\Program Files\dotnet\packs\Microsoft.NETCore.App.Ref\9.0.12\ref/net9.0/System.Collections.NonGeneric.dll
                 Private='false'
             C:\Program Files\dotnet\packs\Microsoft.NETCore.App.Ref\9.0.12\ref/net9.0/System.Collections.Specialized.dll
                 Private='false'
             C:\Program Files\dotnet\packs\Microsoft.NETCore.App.Ref\9.0.12\ref/net9.0/System.Collections.dll
                 Private='false'
             C:\Program Files\dotnet\packs\Microsoft.NETCore.App.Ref\9.0.12\ref/net9.0/System.ComponentModel.Annotations.dll
                 Private='false'
             C:\Program Files\dotnet\packs\Microsoft.NETCore.App.Ref\9.0.12\ref/net9.0/System.ComponentModel.DataAnnotations.dll
                 Private='false'
             C:\Program Files\dotnet\packs\Microsoft.NETCore.App.Ref\9.0.12\ref/net9.0/System.ComponentModel.EventBasedAsync.dll
                 Private='false'
             C:\Program Files\dotnet\packs\Microsoft.NETCore.App.Ref\9.0.12\ref/net9.0/System.ComponentModel.Primitives.dll
                 Private='false'
             C:\Program Files\dotnet\packs\Microsoft.NETCore.App.Ref\9.0.12\ref/net9.0/System.ComponentModel.TypeConverter.dll
                 Private='false'
             C:\Program Files\dotnet\packs\Microsoft.NETCore.App.Ref\9.0.12\ref/net9.0/System.ComponentModel.dll
                 Private='false'
             C:\Program Files\dotnet\packs\Microsoft.NETCore.App.Ref\9.0.12\ref/net9.0/System.Configuration.dll
                 Private='false'
             C:\Program Files\dotnet\packs\Microsoft.NETCore.App.Ref\9.0.12\ref/net9.0/System.Console.dll
                 Private='false'
             C:\Program Files\dotnet\packs\Microsoft.NETCore.App.Ref\9.0.12\ref/net9.0/System.Core.dll
                 Private='false'
             C:\Program Files\dotnet\packs\Microsoft.NETCore.App.Ref\9.0.12\ref/net9.0/System.Data.Common.dll
                 Private='false'
             C:\Program Files\dotnet\packs\Microsoft.NETCore.App.Ref\9.0.12\ref/net9.0/System.Data.DataSetExtensions.dll
                 Private='false'
             C:\Program Files\dotnet\packs\Microsoft.NETCore.App.Ref\9.0.12\ref/net9.0/System.Data.dll
                 Private='false'
             C:\Program Files\dotnet\packs\Microsoft.NETCore.App.Ref\9.0.12\ref/net9.0/System.Diagnostics.Contracts.dll
                 Private='false'
             C:\Program Files\dotnet\packs\Microsoft.NETCore.App.Ref\9.0.12\ref/net9.0/System.Diagnostics.Debug.dll
                 Private='false'
             C:\Program Files\dotnet\packs\Microsoft.NETCore.App.Ref\9.0.12\ref/net9.0/System.Diagnostics.DiagnosticSource.dll
                 Private='false'
             C:\Program Files\dotnet\packs\Microsoft.NETCore.App.Ref\9.0.12\ref/net9.0/System.Diagnostics.FileVersionInfo.dll
                 Private='false'
             C:\Program Files\dotnet\packs\Microsoft.NETCore.App.Ref\9.0.12\ref/net9.0/System.Diagnostics.Process.dll
                 Private='false'
             C:\Program Files\dotnet\packs\Microsoft.NETCore.App.Ref\9.0.12\ref/net9.0/System.Diagnostics.StackTrace.dll
                 Private='false'
             C:\Program Files\dotnet\packs\Microsoft.NETCore.App.Ref\9.0.12\ref/net9.0/System.Diagnostics.TextWriterTraceListener.dll
                 Private='false'
             C:\Program Files\dotnet\packs\Microsoft.NETCore.App.Ref\9.0.12\ref/net9.0/System.Diagnostics.Tools.dll
                 Private='false'
             C:\Program Files\dotnet\packs\Microsoft.NETCore.App.Ref\9.0.12\ref/net9.0/System.Diagnostics.TraceSource.dll
                 Private='false'
             C:\Program Files\dotnet\packs\Microsoft.NETCore.App.Ref\9.0.12\ref/net9.0/System.Diagnostics.Tracing.dll
                 Private='false'
             C:\Program Files\dotnet\packs\Microsoft.NETCore.App.Ref\9.0.12\ref/net9.0/System.Drawing.Primitives.dll
                 Private='false'
             C:\Program Files\dotnet\packs\Microsoft.NETCore.App.Ref\9.0.12\ref/net9.0/System.Dynamic.Runtime.dll
                 Private='false'
             C:\Program Files\dotnet\packs\Microsoft.NETCore.App.Ref\9.0.12\ref/net9.0/System.Formats.Asn1.dll
                 Private='false'
             C:\Program Files\dotnet\packs\Microsoft.NETCore.App.Ref\9.0.12\ref/net9.0/System.Formats.Tar.dll
                 Private='false'
             C:\Program Files\dotnet\packs\Microsoft.NETCore.App.Ref\9.0.12\ref/net9.0/System.Globalization.Calendars.dll
                 Private='false'
             C:\Program Files\dotnet\packs\Microsoft.NETCore.App.Ref\9.0.12\ref/net9.0/System.Globalization.Extensions.dll
                 Private='false'
             C:\Program Files\dotnet\packs\Microsoft.NETCore.App.Ref\9.0.12\ref/net9.0/System.Globalization.dll
                 Private='false'
             C:\Program Files\dotnet\packs\Microsoft.NETCore.App.Ref\9.0.12\ref/net9.0/System.IO.Compression.Brotli.dll
                 Private='false'
             C:\Program Files\dotnet\packs\Microsoft.NETCore.App.Ref\9.0.12\ref/net9.0/System.IO.Compression.FileSystem.dll
                 Private='false'
             C:\Program Files\dotnet\packs\Microsoft.NETCore.App.Ref\9.0.12\ref/net9.0/System.IO.Compression.ZipFile.dll
                 Private='false'
             C:\Program Files\dotnet\packs\Microsoft.NETCore.App.Ref\9.0.12\ref/net9.0/System.IO.Compression.dll
                 Private='false'
             C:\Program Files\dotnet\packs\Microsoft.NETCore.App.Ref\9.0.12\ref/net9.0/System.IO.FileSystem.AccessControl.dll
                 Private='false'
             C:\Program Files\dotnet\packs\Microsoft.NETCore.App.Ref\9.0.12\ref/net9.0/System.IO.FileSystem.DriveInfo.dll
                 Private='false'
             C:\Program Files\dotnet\packs\Microsoft.NETCore.App.Ref\9.0.12\ref/net9.0/System.IO.FileSystem.Primitives.dll
                 Private='false'
             C:\Program Files\dotnet\packs\Microsoft.NETCore.App.Ref\9.0.12\ref/net9.0/System.IO.FileSystem.Watcher.dll
                 Private='false'
             C:\Program Files\dotnet\packs\Microsoft.NETCore.App.Ref\9.0.12\ref/net9.0/System.IO.FileSystem.dll
                 Private='false'
             C:\Program Files\dotnet\packs\Microsoft.NETCore.App.Ref\9.0.12\ref/net9.0/System.IO.IsolatedStorage.dll
                 Private='false'
             C:\Program Files\dotnet\packs\Microsoft.NETCore.App.Ref\9.0.12\ref/net9.0/System.IO.MemoryMappedFiles.dll
                 Private='false'
             C:\Program Files\dotnet\packs\Microsoft.NETCore.App.Ref\9.0.12\ref/net9.0/System.IO.Pipelines.dll
                 Private='false'
             C:\Program Files\dotnet\packs\Microsoft.NETCore.App.Ref\9.0.12\ref/net9.0/System.IO.Pipes.AccessControl.dll
                 Private='false'
             C:\Program Files\dotnet\packs\Microsoft.NETCore.App.Ref\9.0.12\ref/net9.0/System.IO.Pipes.dll
                 Private='false'
             C:\Program Files\dotnet\packs\Microsoft.NETCore.App.Ref\9.0.12\ref/net9.0/System.IO.UnmanagedMemoryStream.dll
                 Private='false'
             C:\Program Files\dotnet\packs\Microsoft.NETCore.App.Ref\9.0.12\ref/net9.0/System.IO.dll
                 Private='false'
             C:\Program Files\dotnet\packs\Microsoft.NETCore.App.Ref\9.0.12\ref/net9.0/System.Linq.Expressions.dll
                 Private='false'
             C:\Program Files\dotnet\packs\Microsoft.NETCore.App.Ref\9.0.12\ref/net9.0/System.Linq.Parallel.dll
                 Private='false'
             C:\Program Files\dotnet\packs\Microsoft.NETCore.App.Ref\9.0.12\ref/net9.0/System.Linq.Queryable.dll
                 Private='false'
             C:\Program Files\dotnet\packs\Microsoft.NETCore.App.Ref\9.0.12\ref/net9.0/System.Linq.dll
                 Private='false'
             C:\Program Files\dotnet\packs\Microsoft.NETCore.App.Ref\9.0.12\ref/net9.0/System.Memory.dll
                 Private='false'
             C:\Program Files\dotnet\packs\Microsoft.NETCore.App.Ref\9.0.12\ref/net9.0/System.Net.Http.Json.dll
                 Private='false'
             C:\Program Files\dotnet\packs\Microsoft.NETCore.App.Ref\9.0.12\ref/net9.0/System.Net.Http.dll
                 Private='false'
             C:\Program Files\dotnet\packs\Microsoft.NETCore.App.Ref\9.0.12\ref/net9.0/System.Net.HttpListener.dll
                 Private='false'
             C:\Program Files\dotnet\packs\Microsoft.NETCore.App.Ref\9.0.12\ref/net9.0/System.Net.Mail.dll
                 Private='false'
             C:\Program Files\dotnet\packs\Microsoft.NETCore.App.Ref\9.0.12\ref/net9.0/System.Net.NameResolution.dll
                 Private='false'
             C:\Program Files\dotnet\packs\Microsoft.NETCore.App.Ref\9.0.12\ref/net9.0/System.Net.NetworkInformation.dll
                 Private='false'
             C:\Program Files\dotnet\packs\Microsoft.NETCore.App.Ref\9.0.12\ref/net9.0/System.Net.Ping.dll
                 Private='false'
             C:\Program Files\dotnet\packs\Microsoft.NETCore.App.Ref\9.0.12\ref/net9.0/System.Net.Primitives.dll
                 Private='false'
             C:\Program Files\dotnet\packs\Microsoft.NETCore.App.Ref\9.0.12\ref/net9.0/System.Net.Quic.dll
                 Private='false'
             C:\Program Files\dotnet\packs\Microsoft.NETCore.App.Ref\9.0.12\ref/net9.0/System.Net.Requests.dll
                 Private='false'
             C:\Program Files\dotnet\packs\Microsoft.NETCore.App.Ref\9.0.12\ref/net9.0/System.Net.Security.dll
                 Private='false'
             C:\Program Files\dotnet\packs\Microsoft.NETCore.App.Ref\9.0.12\ref/net9.0/System.Net.ServicePoint.dll
                 Private='false'
             C:\Program Files\dotnet\packs\Microsoft.NETCore.App.Ref\9.0.12\ref/net9.0/System.Net.Sockets.dll
                 Private='false'
             C:\Program Files\dotnet\packs\Microsoft.NETCore.App.Ref\9.0.12\ref/net9.0/System.Net.WebClient.dll
                 Private='false'
             C:\Program Files\dotnet\packs\Microsoft.NETCore.App.Ref\9.0.12\ref/net9.0/System.Net.WebHeaderCollection.dll
                 Private='false'
             C:\Program Files\dotnet\packs\Microsoft.NETCore.App.Ref\9.0.12\ref/net9.0/System.Net.WebProxy.dll
                 Private='false'
             C:\Program Files\dotnet\packs\Microsoft.NETCore.App.Ref\9.0.12\ref/net9.0/System.Net.WebSockets.Client.dll
                 Private='false'
             C:\Program Files\dotnet\packs\Microsoft.NETCore.App.Ref\9.0.12\ref/net9.0/System.Net.WebSockets.dll
                 Private='false'
             C:\Program Files\dotnet\packs\Microsoft.NETCore.App.Ref\9.0.12\ref/net9.0/System.Net.dll
                 Private='false'
             C:\Program Files\dotnet\packs\Microsoft.NETCore.App.Ref\9.0.12\ref/net9.0/System.Numerics.Vectors.dll
                 Private='false'
             C:\Program Files\dotnet\packs\Microsoft.NETCore.App.Ref\9.0.12\ref/net9.0/System.Numerics.dll
                 Private='false'
             C:\Program Files\dotnet\packs\Microsoft.NETCore.App.Ref\9.0.12\ref/net9.0/System.ObjectModel.dll
                 Private='false'
             C:\Program Files\dotnet\packs\Microsoft.NETCore.App.Ref\9.0.12\ref/net9.0/System.Reflection.DispatchProxy.dll
                 Private='false'
             C:\Program Files\dotnet\packs\Microsoft.NETCore.App.Ref\9.0.12\ref/net9.0/System.Reflection.Emit.ILGeneration.dll
                 Private='false'
             C:\Program Files\dotnet\packs\Microsoft.NETCore.App.Ref\9.0.12\ref/net9.0/System.Reflection.Emit.Lightweight.dll
                 Private='false'
             C:\Program Files\dotnet\packs\Microsoft.NETCore.App.Ref\9.0.12\ref/net9.0/System.Reflection.Emit.dll
                 Private='false'
             C:\Program Files\dotnet\packs\Microsoft.NETCore.App.Ref\9.0.12\ref/net9.0/System.Reflection.Extensions.dll
                 Private='false'
             C:\Program Files\dotnet\packs\Microsoft.NETCore.App.Ref\9.0.12\ref/net9.0/System.Reflection.Metadata.dll
                 Private='false'
             C:\Program Files\dotnet\packs\Microsoft.NETCore.App.Ref\9.0.12\ref/net9.0/System.Reflection.Primitives.dll
                 Private='false'
             C:\Program Files\dotnet\packs\Microsoft.NETCore.App.Ref\9.0.12\ref/net9.0/System.Reflection.TypeExtensions.dll
                 Private='false'
             C:\Program Files\dotnet\packs\Microsoft.NETCore.App.Ref\9.0.12\ref/net9.0/System.Reflection.dll
                 Private='false'
             C:\Program Files\dotnet\packs\Microsoft.NETCore.App.Ref\9.0.12\ref/net9.0/System.Resources.Reader.dll
                 Private='false'
             C:\Program Files\dotnet\packs\Microsoft.NETCore.App.Ref\9.0.12\ref/net9.0/System.Resources.ResourceManager.dll
                 Private='false'
             C:\Program Files\dotnet\packs\Microsoft.NETCore.App.Ref\9.0.12\ref/net9.0/System.Resources.Writer.dll
                 Private='false'
             C:\Program Files\dotnet\packs\Microsoft.NETCore.App.Ref\9.0.12\ref/net9.0/System.Runtime.CompilerServices.Unsafe.dll
                 Private='false'
             C:\Program Files\dotnet\packs\Microsoft.NETCore.App.Ref\9.0.12\ref/net9.0/System.Runtime.CompilerServices.VisualC.dll
                 Private='false'
             C:\Program Files\dotnet\packs\Microsoft.NETCore.App.Ref\9.0.12\ref/net9.0/System.Runtime.Extensions.dll
                 Private='false'
             C:\Program Files\dotnet\packs\Microsoft.NETCore.App.Ref\9.0.12\ref/net9.0/System.Runtime.Handles.dll
                 Private='false'
             C:\Program Files\dotnet\packs\Microsoft.NETCore.App.Ref\9.0.12\ref/net9.0/System.Runtime.InteropServices.JavaScript.dll
                 Private='false'
             C:\Program Files\dotnet\packs\Microsoft.NETCore.App.Ref\9.0.12\ref/net9.0/System.Runtime.InteropServices.RuntimeInformation.dll
                 Private='false'
             C:\Program Files\dotnet\packs\Microsoft.NETCore.App.Ref\9.0.12\ref/net9.0/System.Runtime.InteropServices.dll
                 Private='false'
             C:\Program Files\dotnet\packs\Microsoft.NETCore.App.Ref\9.0.12\ref/net9.0/System.Runtime.Intrinsics.dll
                 Private='false'
             C:\Program Files\dotnet\packs\Microsoft.NETCore.App.Ref\9.0.12\ref/net9.0/System.Runtime.Loader.dll
                 Private='false'
             C:\Program Files\dotnet\packs\Microsoft.NETCore.App.Ref\9.0.12\ref/net9.0/System.Runtime.Numerics.dll
                 Private='false'
             C:\Program Files\dotnet\packs\Microsoft.NETCore.App.Ref\9.0.12\ref/net9.0/System.Runtime.Serialization.Formatters.dll
                 Private='false'
             C:\Program Files\dotnet\packs\Microsoft.NETCore.App.Ref\9.0.12\ref/net9.0/System.Runtime.Serialization.Json.dll
                 Private='false'
             C:\Program Files\dotnet\packs\Microsoft.NETCore.App.Ref\9.0.12\ref/net9.0/System.Runtime.Serialization.Primitives.dll
                 Private='false'
             C:\Program Files\dotnet\packs\Microsoft.NETCore.App.Ref\9.0.12\ref/net9.0/System.Runtime.Serialization.Xml.dll
                 Private='false'
             C:\Program Files\dotnet\packs\Microsoft.NETCore.App.Ref\9.0.12\ref/net9.0/System.Runtime.Serialization.dll
                 Private='false'
             C:\Program Files\dotnet\packs\Microsoft.NETCore.App.Ref\9.0.12\ref/net9.0/System.Runtime.dll
                 Private='false'
             C:\Program Files\dotnet\packs\Microsoft.NETCore.App.Ref\9.0.12\ref/net9.0/System.Security.AccessControl.dll
                 Private='false'
             C:\Program Files\dotnet\packs\Microsoft.NETCore.App.Ref\9.0.12\ref/net9.0/System.Security.Claims.dll
                 Private='false'
             C:\Program Files\dotnet\packs\Microsoft.NETCore.App.Ref\9.0.12\ref/net9.0/System.Security.Cryptography.Algorithms.dll
                 Private='false'
             C:\Program Files\dotnet\packs\Microsoft.NETCore.App.Ref\9.0.12\ref/net9.0/System.Security.Cryptography.Cng.dll
                 Private='false'
             C:\Program Files\dotnet\packs\Microsoft.NETCore.App.Ref\9.0.12\ref/net9.0/System.Security.Cryptography.Csp.dll
                 Private='false'
             C:\Program Files\dotnet\packs\Microsoft.NETCore.App.Ref\9.0.12\ref/net9.0/System.Security.Cryptography.Encoding.dll
                 Private='false'
             C:\Program Files\dotnet\packs\Microsoft.NETCore.App.Ref\9.0.12\ref/net9.0/System.Security.Cryptography.OpenSsl.dll
                 Private='false'
             C:\Program Files\dotnet\packs\Microsoft.NETCore.App.Ref\9.0.12\ref/net9.0/System.Security.Cryptography.Primitives.dll
                 Private='false'
             C:\Program Files\dotnet\packs\Microsoft.NETCore.App.Ref\9.0.12\ref/net9.0/System.Security.Cryptography.X509Certificates.dll
                 Private='false'
             C:\Program Files\dotnet\packs\Microsoft.NETCore.App.Ref\9.0.12\ref/net9.0/System.Security.Cryptography.dll
                 Private='false'
             C:\Program Files\dotnet\packs\Microsoft.NETCore.App.Ref\9.0.12\ref/net9.0/System.Security.Principal.Windows.dll
                 Private='false'
             C:\Program Files\dotnet\packs\Microsoft.NETCore.App.Ref\9.0.12\ref/net9.0/System.Security.Principal.dll
                 Private='false'
             C:\Program Files\dotnet\packs\Microsoft.NETCore.App.Ref\9.0.12\ref/net9.0/System.Security.SecureString.dll
                 Private='false'
             C:\Program Files\dotnet\packs\Microsoft.NETCore.App.Ref\9.0.12\ref/net9.0/System.Security.dll
                 Private='false'
             C:\Program Files\dotnet\packs\Microsoft.NETCore.App.Ref\9.0.12\ref/net9.0/System.ServiceModel.Web.dll
                 Private='false'
             C:\Program Files\dotnet\packs\Microsoft.NETCore.App.Ref\9.0.12\ref/net9.0/System.ServiceProcess.dll
                 Private='false'
             C:\Program Files\dotnet\packs\Microsoft.NETCore.App.Ref\9.0.12\ref/net9.0/System.Text.Encoding.CodePages.dll
                 Private='false'
             C:\Program Files\dotnet\packs\Microsoft.NETCore.App.Ref\9.0.12\ref/net9.0/System.Text.Encoding.Extensions.dll
                 Private='false'
             C:\Program Files\dotnet\packs\Microsoft.NETCore.App.Ref\9.0.12\ref/net9.0/System.Text.Encoding.dll
                 Private='false'
             C:\Program Files\dotnet\packs\Microsoft.NETCore.App.Ref\9.0.12\ref/net9.0/System.Text.Encodings.Web.dll
                 Private='false'
             C:\Program Files\dotnet\packs\Microsoft.NETCore.App.Ref\9.0.12\ref/net9.0/System.Text.Json.dll
                 Private='false'
             C:\Program Files\dotnet\packs\Microsoft.NETCore.App.Ref\9.0.12\ref/net9.0/System.Text.RegularExpressions.dll
                 Private='false'
             C:\Program Files\dotnet\packs\Microsoft.NETCore.App.Ref\9.0.12\ref/net9.0/System.Threading.Channels.dll
                 Private='false'
             C:\Program Files\dotnet\packs\Microsoft.NETCore.App.Ref\9.0.12\ref/net9.0/System.Threading.Overlapped.dll
                 Private='false'
             C:\Program Files\dotnet\packs\Microsoft.NETCore.App.Ref\9.0.12\ref/net9.0/System.Threading.Tasks.Dataflow.dll
                 Private='false'
             C:\Program Files\dotnet\packs\Microsoft.NETCore.App.Ref\9.0.12\ref/net9.0/System.Threading.Tasks.Extensions.dll
                 Private='false'
             C:\Program Files\dotnet\packs\Microsoft.NETCore.App.Ref\9.0.12\ref/net9.0/System.Threading.Tasks.Parallel.dll
                 Private='false'
             C:\Program Files\dotnet\packs\Microsoft.NETCore.App.Ref\9.0.12\ref/net9.0/System.Threading.Tasks.dll
                 Private='false'
             C:\Program Files\dotnet\packs\Microsoft.NETCore.App.Ref\9.0.12\ref/net9.0/System.Threading.Thread.dll
                 Private='false'
             C:\Program Files\dotnet\packs\Microsoft.NETCore.App.Ref\9.0.12\ref/net9.0/System.Threading.ThreadPool.dll
                 Private='false'
             C:\Program Files\dotnet\packs\Microsoft.NETCore.App.Ref\9.0.12\ref/net9.0/System.Threading.Timer.dll
                 Private='false'
             C:\Program Files\dotnet\packs\Microsoft.NETCore.App.Ref\9.0.12\ref/net9.0/System.Threading.dll
                 Private='false'
             C:\Program Files\dotnet\packs\Microsoft.NETCore.App.Ref\9.0.12\ref/net9.0/System.Transactions.Local.dll
                 Private='false'
             C:\Program Files\dotnet\packs\Microsoft.NETCore.App.Ref\9.0.12\ref/net9.0/System.Transactions.dll
                 Private='false'
             C:\Program Files\dotnet\packs\Microsoft.NETCore.App.Ref\9.0.12\ref/net9.0/System.ValueTuple.dll
                 Private='false'
             C:\Program Files\dotnet\packs\Microsoft.NETCore.App.Ref\9.0.12\ref/net9.0/System.Web.HttpUtility.dll
                 Private='false'
             C:\Program Files\dotnet\packs\Microsoft.NETCore.App.Ref\9.0.12\ref/net9.0/System.Web.dll
                 Private='false'
             C:\Program Files\dotnet\packs\Microsoft.NETCore.App.Ref\9.0.12\ref/net9.0/System.Windows.dll
                 Private='false'
             C:\Program Files\dotnet\packs\Microsoft.NETCore.App.Ref\9.0.12\ref/net9.0/System.Xml.Linq.dll
                 Private='false'
             C:\Program Files\dotnet\packs\Microsoft.NETCore.App.Ref\9.0.12\ref/net9.0/System.Xml.ReaderWriter.dll
                 Private='false'
             C:\Program Files\dotnet\packs\Microsoft.NETCore.App.Ref\9.0.12\ref/net9.0/System.Xml.Serialization.dll
                 Private='false'
             C:\Program Files\dotnet\packs\Microsoft.NETCore.App.Ref\9.0.12\ref/net9.0/System.Xml.XDocument.dll
                 Private='false'
             C:\Program Files\dotnet\packs\Microsoft.NETCore.App.Ref\9.0.12\ref/net9.0/System.Xml.XPath.XDocument.dll
                 Private='false'
             C:\Program Files\dotnet\packs\Microsoft.NETCore.App.Ref\9.0.12\ref/net9.0/System.Xml.XPath.dll
                 Private='false'
             C:\Program Files\dotnet\packs\Microsoft.NETCore.App.Ref\9.0.12\ref/net9.0/System.Xml.XmlDocument.dll
                 Private='false'
             C:\Program Files\dotnet\packs\Microsoft.NETCore.App.Ref\9.0.12\ref/net9.0/System.Xml.XmlSerializer.dll
                 Private='false'
             C:\Program Files\dotnet\packs\Microsoft.NETCore.App.Ref\9.0.12\ref/net9.0/System.Xml.dll
                 Private='false'
             C:\Program Files\dotnet\packs\Microsoft.NETCore.App.Ref\9.0.12\ref/net9.0/System.dll
                 Private='false'
             C:\Program Files\dotnet\packs\Microsoft.NETCore.App.Ref\9.0.12\ref/net9.0/mscorlib.dll
                 Private='false'
             C:\Program Files\dotnet\packs\Microsoft.NETCore.App.Ref\9.0.12\ref/net9.0/netstandard.dll
                 Private='false'
             C:\Program Files\dotnet\packs\Microsoft.WindowsDesktop.App.Ref\9.0.12\ref/net9.0/Accessibility.dll
                 Private='false'
             C:\Program Files\dotnet\packs\Microsoft.WindowsDesktop.App.Ref\9.0.12\ref/net9.0/Microsoft.Win32.Registry.AccessControl.dll
                 Private='false'
             C:\Program Files\dotnet\packs\Microsoft.WindowsDesktop.App.Ref\9.0.12\ref/net9.0/Microsoft.Win32.SystemEvents.dll
                 Private='false'
             C:\Program Files\dotnet\packs\Microsoft.WindowsDesktop.App.Ref\9.0.12\ref/net9.0/PresentationCore.dll
                 Private='false'
             C:\Program Files\dotnet\packs\Microsoft.WindowsDesktop.App.Ref\9.0.12\ref/net9.0/PresentationFramework.Aero.dll
                 Private='false'
             C:\Program Files\dotnet\packs\Microsoft.WindowsDesktop.App.Ref\9.0.12\ref/net9.0/PresentationFramework.Aero2.dll
                 Private='false'
             C:\Program Files\dotnet\packs\Microsoft.WindowsDesktop.App.Ref\9.0.12\ref/net9.0/PresentationFramework.AeroLite.dll
                 Private='false'
             C:\Program Files\dotnet\packs\Microsoft.WindowsDesktop.App.Ref\9.0.12\ref/net9.0/PresentationFramework.Classic.dll
                 Private='false'
             C:\Program Files\dotnet\packs\Microsoft.WindowsDesktop.App.Ref\9.0.12\ref/net9.0/PresentationFramework.Luna.dll
                 Private='false'
             C:\Program Files\dotnet\packs\Microsoft.WindowsDesktop.App.Ref\9.0.12\ref/net9.0/PresentationFramework.Royale.dll
                 Private='false'
             C:\Program Files\dotnet\packs\Microsoft.WindowsDesktop.App.Ref\9.0.12\ref/net9.0/PresentationFramework.dll
                 Private='false'
             C:\Program Files\dotnet\packs\Microsoft.WindowsDesktop.App.Ref\9.0.12\ref/net9.0/PresentationUI.dll
                 Private='false'
             C:\Program Files\dotnet\packs\Microsoft.WindowsDesktop.App.Ref\9.0.12\ref/net9.0/ReachFramework.dll
                 Private='false'
             C:\Program Files\dotnet\packs\Microsoft.WindowsDesktop.App.Ref\9.0.12\ref/net9.0/System.CodeDom.dll
                 Private='false'
             C:\Program Files\dotnet\packs\Microsoft.WindowsDesktop.App.Ref\9.0.12\ref/net9.0/System.Configuration.ConfigurationManager.dll
                 Private='false'
             C:\Program Files\dotnet\packs\Microsoft.WindowsDesktop.App.Ref\9.0.12\ref/net9.0/System.Diagnostics.EventLog.dll
                 Private='false'
             C:\Program Files\dotnet\packs\Microsoft.WindowsDesktop.App.Ref\9.0.12\ref/net9.0/System.Diagnostics.PerformanceCounter.dll
                 Private='false'
             C:\Program Files\dotnet\packs\Microsoft.WindowsDesktop.App.Ref\9.0.12\ref/net9.0/System.DirectoryServices.dll
                 Private='false'
             C:\Program Files\dotnet\packs\Microsoft.WindowsDesktop.App.Ref\9.0.12\ref/net9.0/System.Formats.Nrbf.dll
                 Private='false'
             C:\Program Files\dotnet\packs\Microsoft.WindowsDesktop.App.Ref\9.0.12\ref/net9.0/System.IO.Packaging.dll
                 Private='false'
             C:\Program Files\dotnet\packs\Microsoft.WindowsDesktop.App.Ref\9.0.12\ref/net9.0/System.Printing.dll
                 Private='false'
             C:\Program Files\dotnet\packs\Microsoft.WindowsDesktop.App.Ref\9.0.12\ref/net9.0/System.Resources.Extensions.dll
                 Private='false'
             C:\Program Files\dotnet\packs\Microsoft.WindowsDesktop.App.Ref\9.0.12\ref/net9.0/System.Security.Cryptography.Pkcs.dll
                 Private='false'
             C:\Program Files\dotnet\packs\Microsoft.WindowsDesktop.App.Ref\9.0.12\ref/net9.0/System.Security.Cryptography.ProtectedData.dll
                 Private='false'
             C:\Program Files\dotnet\packs\Microsoft.WindowsDesktop.App.Ref\9.0.12\ref/net9.0/System.Security.Cryptography.Xml.dll
                 Private='false'
             C:\Program Files\dotnet\packs\Microsoft.WindowsDesktop.App.Ref\9.0.12\ref/net9.0/System.Security.Permissions.dll
                 Private='false'
             C:\Program Files\dotnet\packs\Microsoft.WindowsDesktop.App.Ref\9.0.12\ref/net9.0/System.Threading.AccessControl.dll
                 Private='false'
             C:\Program Files\dotnet\packs\Microsoft.WindowsDesktop.App.Ref\9.0.12\ref/net9.0/System.Windows.Controls.Ribbon.dll
                 Private='false'
             C:\Program Files\dotnet\packs\Microsoft.WindowsDesktop.App.Ref\9.0.12\ref/net9.0/System.Windows.Extensions.dll
                 Private='false'
             C:\Program Files\dotnet\packs\Microsoft.WindowsDesktop.App.Ref\9.0.12\ref/net9.0/System.Windows.Input.Manipulations.dll
                 Private='false'
             C:\Program Files\dotnet\packs\Microsoft.WindowsDesktop.App.Ref\9.0.12\ref/net9.0/System.Windows.Presentation.dll
                 Private='false'
             C:\Program Files\dotnet\packs\Microsoft.WindowsDesktop.App.Ref\9.0.12\ref/net9.0/System.Xaml.dll
                 Private='false'
             C:\Program Files\dotnet\packs\Microsoft.WindowsDesktop.App.Ref\9.0.12\ref/net9.0/UIAutomationClient.dll
                 Private='false'
             C:\Program Files\dotnet\packs\Microsoft.WindowsDesktop.App.Ref\9.0.12\ref/net9.0/UIAutomationClientSideProviders.dll
                 Private='false'
             C:\Program Files\dotnet\packs\Microsoft.WindowsDesktop.App.Ref\9.0.12\ref/net9.0/UIAutomationProvider.dll
                 Private='false'
             C:\Program Files\dotnet\packs\Microsoft.WindowsDesktop.App.Ref\9.0.12\ref/net9.0/UIAutomationTypes.dll
                 Private='false'
             C:\Program Files\dotnet\packs\Microsoft.WindowsDesktop.App.Ref\9.0.12\ref/net9.0/WindowsBase.dll
                 Private='false'
             C:\Program Files\dotnet\packs\Microsoft.WindowsDesktop.App.Ref\9.0.12\ref/net9.0/Microsoft.VisualBasic.Forms.dll
                 Private='false'
             C:\Program Files\dotnet\packs\Microsoft.WindowsDesktop.App.Ref\9.0.12\ref/net9.0/Microsoft.VisualBasic.dll
                 Private='false'
             C:\Program Files\dotnet\packs\Microsoft.WindowsDesktop.App.Ref\9.0.12\ref/net9.0/System.Design.dll
                 Private='false'
             C:\Program Files\dotnet\packs\Microsoft.WindowsDesktop.App.Ref\9.0.12\ref/net9.0/System.Drawing.Common.dll
                 Private='false'
             C:\Program Files\dotnet\packs\Microsoft.WindowsDesktop.App.Ref\9.0.12\ref/net9.0/System.Drawing.Design.dll
                 Private='false'
             C:\Program Files\dotnet\packs\Microsoft.WindowsDesktop.App.Ref\9.0.12\ref/net9.0/System.Drawing.dll
                 Private='false'
             C:\Program Files\dotnet\packs\Microsoft.WindowsDesktop.App.Ref\9.0.12\ref/net9.0/System.Private.Windows.Core.dll
                 Private='false'
             C:\Program Files\dotnet\packs\Microsoft.WindowsDesktop.App.Ref\9.0.12\ref/net9.0/System.Windows.Forms.Design.Editors.dll
                 Private='false'
             C:\Program Files\dotnet\packs\Microsoft.WindowsDesktop.App.Ref\9.0.12\ref/net9.0/System.Windows.Forms.Design.dll
                 Private='false'
             C:\Program Files\dotnet\packs\Microsoft.WindowsDesktop.App.Ref\9.0.12\ref/net9.0/System.Windows.Forms.Primitives.dll
                 Private='false'
             C:\Program Files\dotnet\packs\Microsoft.WindowsDesktop.App.Ref\9.0.12\ref/net9.0/System.Windows.Forms.dll
                 Private='false'
             C:\Program Files\dotnet\packs\Microsoft.WindowsDesktop.App.Ref\9.0.12\ref/net9.0/WindowsFormsIntegration.dll
                 Private='false'
         AssemblyFiles:
         CandidateAssemblyFiles:
         TargetFrameworkDirectories:
             
         NonCultureResourceDirectories:
             
         InstalledAssemblyTables:
         IgnoreInstalledAssemblyTable:
             False
         SearchPaths:
             {CandidateAssemblyFiles}
             {HintPathFromItem}
             {TargetFrameworkDirectory}
             {RawFileName}
         AllowedAssemblyExtensions:
             .winmd
             .dll
             .exe
         AllowedRelatedFileExtensions:
             .pdb
             .xml
             .pri
             .dll.config
             .exe.config
         AppConfigFile:
             
         AutoUnify:
             True
         EnableCustomCulture:
             False
         CopyLocalDependenciesWhenParentReferenceInGac:
             True
         FindDependencies:
             True
         TargetProcessorArchitecture:
             msil
         StateFile:
             obj\Debug\net9.0-windows\ProtoTestTool.csproj.AssemblyReference.cache
         InstalledAssemblySubsetTables:
         IgnoreInstalledAssemblySubsetTable:
             False
         TargetFrameworkSubsets:
         FullTargetFrameworkSubsetNames:
             Full
         ProfileName:
             
         FullFrameworkFolders:
         LatestTargetFrameworkDirectories:
         ProfileTablesLocation:
         기본 참조 "ICSharpCode.AvalonEdit, Version=6.3.0.90, Culture=neutral, PublicKeyToken=9cc39be672370310"입니다.
             확인된 파일 경로는 "C:\Users\kentz\.nuget\packages\avalonedit\6.3.0.90\lib\net7.0-windows7.0\ICSharpCode.AvalonEdit.dll"입니다.
             검색 경로 위치 "{HintPathFromItem}"에서 참조를 찾았습니다.
             적어도 하나의 소스 항목에 대해 "Private"이 "false"로 설정되었고, "Private"이 "true"로 설정된 소스 항목이 없으므로 이 참조는 "CopyLocal"이 아닙니다.
         기본 참조 "Dotnet.Script.Core, Version=1.6.0.0, Culture=neutral, PublicKeyToken=3d5d1dc23c51918e"입니다.
             확인된 파일 경로는 "C:\Users\kentz\.nuget\packages\dotnet.script.core\1.6.0\lib\net9.0\Dotnet.Script.Core.dll"입니다.
             검색 경로 위치 "{HintPathFromItem}"에서 참조를 찾았습니다.
             적어도 하나의 소스 항목에 대해 "Private"이 "false"로 설정되었고, "Private"이 "true"로 설정된 소스 항목이 없으므로 이 참조는 "CopyLocal"이 아닙니다.
         기본 참조 "Dotnet.Script.DependencyModel, Version=1.6.0.0, Culture=neutral, PublicKeyToken=3d5d1dc23c51918e"입니다.
             확인된 파일 경로는 "C:\Users\kentz\.nuget\packages\dotnet.script.dependencymodel\1.6.0\lib\netstandard2.0\Dotnet.Script.DependencyModel.dll"입니다.
             검색 경로 위치 "{HintPathFromItem}"에서 참조를 찾았습니다.
             적어도 하나의 소스 항목에 대해 "Private"이 "false"로 설정되었고, "Private"이 "true"로 설정된 소스 항목이 없으므로 이 참조는 "CopyLocal"이 아닙니다.
         기본 참조 "Dotnet.Script.DependencyModel.NuGet, Version=1.6.0.0, Culture=neutral, PublicKeyToken=3d5d1dc23c51918e"입니다.
             확인된 파일 경로는 "C:\Users\kentz\.nuget\packages\dotnet.script.dependencymodel.nuget\1.6.0\lib\netstandard2.0\Dotnet.Script.DependencyModel.NuGet.dll"입니다.
             검색 경로 위치 "{HintPathFromItem}"에서 참조를 찾았습니다.
             적어도 하나의 소스 항목에 대해 "Private"이 "false"로 설정되었고, "Private"이 "true"로 설정된 소스 항목이 없으므로 이 참조는 "CopyLocal"이 아닙니다.
         기본 참조 "Gapotchenko.FX, Version=2024.1.3.0, Culture=neutral, PublicKeyToken=a750ee378eaf756f"입니다.
             확인된 파일 경로는 "C:\Users\kentz\.nuget\packages\gapotchenko.fx\2024.1.3\lib\net9.0\Gapotchenko.FX.dll"입니다.
             검색 경로 위치 "{HintPathFromItem}"에서 참조를 찾았습니다.
             적어도 하나의 소스 항목에 대해 "Private"이 "false"로 설정되었고, "Private"이 "true"로 설정된 소스 항목이 없으므로 이 참조는 "CopyLocal"이 아닙니다.
         기본 참조 "Gapotchenko.FX.Reflection.Loader, Version=2024.1.3.0, Culture=neutral, PublicKeyToken=a750ee378eaf756f"입니다.
             확인된 파일 경로는 "C:\Users\kentz\.nuget\packages\gapotchenko.fx.reflection.loader\2024.1.3\lib\net5.0\Gapotchenko.FX.Reflection.Loader.dll"입니다.
             검색 경로 위치 "{HintPathFromItem}"에서 참조를 찾았습니다.
             적어도 하나의 소스 항목에 대해 "Private"이 "false"로 설정되었고, "Private"이 "true"로 설정된 소스 항목이 없으므로 이 참조는 "CopyLocal"이 아닙니다.
         기본 참조 "Google.Protobuf, Version=3.28.2.0, Culture=neutral, PublicKeyToken=a7d26565bac4d604"입니다.
             확인된 파일 경로는 "C:\Users\kentz\.nuget\packages\google.protobuf\3.28.2\lib\net5.0\Google.Protobuf.dll"입니다.
             검색 경로 위치 "{HintPathFromItem}"에서 참조를 찾았습니다.
             적어도 하나의 소스 항목에 대해 "Private"이 "false"로 설정되었고, "Private"이 "true"로 설정된 소스 항목이 없으므로 이 참조는 "CopyLocal"이 아닙니다.
         기본 참조 "Microsoft.Bcl.AsyncInterfaces, Version=6.0.0.0, Culture=neutral, PublicKeyToken=cc7b13ffcd2ddd51"입니다.
             확인된 파일 경로는 "C:\Users\kentz\.nuget\packages\microsoft.bcl.asyncinterfaces\6.0.0\lib\netstandard2.1\Microsoft.Bcl.AsyncInterfaces.dll"입니다.
             검색 경로 위치 "{HintPathFromItem}"에서 참조를 찾았습니다.
             적어도 하나의 소스 항목에 대해 "Private"이 "false"로 설정되었고, "Private"이 "true"로 설정된 소스 항목이 없으므로 이 참조는 "CopyLocal"이 아닙니다.
         기본 참조 "Microsoft.CodeAnalysis.AnalyzerUtilities, Version=3.3.2.30504, Culture=neutral, PublicKeyToken=31bf3856ad364e35"입니다.
             확인된 파일 경로는 "C:\Users\kentz\.nuget\packages\microsoft.codeanalysis.analyzerutilities\3.3.0\lib\netstandard2.0\Microsoft.CodeAnalysis.AnalyzerUtilities.dll"입니다.
             검색 경로 위치 "{HintPathFromItem}"에서 참조를 찾았습니다.
             적어도 하나의 소스 항목에 대해 "Private"이 "false"로 설정되었고, "Private"이 "true"로 설정된 소스 항목이 없으므로 이 참조는 "CopyLocal"이 아닙니다.
         기본 참조 "Microsoft.CodeAnalysis, Version=4.12.0.0, Culture=neutral, PublicKeyToken=31bf3856ad364e35"입니다.
             확인된 파일 경로는 "C:\Users\kentz\.nuget\packages\microsoft.codeanalysis.common\4.12.0\lib\net8.0\Microsoft.CodeAnalysis.dll"입니다.
             검색 경로 위치 "{HintPathFromItem}"에서 참조를 찾았습니다.
             적어도 하나의 소스 항목에 대해 "Private"이 "false"로 설정되었고, "Private"이 "true"로 설정된 소스 항목이 없으므로 이 참조는 "CopyLocal"이 아닙니다.
         기본 참조 "Microsoft.CodeAnalysis.CSharp, Version=4.12.0.0, Culture=neutral, PublicKeyToken=31bf3856ad364e35"입니다.
             확인된 파일 경로는 "C:\Users\kentz\.nuget\packages\microsoft.codeanalysis.csharp\4.12.0\lib\net8.0\Microsoft.CodeAnalysis.CSharp.dll"입니다.
             검색 경로 위치 "{HintPathFromItem}"에서 참조를 찾았습니다.
             적어도 하나의 소스 항목에 대해 "Private"이 "false"로 설정되었고, "Private"이 "true"로 설정된 소스 항목이 없으므로 이 참조는 "CopyLocal"이 아닙니다.
         기본 참조 "Microsoft.CodeAnalysis.CSharp.Features, Version=4.12.0.0, Culture=neutral, PublicKeyToken=31bf3856ad364e35"입니다.
             확인된 파일 경로는 "C:\Users\kentz\.nuget\packages\microsoft.codeanalysis.csharp.features\4.12.0\lib\net8.0\Microsoft.CodeAnalysis.CSharp.Features.dll"입니다.
             검색 경로 위치 "{HintPathFromItem}"에서 참조를 찾았습니다.
             적어도 하나의 소스 항목에 대해 "Private"이 "false"로 설정되었고, "Private"이 "true"로 설정된 소스 항목이 없으므로 이 참조는 "CopyLocal"이 아닙니다.
         기본 참조 "Microsoft.CodeAnalysis.CSharp.Scripting, Version=4.12.0.0, Culture=neutral, PublicKeyToken=31bf3856ad364e35"입니다.
             확인된 파일 경로는 "C:\Users\kentz\.nuget\packages\microsoft.codeanalysis.csharp.scripting\4.12.0\lib\net8.0\Microsoft.CodeAnalysis.CSharp.Scripting.dll"입니다.
             검색 경로 위치 "{HintPathFromItem}"에서 참조를 찾았습니다.
             적어도 하나의 소스 항목에 대해 "Private"이 "false"로 설정되었고, "Private"이 "true"로 설정된 소스 항목이 없으므로 이 참조는 "CopyLocal"이 아닙니다.
         기본 참조 "Microsoft.CodeAnalysis.CSharp.Workspaces, Version=4.12.0.0, Culture=neutral, PublicKeyToken=31bf3856ad364e35"입니다.
             확인된 파일 경로는 "C:\Users\kentz\.nuget\packages\microsoft.codeanalysis.csharp.workspaces\4.12.0\lib\net8.0\Microsoft.CodeAnalysis.CSharp.Workspaces.dll"입니다.
             검색 경로 위치 "{HintPathFromItem}"에서 참조를 찾았습니다.
             적어도 하나의 소스 항목에 대해 "Private"이 "false"로 설정되었고, "Private"이 "true"로 설정된 소스 항목이 없으므로 이 참조는 "CopyLocal"이 아닙니다.
         기본 참조 "Microsoft.CodeAnalysis.Elfie, Version=1.0.0.0, Culture=neutral, PublicKeyToken=31bf3856ad364e35"입니다.
             확인된 파일 경로는 "C:\Users\kentz\.nuget\packages\microsoft.codeanalysis.elfie\1.0.0\lib\netstandard2.0\Microsoft.CodeAnalysis.Elfie.dll"입니다.
             검색 경로 위치 "{HintPathFromItem}"에서 참조를 찾았습니다.
             적어도 하나의 소스 항목에 대해 "Private"이 "false"로 설정되었고, "Private"이 "true"로 설정된 소스 항목이 없으므로 이 참조는 "CopyLocal"이 아닙니다.
         기본 참조 "Microsoft.CodeAnalysis.Features, Version=4.12.0.0, Culture=neutral, PublicKeyToken=31bf3856ad364e35"입니다.
             확인된 파일 경로는 "C:\Users\kentz\.nuget\packages\microsoft.codeanalysis.features\4.12.0\lib\net8.0\Microsoft.CodeAnalysis.Features.dll"입니다.
             검색 경로 위치 "{HintPathFromItem}"에서 참조를 찾았습니다.
             적어도 하나의 소스 항목에 대해 "Private"이 "false"로 설정되었고, "Private"이 "true"로 설정된 소스 항목이 없으므로 이 참조는 "CopyLocal"이 아닙니다.
         기본 참조 "Microsoft.CodeAnalysis.Scripting, Version=4.12.0.0, Culture=neutral, PublicKeyToken=31bf3856ad364e35"입니다.
             확인된 파일 경로는 "C:\Users\kentz\.nuget\packages\microsoft.codeanalysis.scripting.common\4.12.0\lib\net8.0\Microsoft.CodeAnalysis.Scripting.dll"입니다.
             검색 경로 위치 "{HintPathFromItem}"에서 참조를 찾았습니다.
             적어도 하나의 소스 항목에 대해 "Private"이 "false"로 설정되었고, "Private"이 "true"로 설정된 소스 항목이 없으므로 이 참조는 "CopyLocal"이 아닙니다.
         기본 참조 "Microsoft.CodeAnalysis.Workspaces, Version=4.12.0.0, Culture=neutral, PublicKeyToken=31bf3856ad364e35"입니다.
             확인된 파일 경로는 "C:\Users\kentz\.nuget\packages\microsoft.codeanalysis.workspaces.common\4.12.0\lib\net8.0\Microsoft.CodeAnalysis.Workspaces.dll"입니다.
             검색 경로 위치 "{HintPathFromItem}"에서 참조를 찾았습니다.
             적어도 하나의 소스 항목에 대해 "Private"이 "false"로 설정되었고, "Private"이 "true"로 설정된 소스 항목이 없으므로 이 참조는 "CopyLocal"이 아닙니다.
         기본 참조 "Microsoft.Data.Sqlite, Version=10.0.2.0, Culture=neutral, PublicKeyToken=adb9793829ddae60"입니다.
             확인된 파일 경로는 "C:\Users\kentz\.nuget\packages\microsoft.data.sqlite.core\10.0.2\lib\net8.0\Microsoft.Data.Sqlite.dll"입니다.
             검색 경로 위치 "{HintPathFromItem}"에서 참조를 찾았습니다.
             적어도 하나의 소스 항목에 대해 "Private"이 "false"로 설정되었고, "Private"이 "true"로 설정된 소스 항목이 없으므로 이 참조는 "CopyLocal"이 아닙니다.
         기본 참조 "Microsoft.DiaSymReader, Version=2.0.0.0, Culture=neutral, PublicKeyToken=31bf3856ad364e35"입니다.
             확인된 파일 경로는 "C:\Users\kentz\.nuget\packages\microsoft.diasymreader\2.0.0\lib\netstandard2.0\Microsoft.DiaSymReader.dll"입니다.
             검색 경로 위치 "{HintPathFromItem}"에서 참조를 찾았습니다.
             적어도 하나의 소스 항목에 대해 "Private"이 "false"로 설정되었고, "Private"이 "true"로 설정된 소스 항목이 없으므로 이 참조는 "CopyLocal"이 아닙니다.
         기본 참조 "Microsoft.DotNet.PlatformAbstractions, Version=3.1.6.0, Culture=neutral, PublicKeyToken=adb9793829ddae60"입니다.
             확인된 파일 경로는 "C:\Users\kentz\.nuget\packages\microsoft.dotnet.platformabstractions\3.1.6\lib\netstandard2.0\Microsoft.DotNet.PlatformAbstractions.dll"입니다.
             검색 경로 위치 "{HintPathFromItem}"에서 참조를 찾았습니다.
             적어도 하나의 소스 항목에 대해 "Private"이 "false"로 설정되었고, "Private"이 "true"로 설정된 소스 항목이 없으므로 이 참조는 "CopyLocal"이 아닙니다.
         기본 참조 "Microsoft.Extensions.Configuration, Version=9.0.0.0, Culture=neutral, PublicKeyToken=adb9793829ddae60"입니다.
             확인된 파일 경로는 "C:\Users\kentz\.nuget\packages\microsoft.extensions.configuration\9.0.6\lib\net9.0\Microsoft.Extensions.Configuration.dll"입니다.
             검색 경로 위치 "{HintPathFromItem}"에서 참조를 찾았습니다.
             적어도 하나의 소스 항목에 대해 "Private"이 "false"로 설정되었고, "Private"이 "true"로 설정된 소스 항목이 없으므로 이 참조는 "CopyLocal"이 아닙니다.
         기본 참조 "Microsoft.Extensions.Configuration.Abstractions, Version=9.0.0.0, Culture=neutral, PublicKeyToken=adb9793829ddae60"입니다.
             확인된 파일 경로는 "C:\Users\kentz\.nuget\packages\microsoft.extensions.configuration.abstractions\9.0.6\lib\net9.0\Microsoft.Extensions.Configuration.Abstractions.dll"입니다.
             검색 경로 위치 "{HintPathFromItem}"에서 참조를 찾았습니다.
             적어도 하나의 소스 항목에 대해 "Private"이 "false"로 설정되었고, "Private"이 "true"로 설정된 소스 항목이 없으므로 이 참조는 "CopyLocal"이 아닙니다.
         기본 참조 "Microsoft.Extensions.Configuration.Binder, Version=9.0.0.0, Culture=neutral, PublicKeyToken=adb9793829ddae60"입니다.
             확인된 파일 경로는 "C:\Users\kentz\.nuget\packages\microsoft.extensions.configuration.binder\9.0.6\lib\net9.0\Microsoft.Extensions.Configuration.Binder.dll"입니다.
             검색 경로 위치 "{HintPathFromItem}"에서 참조를 찾았습니다.
             적어도 하나의 소스 항목에 대해 "Private"이 "false"로 설정되었고, "Private"이 "true"로 설정된 소스 항목이 없으므로 이 참조는 "CopyLocal"이 아닙니다.
         기본 참조 "Microsoft.Extensions.DependencyInjection, Version=9.0.0.0, Culture=neutral, PublicKeyToken=adb9793829ddae60"입니다.
             확인된 파일 경로는 "C:\Users\kentz\.nuget\packages\microsoft.extensions.dependencyinjection\9.0.6\lib\net9.0\Microsoft.Extensions.DependencyInjection.dll"입니다.
             검색 경로 위치 "{HintPathFromItem}"에서 참조를 찾았습니다.
             적어도 하나의 소스 항목에 대해 "Private"이 "false"로 설정되었고, "Private"이 "true"로 설정된 소스 항목이 없으므로 이 참조는 "CopyLocal"이 아닙니다.
         기본 참조 "Microsoft.Extensions.DependencyInjection.Abstractions, Version=9.0.0.0, Culture=neutral, PublicKeyToken=adb9793829ddae60"입니다.
             확인된 파일 경로는 "C:\Users\kentz\.nuget\packages\microsoft.extensions.dependencyinjection.abstractions\9.0.6\lib\net9.0\Microsoft.Extensions.DependencyInjection.Abstractions.dll"입니다.
             검색 경로 위치 "{HintPathFromItem}"에서 참조를 찾았습니다.
             적어도 하나의 소스 항목에 대해 "Private"이 "false"로 설정되었고, "Private"이 "true"로 설정된 소스 항목이 없으므로 이 참조는 "CopyLocal"이 아닙니다.
         기본 참조 "Microsoft.Extensions.Logging, Version=9.0.0.0, Culture=neutral, PublicKeyToken=adb9793829ddae60"입니다.
             확인된 파일 경로는 "C:\Users\kentz\.nuget\packages\microsoft.extensions.logging\9.0.6\lib\net9.0\Microsoft.Extensions.Logging.dll"입니다.
             검색 경로 위치 "{HintPathFromItem}"에서 참조를 찾았습니다.
             적어도 하나의 소스 항목에 대해 "Private"이 "false"로 설정되었고, "Private"이 "true"로 설정된 소스 항목이 없으므로 이 참조는 "CopyLocal"이 아닙니다.
         기본 참조 "Microsoft.Extensions.Logging.Abstractions, Version=9.0.0.0, Culture=neutral, PublicKeyToken=adb9793829ddae60"입니다.
             확인된 파일 경로는 "C:\Users\kentz\.nuget\packages\microsoft.extensions.logging.abstractions\9.0.6\lib\net9.0\Microsoft.Extensions.Logging.Abstractions.dll"입니다.
             검색 경로 위치 "{HintPathFromItem}"에서 참조를 찾았습니다.
             적어도 하나의 소스 항목에 대해 "Private"이 "false"로 설정되었고, "Private"이 "true"로 설정된 소스 항목이 없으므로 이 참조는 "CopyLocal"이 아닙니다.
         기본 참조 "Microsoft.Extensions.Logging.Configuration, Version=9.0.0.0, Culture=neutral, PublicKeyToken=adb9793829ddae60"입니다.
             확인된 파일 경로는 "C:\Users\kentz\.nuget\packages\microsoft.extensions.logging.configuration\9.0.6\lib\net9.0\Microsoft.Extensions.Logging.Configuration.dll"입니다.
             검색 경로 위치 "{HintPathFromItem}"에서 참조를 찾았습니다.
             적어도 하나의 소스 항목에 대해 "Private"이 "false"로 설정되었고, "Private"이 "true"로 설정된 소스 항목이 없으므로 이 참조는 "CopyLocal"이 아닙니다.
         기본 참조 "Microsoft.Extensions.Logging.Console, Version=9.0.0.0, Culture=neutral, PublicKeyToken=adb9793829ddae60"입니다.
             확인된 파일 경로는 "C:\Users\kentz\.nuget\packages\microsoft.extensions.logging.console\9.0.6\lib\net9.0\Microsoft.Extensions.Logging.Console.dll"입니다.
             검색 경로 위치 "{HintPathFromItem}"에서 참조를 찾았습니다.
             적어도 하나의 소스 항목에 대해 "Private"이 "false"로 설정되었고, "Private"이 "true"로 설정된 소스 항목이 없으므로 이 참조는 "CopyLocal"이 아닙니다.
         기본 참조 "Microsoft.Extensions.Options, Version=9.0.0.0, Culture=neutral, PublicKeyToken=adb9793829ddae60"입니다.
             확인된 파일 경로는 "C:\Users\kentz\.nuget\packages\microsoft.extensions.options\9.0.6\lib\net9.0\Microsoft.Extensions.Options.dll"입니다.
             검색 경로 위치 "{HintPathFromItem}"에서 참조를 찾았습니다.
             적어도 하나의 소스 항목에 대해 "Private"이 "false"로 설정되었고, "Private"이 "true"로 설정된 소스 항목이 없으므로 이 참조는 "CopyLocal"이 아닙니다.
         기본 참조 "Microsoft.Extensions.Options.ConfigurationExtensions, Version=9.0.0.0, Culture=neutral, PublicKeyToken=adb9793829ddae60"입니다.
             확인된 파일 경로는 "C:\Users\kentz\.nuget\packages\microsoft.extensions.options.configurationextensions\9.0.6\lib\net9.0\Microsoft.Extensions.Options.ConfigurationExtensions.dll"입니다.
             검색 경로 위치 "{HintPathFromItem}"에서 참조를 찾았습니다.
             적어도 하나의 소스 항목에 대해 "Private"이 "false"로 설정되었고, "Private"이 "true"로 설정된 소스 항목이 없으므로 이 참조는 "CopyLocal"이 아닙니다.
         기본 참조 "Microsoft.Extensions.Primitives, Version=9.0.0.0, Culture=neutral, PublicKeyToken=adb9793829ddae60"입니다.
             확인된 파일 경로는 "C:\Users\kentz\.nuget\packages\microsoft.extensions.primitives\9.0.6\lib\net9.0\Microsoft.Extensions.Primitives.dll"입니다.
             검색 경로 위치 "{HintPathFromItem}"에서 참조를 찾았습니다.
             적어도 하나의 소스 항목에 대해 "Private"이 "false"로 설정되었고, "Private"이 "true"로 설정된 소스 항목이 없으므로 이 참조는 "CopyLocal"이 아닙니다.
         기본 참조 "Microsoft.VisualStudio.Threading, Version=17.12.0.0, Culture=neutral, PublicKeyToken=b03f5f7f11d50a3a"입니다.
             확인된 파일 경로는 "C:\Users\kentz\.nuget\packages\microsoft.visualstudio.threading\17.12.19\lib\net6.0-windows7.0\Microsoft.VisualStudio.Threading.dll"입니다.
             검색 경로 위치 "{HintPathFromItem}"에서 참조를 찾았습니다.
             적어도 하나의 소스 항목에 대해 "Private"이 "false"로 설정되었고, "Private"이 "true"로 설정된 소스 항목이 없으므로 이 참조는 "CopyLocal"이 아닙니다.
         기본 참조 "Microsoft.VisualStudio.Validation, Version=17.8.0.0, Culture=neutral, PublicKeyToken=b03f5f7f11d50a3a"입니다.
             확인된 파일 경로는 "C:\Users\kentz\.nuget\packages\microsoft.visualstudio.validation\17.8.8\lib\net6.0\Microsoft.VisualStudio.Validation.dll"입니다.
             검색 경로 위치 "{HintPathFromItem}"에서 참조를 찾았습니다.
             적어도 하나의 소스 항목에 대해 "Private"이 "false"로 설정되었고, "Private"이 "true"로 설정된 소스 항목이 없으므로 이 참조는 "CopyLocal"이 아닙니다.
         기본 참조 "NetCoreServer, Version=8.0.7.0, Culture=neutral, PublicKeyToken=null"입니다.
             확인된 파일 경로는 "C:\Users\kentz\.nuget\packages\netcoreserver\8.0.7\lib\net8.0\NetCoreServer.dll"입니다.
             검색 경로 위치 "{HintPathFromItem}"에서 참조를 찾았습니다.
             적어도 하나의 소스 항목에 대해 "Private"이 "false"로 설정되었고, "Private"이 "true"로 설정된 소스 항목이 없으므로 이 참조는 "CopyLocal"이 아닙니다.
         기본 참조 "Newtonsoft.Json, Version=13.0.0.0, Culture=neutral, PublicKeyToken=30ad4fe6b2a6aeed"입니다.
             확인된 파일 경로는 "C:\Users\kentz\.nuget\packages\newtonsoft.json\13.0.3\lib\net6.0\Newtonsoft.Json.dll"입니다.
             검색 경로 위치 "{HintPathFromItem}"에서 참조를 찾았습니다.
             적어도 하나의 소스 항목에 대해 "Private"이 "false"로 설정되었고, "Private"이 "true"로 설정된 소스 항목이 없으므로 이 참조는 "CopyLocal"이 아닙니다.
         기본 참조 "NuGet.Common, Version=6.10.0.107, Culture=neutral, PublicKeyToken=31bf3856ad364e35"입니다.
             확인된 파일 경로는 "C:\Users\kentz\.nuget\packages\nuget.common\6.10.0\lib\netstandard2.0\NuGet.Common.dll"입니다.
             검색 경로 위치 "{HintPathFromItem}"에서 참조를 찾았습니다.
             적어도 하나의 소스 항목에 대해 "Private"이 "false"로 설정되었고, "Private"이 "true"로 설정된 소스 항목이 없으므로 이 참조는 "CopyLocal"이 아닙니다.
         기본 참조 "NuGet.Configuration, Version=6.10.0.107, Culture=neutral, PublicKeyToken=31bf3856ad364e35"입니다.
             확인된 파일 경로는 "C:\Users\kentz\.nuget\packages\nuget.configuration\6.10.0\lib\netstandard2.0\NuGet.Configuration.dll"입니다.
             검색 경로 위치 "{HintPathFromItem}"에서 참조를 찾았습니다.
             적어도 하나의 소스 항목에 대해 "Private"이 "false"로 설정되었고, "Private"이 "true"로 설정된 소스 항목이 없으므로 이 참조는 "CopyLocal"이 아닙니다.
         기본 참조 "NuGet.DependencyResolver.Core, Version=6.10.0.107, Culture=neutral, PublicKeyToken=31bf3856ad364e35"입니다.
             확인된 파일 경로는 "C:\Users\kentz\.nuget\packages\nuget.dependencyresolver.core\6.10.0\lib\net5.0\NuGet.DependencyResolver.Core.dll"입니다.
             검색 경로 위치 "{HintPathFromItem}"에서 참조를 찾았습니다.
             적어도 하나의 소스 항목에 대해 "Private"이 "false"로 설정되었고, "Private"이 "true"로 설정된 소스 항목이 없으므로 이 참조는 "CopyLocal"이 아닙니다.
         기본 참조 "NuGet.Frameworks, Version=6.10.0.107, Culture=neutral, PublicKeyToken=31bf3856ad364e35"입니다.
             확인된 파일 경로는 "C:\Users\kentz\.nuget\packages\nuget.frameworks\6.10.0\lib\netstandard2.0\NuGet.Frameworks.dll"입니다.
             검색 경로 위치 "{HintPathFromItem}"에서 참조를 찾았습니다.
             적어도 하나의 소스 항목에 대해 "Private"이 "false"로 설정되었고, "Private"이 "true"로 설정된 소스 항목이 없으므로 이 참조는 "CopyLocal"이 아닙니다.
         기본 참조 "NuGet.LibraryModel, Version=6.10.0.107, Culture=neutral, PublicKeyToken=31bf3856ad364e35"입니다.
             확인된 파일 경로는 "C:\Users\kentz\.nuget\packages\nuget.librarymodel\6.10.0\lib\netstandard2.0\NuGet.LibraryModel.dll"입니다.
             검색 경로 위치 "{HintPathFromItem}"에서 참조를 찾았습니다.
             적어도 하나의 소스 항목에 대해 "Private"이 "false"로 설정되었고, "Private"이 "true"로 설정된 소스 항목이 없으므로 이 참조는 "CopyLocal"이 아닙니다.
         기본 참조 "NuGet.Packaging, Version=6.10.0.107, Culture=neutral, PublicKeyToken=31bf3856ad364e35"입니다.
             확인된 파일 경로는 "C:\Users\kentz\.nuget\packages\nuget.packaging\6.10.0\lib\net5.0\NuGet.Packaging.dll"입니다.
             검색 경로 위치 "{HintPathFromItem}"에서 참조를 찾았습니다.
             적어도 하나의 소스 항목에 대해 "Private"이 "false"로 설정되었고, "Private"이 "true"로 설정된 소스 항목이 없으므로 이 참조는 "CopyLocal"이 아닙니다.
         기본 참조 "NuGet.ProjectModel, Version=6.10.0.107, Culture=neutral, PublicKeyToken=31bf3856ad364e35"입니다.
             확인된 파일 경로는 "C:\Users\kentz\.nuget\packages\nuget.projectmodel\6.10.0\lib\net5.0\NuGet.ProjectModel.dll"입니다.
             검색 경로 위치 "{HintPathFromItem}"에서 참조를 찾았습니다.
             적어도 하나의 소스 항목에 대해 "Private"이 "false"로 설정되었고, "Private"이 "true"로 설정된 소스 항목이 없으므로 이 참조는 "CopyLocal"이 아닙니다.
         기본 참조 "NuGet.Protocol, Version=6.10.0.107, Culture=neutral, PublicKeyToken=31bf3856ad364e35"입니다.
             확인된 파일 경로는 "C:\Users\kentz\.nuget\packages\nuget.protocol\6.10.0\lib\net5.0\NuGet.Protocol.dll"입니다.
             검색 경로 위치 "{HintPathFromItem}"에서 참조를 찾았습니다.
             적어도 하나의 소스 항목에 대해 "Private"이 "false"로 설정되었고, "Private"이 "true"로 설정된 소스 항목이 없으므로 이 참조는 "CopyLocal"이 아닙니다.
         기본 참조 "NuGet.Versioning, Version=6.10.0.107, Culture=neutral, PublicKeyToken=31bf3856ad364e35"입니다.
             확인된 파일 경로는 "C:\Users\kentz\.nuget\packages\nuget.versioning\6.10.0\lib\netstandard2.0\NuGet.Versioning.dll"입니다.
             검색 경로 위치 "{HintPathFromItem}"에서 참조를 찾았습니다.
             적어도 하나의 소스 항목에 대해 "Private"이 "false"로 설정되었고, "Private"이 "true"로 설정된 소스 항목이 없으므로 이 참조는 "CopyLocal"이 아닙니다.
         기본 참조 "ReadLine, Version=2.0.1.0, Culture=neutral, PublicKeyToken=null"입니다.
             확인된 파일 경로는 "C:\Users\kentz\.nuget\packages\readline\2.0.1\lib\netstandard2.0\ReadLine.dll"입니다.
             검색 경로 위치 "{HintPathFromItem}"에서 참조를 찾았습니다.
             적어도 하나의 소스 항목에 대해 "Private"이 "false"로 설정되었고, "Private"이 "true"로 설정된 소스 항목이 없으므로 이 참조는 "CopyLocal"이 아닙니다.
         기본 참조 "RoslynPad.Editor.Windows, Version=4.12.1.0, Culture=neutral, PublicKeyToken=null"입니다.
             확인된 파일 경로는 "C:\Users\kentz\.nuget\packages\roslynpad.editor.windows\4.12.1\lib\net8.0-windows7.0\RoslynPad.Editor.Windows.dll"입니다.
             검색 경로 위치 "{HintPathFromItem}"에서 참조를 찾았습니다.
             적어도 하나의 소스 항목에 대해 "Private"이 "false"로 설정되었고, "Private"이 "true"로 설정된 소스 항목이 없으므로 이 참조는 "CopyLocal"이 아닙니다.
         기본 참조 "Microsoft.CodeAnalysis.LanguageServer.Protocol, Version=4.12.0.0, Culture=neutral, PublicKeyToken=31bf3856ad364e35"입니다.
             확인된 파일 경로는 "C:\Users\kentz\.nuget\packages\roslynpad.roslyn\4.12.1\lib\net8.0\Microsoft.CodeAnalysis.LanguageServer.Protocol.dll"입니다.
             검색 경로 위치 "{HintPathFromItem}"에서 참조를 찾았습니다.
             적어도 하나의 소스 항목에 대해 "Private"이 "false"로 설정되었고, "Private"이 "true"로 설정된 소스 항목이 없으므로 이 참조는 "CopyLocal"이 아닙니다.
         기본 참조 "RoslynPad.Roslyn, Version=4.12.1.0, Culture=neutral, PublicKeyToken=null"입니다.
             확인된 파일 경로는 "C:\Users\kentz\.nuget\packages\roslynpad.roslyn\4.12.1\lib\net8.0\RoslynPad.Roslyn.dll"입니다.
             검색 경로 위치 "{HintPathFromItem}"에서 참조를 찾았습니다.
             적어도 하나의 소스 항목에 대해 "Private"이 "false"로 설정되었고, "Private"이 "true"로 설정된 소스 항목이 없으므로 이 참조는 "CopyLocal"이 아닙니다.
         기본 참조 "RoslynPad.Roslyn.Windows, Version=4.12.1.0, Culture=neutral, PublicKeyToken=null"입니다.
             확인된 파일 경로는 "C:\Users\kentz\.nuget\packages\roslynpad.roslyn.windows\4.12.1\lib\net8.0-windows7.0\RoslynPad.Roslyn.Windows.dll"입니다.
             검색 경로 위치 "{HintPathFromItem}"에서 참조를 찾았습니다.
             적어도 하나의 소스 항목에 대해 "Private"이 "false"로 설정되었고, "Private"이 "true"로 설정된 소스 항목이 없으므로 이 참조는 "CopyLocal"이 아닙니다.
         기본 참조 "RoslynPad.Themes, Version=4.12.1.0, Culture=neutral, PublicKeyToken=null"입니다.
             확인된 파일 경로는 "C:\Users\kentz\.nuget\packages\roslynpad.themes\4.12.1\lib\net8.0\RoslynPad.Themes.dll"입니다.
             검색 경로 위치 "{HintPathFromItem}"에서 참조를 찾았습니다.
             적어도 하나의 소스 항목에 대해 "Private"이 "false"로 설정되었고, "Private"이 "true"로 설정된 소스 항목이 없으므로 이 참조는 "CopyLocal"이 아닙니다.
         기본 참조 "SQLitePCLRaw.batteries_v2, Version=2.1.11.2622, Culture=neutral, PublicKeyToken=8226ea5df37bcae9"입니다.
             확인된 파일 경로는 "C:\Users\kentz\.nuget\packages\sqlitepclraw.bundle_e_sqlite3\2.1.11\lib\netstandard2.0\SQLitePCLRaw.batteries_v2.dll"입니다.
             검색 경로 위치 "{HintPathFromItem}"에서 참조를 찾았습니다.
             적어도 하나의 소스 항목에 대해 "Private"이 "false"로 설정되었고, "Private"이 "true"로 설정된 소스 항목이 없으므로 이 참조는 "CopyLocal"이 아닙니다.
         기본 참조 "SQLitePCLRaw.core, Version=2.1.11.2622, Culture=neutral, PublicKeyToken=1488e028ca7ab535"입니다.
             확인된 파일 경로는 "C:\Users\kentz\.nuget\packages\sqlitepclraw.core\2.1.11\lib\netstandard2.0\SQLitePCLRaw.core.dll"입니다.
             검색 경로 위치 "{HintPathFromItem}"에서 참조를 찾았습니다.
             적어도 하나의 소스 항목에 대해 "Private"이 "false"로 설정되었고, "Private"이 "true"로 설정된 소스 항목이 없으므로 이 참조는 "CopyLocal"이 아닙니다.
         기본 참조 "SQLitePCLRaw.provider.e_sqlite3, Version=2.1.11.2622, Culture=neutral, PublicKeyToken=9c301db686d0bd12"입니다.
             확인된 파일 경로는 "C:\Users\kentz\.nuget\packages\sqlitepclraw.provider.e_sqlite3\2.1.11\lib\net6.0-windows7.0\SQLitePCLRaw.provider.e_sqlite3.dll"입니다.
             검색 경로 위치 "{HintPathFromItem}"에서 참조를 찾았습니다.
             적어도 하나의 소스 항목에 대해 "Private"이 "false"로 설정되었고, "Private"이 "true"로 설정된 소스 항목이 없으므로 이 참조는 "CopyLocal"이 아닙니다.
         기본 참조 "System.Composition.AttributedModel, Version=9.0.0.1, Culture=neutral, PublicKeyToken=b03f5f7f11d50a3a"입니다.
             확인된 파일 경로는 "C:\Users\kentz\.nuget\packages\system.composition.attributedmodel\9.0.1\lib\net9.0\System.Composition.AttributedModel.dll"입니다.
             검색 경로 위치 "{HintPathFromItem}"에서 참조를 찾았습니다.
             적어도 하나의 소스 항목에 대해 "Private"이 "false"로 설정되었고, "Private"이 "true"로 설정된 소스 항목이 없으므로 이 참조는 "CopyLocal"이 아닙니다.
         기본 참조 "System.Composition.Convention, Version=9.0.0.1, Culture=neutral, PublicKeyToken=b03f5f7f11d50a3a"입니다.
             확인된 파일 경로는 "C:\Users\kentz\.nuget\packages\system.composition.convention\9.0.1\lib\net9.0\System.Composition.Convention.dll"입니다.
             검색 경로 위치 "{HintPathFromItem}"에서 참조를 찾았습니다.
             적어도 하나의 소스 항목에 대해 "Private"이 "false"로 설정되었고, "Private"이 "true"로 설정된 소스 항목이 없으므로 이 참조는 "CopyLocal"이 아닙니다.
         기본 참조 "System.Composition.Hosting, Version=9.0.0.1, Culture=neutral, PublicKeyToken=b03f5f7f11d50a3a"입니다.
             확인된 파일 경로는 "C:\Users\kentz\.nuget\packages\system.composition.hosting\9.0.1\lib\net9.0\System.Composition.Hosting.dll"입니다.
             검색 경로 위치 "{HintPathFromItem}"에서 참조를 찾았습니다.
             적어도 하나의 소스 항목에 대해 "Private"이 "false"로 설정되었고, "Private"이 "true"로 설정된 소스 항목이 없으므로 이 참조는 "CopyLocal"이 아닙니다.
         기본 참조 "System.Composition.Runtime, Version=9.0.0.1, Culture=neutral, PublicKeyToken=b03f5f7f11d50a3a"입니다.
             확인된 파일 경로는 "C:\Users\kentz\.nuget\packages\system.composition.runtime\9.0.1\lib\net9.0\System.Composition.Runtime.dll"입니다.
             검색 경로 위치 "{HintPathFromItem}"에서 참조를 찾았습니다.
             적어도 하나의 소스 항목에 대해 "Private"이 "false"로 설정되었고, "Private"이 "true"로 설정된 소스 항목이 없으므로 이 참조는 "CopyLocal"이 아닙니다.
         기본 참조 "System.Composition.TypedParts, Version=9.0.0.1, Culture=neutral, PublicKeyToken=b03f5f7f11d50a3a"입니다.
             확인된 파일 경로는 "C:\Users\kentz\.nuget\packages\system.composition.typedparts\9.0.1\lib\net9.0\System.Composition.TypedParts.dll"입니다.
             검색 경로 위치 "{HintPathFromItem}"에서 참조를 찾았습니다.
             적어도 하나의 소스 항목에 대해 "Private"이 "false"로 설정되었고, "Private"이 "true"로 설정된 소스 항목이 없으므로 이 참조는 "CopyLocal"이 아닙니다.
         기본 참조 "System.Linq.Async, Version=6.0.0.0, Culture=neutral, PublicKeyToken=94bc3704cddfc263"입니다.
             확인된 파일 경로는 "C:\Users\kentz\.nuget\packages\system.linq.async\6.0.1\ref\net6.0\System.Linq.Async.dll"입니다.
             검색 경로 위치 "{HintPathFromItem}"에서 참조를 찾았습니다.
             적어도 하나의 소스 항목에 대해 "Private"이 "false"로 설정되었고, "Private"이 "true"로 설정된 소스 항목이 없으므로 이 참조는 "CopyLocal"이 아닙니다.
         기본 참조 "System.Reactive, Version=6.0.0.0, Culture=neutral, PublicKeyToken=94bc3704cddfc263"입니다.
             확인된 파일 경로는 "C:\Users\kentz\.nuget\packages\system.reactive\6.0.1\lib\net6.0\System.Reactive.dll"입니다.
             검색 경로 위치 "{HintPathFromItem}"에서 참조를 찾았습니다.
             적어도 하나의 소스 항목에 대해 "Private"이 "false"로 설정되었고, "Private"이 "true"로 설정된 소스 항목이 없으므로 이 참조는 "CopyLocal"이 아닙니다.
         기본 참조 "System.Reactive.Linq, Version=3.0.6000.0, Culture=neutral, PublicKeyToken=94bc3704cddfc263"입니다.
             확인된 파일 경로는 "C:\Users\kentz\.nuget\packages\system.reactive.linq\6.0.1\lib\netstandard2.0\System.Reactive.Linq.dll"입니다.
             검색 경로 위치 "{HintPathFromItem}"에서 참조를 찾았습니다.
             적어도 하나의 소스 항목에 대해 "Private"이 "false"로 설정되었고, "Private"이 "true"로 설정된 소스 항목이 없으므로 이 참조는 "CopyLocal"이 아닙니다.
         기본 참조 "System.Reflection.MetadataLoadContext, Version=9.0.0.1, Culture=neutral, PublicKeyToken=cc7b13ffcd2ddd51"입니다.
             확인된 파일 경로는 "C:\Users\kentz\.nuget\packages\system.reflection.metadataloadcontext\9.0.1\lib\net9.0\System.Reflection.MetadataLoadContext.dll"입니다.
             검색 경로 위치 "{HintPathFromItem}"에서 참조를 찾았습니다.
             적어도 하나의 소스 항목에 대해 "Private"이 "false"로 설정되었고, "Private"이 "true"로 설정된 소스 항목이 없으므로 이 참조는 "CopyLocal"이 아닙니다.
         기본 참조 "Microsoft.CSharp, Version=9.0.0.0, Culture=neutral, PublicKeyToken=b03f5f7f11d50a3a"입니다.
             확인된 파일 경로는 "C:\Program Files\dotnet\packs\Microsoft.NETCore.App.Ref\9.0.12\ref\net9.0\Microsoft.CSharp.dll"입니다.
             검색 경로 위치 "{RawFileName}"에서 참조를 찾았습니다.
             적어도 하나의 소스 항목에 대해 "Private"이 "false"로 설정되었고, "Private"이 "true"로 설정된 소스 항목이 없으므로 이 참조는 "CopyLocal"이 아닙니다.
         기본 참조 "Microsoft.VisualBasic.Core, Version=14.0.0.0, Culture=neutral, PublicKeyToken=b03f5f7f11d50a3a"입니다.
             확인된 파일 경로는 "C:\Program Files\dotnet\packs\Microsoft.NETCore.App.Ref\9.0.12\ref\net9.0\Microsoft.VisualBasic.Core.dll"입니다.
             검색 경로 위치 "{RawFileName}"에서 참조를 찾았습니다.
             적어도 하나의 소스 항목에 대해 "Private"이 "false"로 설정되었고, "Private"이 "true"로 설정된 소스 항목이 없으므로 이 참조는 "CopyLocal"이 아닙니다.
         기본 참조 "Microsoft.Win32.Primitives, Version=9.0.0.0, Culture=neutral, PublicKeyToken=b03f5f7f11d50a3a"입니다.
             확인된 파일 경로는 "C:\Program Files\dotnet\packs\Microsoft.NETCore.App.Ref\9.0.12\ref\net9.0\Microsoft.Win32.Primitives.dll"입니다.
             검색 경로 위치 "{RawFileName}"에서 참조를 찾았습니다.
             적어도 하나의 소스 항목에 대해 "Private"이 "false"로 설정되었고, "Private"이 "true"로 설정된 소스 항목이 없으므로 이 참조는 "CopyLocal"이 아닙니다.
         기본 참조 "Microsoft.Win32.Registry, Version=9.0.0.0, Culture=neutral, PublicKeyToken=b03f5f7f11d50a3a"입니다.
             확인된 파일 경로는 "C:\Program Files\dotnet\packs\Microsoft.NETCore.App.Ref\9.0.12\ref\net9.0\Microsoft.Win32.Registry.dll"입니다.
             검색 경로 위치 "{RawFileName}"에서 참조를 찾았습니다.
             적어도 하나의 소스 항목에 대해 "Private"이 "false"로 설정되었고, "Private"이 "true"로 설정된 소스 항목이 없으므로 이 참조는 "CopyLocal"이 아닙니다.
         기본 참조 "System.AppContext, Version=9.0.0.0, Culture=neutral, PublicKeyToken=b03f5f7f11d50a3a"입니다.
             확인된 파일 경로는 "C:\Program Files\dotnet\packs\Microsoft.NETCore.App.Ref\9.0.12\ref\net9.0\System.AppContext.dll"입니다.
             검색 경로 위치 "{RawFileName}"에서 참조를 찾았습니다.
             적어도 하나의 소스 항목에 대해 "Private"이 "false"로 설정되었고, "Private"이 "true"로 설정된 소스 항목이 없으므로 이 참조는 "CopyLocal"이 아닙니다.
         기본 참조 "System.Buffers, Version=9.0.0.0, Culture=neutral, PublicKeyToken=cc7b13ffcd2ddd51"입니다.
             확인된 파일 경로는 "C:\Program Files\dotnet\packs\Microsoft.NETCore.App.Ref\9.0.12\ref\net9.0\System.Buffers.dll"입니다.
             검색 경로 위치 "{RawFileName}"에서 참조를 찾았습니다.
             적어도 하나의 소스 항목에 대해 "Private"이 "false"로 설정되었고, "Private"이 "true"로 설정된 소스 항목이 없으므로 이 참조는 "CopyLocal"이 아닙니다.
         기본 참조 "System.Collections.Concurrent, Version=9.0.0.0, Culture=neutral, PublicKeyToken=b03f5f7f11d50a3a"입니다.
             확인된 파일 경로는 "C:\Program Files\dotnet\packs\Microsoft.NETCore.App.Ref\9.0.12\ref\net9.0\System.Collections.Concurrent.dll"입니다.
             검색 경로 위치 "{RawFileName}"에서 참조를 찾았습니다.
             적어도 하나의 소스 항목에 대해 "Private"이 "false"로 설정되었고, "Private"이 "true"로 설정된 소스 항목이 없으므로 이 참조는 "CopyLocal"이 아닙니다.
         기본 참조 "System.Collections.Immutable, Version=9.0.0.0, Culture=neutral, PublicKeyToken=b03f5f7f11d50a3a"입니다.
             확인된 파일 경로는 "C:\Program Files\dotnet\packs\Microsoft.NETCore.App.Ref\9.0.12\ref\net9.0\System.Collections.Immutable.dll"입니다.
             검색 경로 위치 "{RawFileName}"에서 참조를 찾았습니다.
             적어도 하나의 소스 항목에 대해 "Private"이 "false"로 설정되었고, "Private"이 "true"로 설정된 소스 항목이 없으므로 이 참조는 "CopyLocal"이 아닙니다.
         기본 참조 "System.Collections.NonGeneric, Version=9.0.0.0, Culture=neutral, PublicKeyToken=b03f5f7f11d50a3a"입니다.
             확인된 파일 경로는 "C:\Program Files\dotnet\packs\Microsoft.NETCore.App.Ref\9.0.12\ref\net9.0\System.Collections.NonGeneric.dll"입니다.
             검색 경로 위치 "{RawFileName}"에서 참조를 찾았습니다.
             적어도 하나의 소스 항목에 대해 "Private"이 "false"로 설정되었고, "Private"이 "true"로 설정된 소스 항목이 없으므로 이 참조는 "CopyLocal"이 아닙니다.
         기본 참조 "System.Collections.Specialized, Version=9.0.0.0, Culture=neutral, PublicKeyToken=b03f5f7f11d50a3a"입니다.
             확인된 파일 경로는 "C:\Program Files\dotnet\packs\Microsoft.NETCore.App.Ref\9.0.12\ref\net9.0\System.Collections.Specialized.dll"입니다.
             검색 경로 위치 "{RawFileName}"에서 참조를 찾았습니다.
             적어도 하나의 소스 항목에 대해 "Private"이 "false"로 설정되었고, "Private"이 "true"로 설정된 소스 항목이 없으므로 이 참조는 "CopyLocal"이 아닙니다.
         기본 참조 "System.Collections, Version=9.0.0.0, Culture=neutral, PublicKeyToken=b03f5f7f11d50a3a"입니다.
             확인된 파일 경로는 "C:\Program Files\dotnet\packs\Microsoft.NETCore.App.Ref\9.0.12\ref\net9.0\System.Collections.dll"입니다.
             검색 경로 위치 "{RawFileName}"에서 참조를 찾았습니다.
             적어도 하나의 소스 항목에 대해 "Private"이 "false"로 설정되었고, "Private"이 "true"로 설정된 소스 항목이 없으므로 이 참조는 "CopyLocal"이 아닙니다.
         기본 참조 "System.ComponentModel.Annotations, Version=9.0.0.0, Culture=neutral, PublicKeyToken=b03f5f7f11d50a3a"입니다.
             확인된 파일 경로는 "C:\Program Files\dotnet\packs\Microsoft.NETCore.App.Ref\9.0.12\ref\net9.0\System.ComponentModel.Annotations.dll"입니다.
             검색 경로 위치 "{RawFileName}"에서 참조를 찾았습니다.
             적어도 하나의 소스 항목에 대해 "Private"이 "false"로 설정되었고, "Private"이 "true"로 설정된 소스 항목이 없으므로 이 참조는 "CopyLocal"이 아닙니다.
         기본 참조 "System.ComponentModel.DataAnnotations, Version=4.0.0.0, Culture=neutral, PublicKeyToken=31bf3856ad364e35"입니다.
             확인된 파일 경로는 "C:\Program Files\dotnet\packs\Microsoft.NETCore.App.Ref\9.0.12\ref\net9.0\System.ComponentModel.DataAnnotations.dll"입니다.
             검색 경로 위치 "{RawFileName}"에서 참조를 찾았습니다.
             적어도 하나의 소스 항목에 대해 "Private"이 "false"로 설정되었고, "Private"이 "true"로 설정된 소스 항목이 없으므로 이 참조는 "CopyLocal"이 아닙니다.
         기본 참조 "System.ComponentModel.EventBasedAsync, Version=9.0.0.0, Culture=neutral, PublicKeyToken=b03f5f7f11d50a3a"입니다.
             확인된 파일 경로는 "C:\Program Files\dotnet\packs\Microsoft.NETCore.App.Ref\9.0.12\ref\net9.0\System.ComponentModel.EventBasedAsync.dll"입니다.
             검색 경로 위치 "{RawFileName}"에서 참조를 찾았습니다.
             적어도 하나의 소스 항목에 대해 "Private"이 "false"로 설정되었고, "Private"이 "true"로 설정된 소스 항목이 없으므로 이 참조는 "CopyLocal"이 아닙니다.
         기본 참조 "System.ComponentModel.Primitives, Version=9.0.0.0, Culture=neutral, PublicKeyToken=b03f5f7f11d50a3a"입니다.
             확인된 파일 경로는 "C:\Program Files\dotnet\packs\Microsoft.NETCore.App.Ref\9.0.12\ref\net9.0\System.ComponentModel.Primitives.dll"입니다.
             검색 경로 위치 "{RawFileName}"에서 참조를 찾았습니다.
             적어도 하나의 소스 항목에 대해 "Private"이 "false"로 설정되었고, "Private"이 "true"로 설정된 소스 항목이 없으므로 이 참조는 "CopyLocal"이 아닙니다.
         기본 참조 "System.ComponentModel.TypeConverter, Version=9.0.0.0, Culture=neutral, PublicKeyToken=b03f5f7f11d50a3a"입니다.
             확인된 파일 경로는 "C:\Program Files\dotnet\packs\Microsoft.NETCore.App.Ref\9.0.12\ref\net9.0\System.ComponentModel.TypeConverter.dll"입니다.
             검색 경로 위치 "{RawFileName}"에서 참조를 찾았습니다.
             적어도 하나의 소스 항목에 대해 "Private"이 "false"로 설정되었고, "Private"이 "true"로 설정된 소스 항목이 없으므로 이 참조는 "CopyLocal"이 아닙니다.
         기본 참조 "System.ComponentModel, Version=9.0.0.0, Culture=neutral, PublicKeyToken=b03f5f7f11d50a3a"입니다.
             확인된 파일 경로는 "C:\Program Files\dotnet\packs\Microsoft.NETCore.App.Ref\9.0.12\ref\net9.0\System.ComponentModel.dll"입니다.
             검색 경로 위치 "{RawFileName}"에서 참조를 찾았습니다.
             적어도 하나의 소스 항목에 대해 "Private"이 "false"로 설정되었고, "Private"이 "true"로 설정된 소스 항목이 없으므로 이 참조는 "CopyLocal"이 아닙니다.
         기본 참조 "System.Configuration, Version=4.0.0.0, Culture=neutral, PublicKeyToken=b03f5f7f11d50a3a"입니다.
             확인된 파일 경로는 "C:\Program Files\dotnet\packs\Microsoft.NETCore.App.Ref\9.0.12\ref\net9.0\System.Configuration.dll"입니다.
             검색 경로 위치 "{RawFileName}"에서 참조를 찾았습니다.
             적어도 하나의 소스 항목에 대해 "Private"이 "false"로 설정되었고, "Private"이 "true"로 설정된 소스 항목이 없으므로 이 참조는 "CopyLocal"이 아닙니다.
         기본 참조 "System.Console, Version=9.0.0.0, Culture=neutral, PublicKeyToken=b03f5f7f11d50a3a"입니다.
             확인된 파일 경로는 "C:\Program Files\dotnet\packs\Microsoft.NETCore.App.Ref\9.0.12\ref\net9.0\System.Console.dll"입니다.
             검색 경로 위치 "{RawFileName}"에서 참조를 찾았습니다.
             적어도 하나의 소스 항목에 대해 "Private"이 "false"로 설정되었고, "Private"이 "true"로 설정된 소스 항목이 없으므로 이 참조는 "CopyLocal"이 아닙니다.
         기본 참조 "System.Core, Version=4.0.0.0, Culture=neutral, PublicKeyToken=b77a5c561934e089"입니다.
             확인된 파일 경로는 "C:\Program Files\dotnet\packs\Microsoft.NETCore.App.Ref\9.0.12\ref\net9.0\System.Core.dll"입니다.
             검색 경로 위치 "{RawFileName}"에서 참조를 찾았습니다.
             적어도 하나의 소스 항목에 대해 "Private"이 "false"로 설정되었고, "Private"이 "true"로 설정된 소스 항목이 없으므로 이 참조는 "CopyLocal"이 아닙니다.
         기본 참조 "System.Data.Common, Version=9.0.0.0, Culture=neutral, PublicKeyToken=b03f5f7f11d50a3a"입니다.
             확인된 파일 경로는 "C:\Program Files\dotnet\packs\Microsoft.NETCore.App.Ref\9.0.12\ref\net9.0\System.Data.Common.dll"입니다.
             검색 경로 위치 "{RawFileName}"에서 참조를 찾았습니다.
             적어도 하나의 소스 항목에 대해 "Private"이 "false"로 설정되었고, "Private"이 "true"로 설정된 소스 항목이 없으므로 이 참조는 "CopyLocal"이 아닙니다.
         기본 참조 "System.Data.DataSetExtensions, Version=9.0.0.0, Culture=neutral, PublicKeyToken=b77a5c561934e089"입니다.
             확인된 파일 경로는 "C:\Program Files\dotnet\packs\Microsoft.NETCore.App.Ref\9.0.12\ref\net9.0\System.Data.DataSetExtensions.dll"입니다.
             검색 경로 위치 "{RawFileName}"에서 참조를 찾았습니다.
             적어도 하나의 소스 항목에 대해 "Private"이 "false"로 설정되었고, "Private"이 "true"로 설정된 소스 항목이 없으므로 이 참조는 "CopyLocal"이 아닙니다.
         기본 참조 "System.Data, Version=4.0.0.0, Culture=neutral, PublicKeyToken=b77a5c561934e089"입니다.
             확인된 파일 경로는 "C:\Program Files\dotnet\packs\Microsoft.NETCore.App.Ref\9.0.12\ref\net9.0\System.Data.dll"입니다.
             검색 경로 위치 "{RawFileName}"에서 참조를 찾았습니다.
             적어도 하나의 소스 항목에 대해 "Private"이 "false"로 설정되었고, "Private"이 "true"로 설정된 소스 항목이 없으므로 이 참조는 "CopyLocal"이 아닙니다.
         기본 참조 "System.Diagnostics.Contracts, Version=9.0.0.0, Culture=neutral, PublicKeyToken=b03f5f7f11d50a3a"입니다.
             확인된 파일 경로는 "C:\Program Files\dotnet\packs\Microsoft.NETCore.App.Ref\9.0.12\ref\net9.0\System.Diagnostics.Contracts.dll"입니다.
             검색 경로 위치 "{RawFileName}"에서 참조를 찾았습니다.
             적어도 하나의 소스 항목에 대해 "Private"이 "false"로 설정되었고, "Private"이 "true"로 설정된 소스 항목이 없으므로 이 참조는 "CopyLocal"이 아닙니다.
         기본 참조 "System.Diagnostics.Debug, Version=9.0.0.0, Culture=neutral, PublicKeyToken=b03f5f7f11d50a3a"입니다.
             확인된 파일 경로는 "C:\Program Files\dotnet\packs\Microsoft.NETCore.App.Ref\9.0.12\ref\net9.0\System.Diagnostics.Debug.dll"입니다.
             검색 경로 위치 "{RawFileName}"에서 참조를 찾았습니다.
             적어도 하나의 소스 항목에 대해 "Private"이 "false"로 설정되었고, "Private"이 "true"로 설정된 소스 항목이 없으므로 이 참조는 "CopyLocal"이 아닙니다.
         기본 참조 "System.Diagnostics.DiagnosticSource, Version=9.0.0.0, Culture=neutral, PublicKeyToken=cc7b13ffcd2ddd51"입니다.
             확인된 파일 경로는 "C:\Program Files\dotnet\packs\Microsoft.NETCore.App.Ref\9.0.12\ref\net9.0\System.Diagnostics.DiagnosticSource.dll"입니다.
             검색 경로 위치 "{RawFileName}"에서 참조를 찾았습니다.
             적어도 하나의 소스 항목에 대해 "Private"이 "false"로 설정되었고, "Private"이 "true"로 설정된 소스 항목이 없으므로 이 참조는 "CopyLocal"이 아닙니다.
         기본 참조 "System.Diagnostics.FileVersionInfo, Version=9.0.0.0, Culture=neutral, PublicKeyToken=b03f5f7f11d50a3a"입니다.
             확인된 파일 경로는 "C:\Program Files\dotnet\packs\Microsoft.NETCore.App.Ref\9.0.12\ref\net9.0\System.Diagnostics.FileVersionInfo.dll"입니다.
             검색 경로 위치 "{RawFileName}"에서 참조를 찾았습니다.
             적어도 하나의 소스 항목에 대해 "Private"이 "false"로 설정되었고, "Private"이 "true"로 설정된 소스 항목이 없으므로 이 참조는 "CopyLocal"이 아닙니다.
         기본 참조 "System.Diagnostics.Process, Version=9.0.0.0, Culture=neutral, PublicKeyToken=b03f5f7f11d50a3a"입니다.
             확인된 파일 경로는 "C:\Program Files\dotnet\packs\Microsoft.NETCore.App.Ref\9.0.12\ref\net9.0\System.Diagnostics.Process.dll"입니다.
             검색 경로 위치 "{RawFileName}"에서 참조를 찾았습니다.
             적어도 하나의 소스 항목에 대해 "Private"이 "false"로 설정되었고, "Private"이 "true"로 설정된 소스 항목이 없으므로 이 참조는 "CopyLocal"이 아닙니다.
         기본 참조 "System.Diagnostics.StackTrace, Version=9.0.0.0, Culture=neutral, PublicKeyToken=b03f5f7f11d50a3a"입니다.
             확인된 파일 경로는 "C:\Program Files\dotnet\packs\Microsoft.NETCore.App.Ref\9.0.12\ref\net9.0\System.Diagnostics.StackTrace.dll"입니다.
             검색 경로 위치 "{RawFileName}"에서 참조를 찾았습니다.
             적어도 하나의 소스 항목에 대해 "Private"이 "false"로 설정되었고, "Private"이 "true"로 설정된 소스 항목이 없으므로 이 참조는 "CopyLocal"이 아닙니다.
         기본 참조 "System.Diagnostics.TextWriterTraceListener, Version=9.0.0.0, Culture=neutral, PublicKeyToken=b03f5f7f11d50a3a"입니다.
             확인된 파일 경로는 "C:\Program Files\dotnet\packs\Microsoft.NETCore.App.Ref\9.0.12\ref\net9.0\System.Diagnostics.TextWriterTraceListener.dll"입니다.
             검색 경로 위치 "{RawFileName}"에서 참조를 찾았습니다.
             적어도 하나의 소스 항목에 대해 "Private"이 "false"로 설정되었고, "Private"이 "true"로 설정된 소스 항목이 없으므로 이 참조는 "CopyLocal"이 아닙니다.
         기본 참조 "System.Diagnostics.Tools, Version=9.0.0.0, Culture=neutral, PublicKeyToken=b03f5f7f11d50a3a"입니다.
             확인된 파일 경로는 "C:\Program Files\dotnet\packs\Microsoft.NETCore.App.Ref\9.0.12\ref\net9.0\System.Diagnostics.Tools.dll"입니다.
             검색 경로 위치 "{RawFileName}"에서 참조를 찾았습니다.
             적어도 하나의 소스 항목에 대해 "Private"이 "false"로 설정되었고, "Private"이 "true"로 설정된 소스 항목이 없으므로 이 참조는 "CopyLocal"이 아닙니다.
         기본 참조 "System.Diagnostics.TraceSource, Version=9.0.0.0, Culture=neutral, PublicKeyToken=b03f5f7f11d50a3a"입니다.
             확인된 파일 경로는 "C:\Program Files\dotnet\packs\Microsoft.NETCore.App.Ref\9.0.12\ref\net9.0\System.Diagnostics.TraceSource.dll"입니다.
             검색 경로 위치 "{RawFileName}"에서 참조를 찾았습니다.
             적어도 하나의 소스 항목에 대해 "Private"이 "false"로 설정되었고, "Private"이 "true"로 설정된 소스 항목이 없으므로 이 참조는 "CopyLocal"이 아닙니다.
         기본 참조 "System.Diagnostics.Tracing, Version=9.0.0.0, Culture=neutral, PublicKeyToken=b03f5f7f11d50a3a"입니다.
             확인된 파일 경로는 "C:\Program Files\dotnet\packs\Microsoft.NETCore.App.Ref\9.0.12\ref\net9.0\System.Diagnostics.Tracing.dll"입니다.
             검색 경로 위치 "{RawFileName}"에서 참조를 찾았습니다.
             적어도 하나의 소스 항목에 대해 "Private"이 "false"로 설정되었고, "Private"이 "true"로 설정된 소스 항목이 없으므로 이 참조는 "CopyLocal"이 아닙니다.
         기본 참조 "System.Drawing.Primitives, Version=9.0.0.0, Culture=neutral, PublicKeyToken=b03f5f7f11d50a3a"입니다.
             확인된 파일 경로는 "C:\Program Files\dotnet\packs\Microsoft.NETCore.App.Ref\9.0.12\ref\net9.0\System.Drawing.Primitives.dll"입니다.
             검색 경로 위치 "{RawFileName}"에서 참조를 찾았습니다.
             적어도 하나의 소스 항목에 대해 "Private"이 "false"로 설정되었고, "Private"이 "true"로 설정된 소스 항목이 없으므로 이 참조는 "CopyLocal"이 아닙니다.
         기본 참조 "System.Dynamic.Runtime, Version=9.0.0.0, Culture=neutral, PublicKeyToken=b03f5f7f11d50a3a"입니다.
             확인된 파일 경로는 "C:\Program Files\dotnet\packs\Microsoft.NETCore.App.Ref\9.0.12\ref\net9.0\System.Dynamic.Runtime.dll"입니다.
             검색 경로 위치 "{RawFileName}"에서 참조를 찾았습니다.
             적어도 하나의 소스 항목에 대해 "Private"이 "false"로 설정되었고, "Private"이 "true"로 설정된 소스 항목이 없으므로 이 참조는 "CopyLocal"이 아닙니다.
         기본 참조 "System.Formats.Asn1, Version=9.0.0.0, Culture=neutral, PublicKeyToken=cc7b13ffcd2ddd51"입니다.
             확인된 파일 경로는 "C:\Program Files\dotnet\packs\Microsoft.NETCore.App.Ref\9.0.12\ref\net9.0\System.Formats.Asn1.dll"입니다.
             검색 경로 위치 "{RawFileName}"에서 참조를 찾았습니다.
             적어도 하나의 소스 항목에 대해 "Private"이 "false"로 설정되었고, "Private"이 "true"로 설정된 소스 항목이 없으므로 이 참조는 "CopyLocal"이 아닙니다.
         기본 참조 "System.Formats.Tar, Version=9.0.0.0, Culture=neutral, PublicKeyToken=cc7b13ffcd2ddd51"입니다.
             확인된 파일 경로는 "C:\Program Files\dotnet\packs\Microsoft.NETCore.App.Ref\9.0.12\ref\net9.0\System.Formats.Tar.dll"입니다.
             검색 경로 위치 "{RawFileName}"에서 참조를 찾았습니다.
             적어도 하나의 소스 항목에 대해 "Private"이 "false"로 설정되었고, "Private"이 "true"로 설정된 소스 항목이 없으므로 이 참조는 "CopyLocal"이 아닙니다.
         기본 참조 "System.Globalization.Calendars, Version=9.0.0.0, Culture=neutral, PublicKeyToken=b03f5f7f11d50a3a"입니다.
             확인된 파일 경로는 "C:\Program Files\dotnet\packs\Microsoft.NETCore.App.Ref\9.0.12\ref\net9.0\System.Globalization.Calendars.dll"입니다.
             검색 경로 위치 "{RawFileName}"에서 참조를 찾았습니다.
             적어도 하나의 소스 항목에 대해 "Private"이 "false"로 설정되었고, "Private"이 "true"로 설정된 소스 항목이 없으므로 이 참조는 "CopyLocal"이 아닙니다.
         기본 참조 "System.Globalization.Extensions, Version=9.0.0.0, Culture=neutral, PublicKeyToken=b03f5f7f11d50a3a"입니다.
             확인된 파일 경로는 "C:\Program Files\dotnet\packs\Microsoft.NETCore.App.Ref\9.0.12\ref\net9.0\System.Globalization.Extensions.dll"입니다.
             검색 경로 위치 "{RawFileName}"에서 참조를 찾았습니다.
             적어도 하나의 소스 항목에 대해 "Private"이 "false"로 설정되었고, "Private"이 "true"로 설정된 소스 항목이 없으므로 이 참조는 "CopyLocal"이 아닙니다.
         기본 참조 "System.Globalization, Version=9.0.0.0, Culture=neutral, PublicKeyToken=b03f5f7f11d50a3a"입니다.
             확인된 파일 경로는 "C:\Program Files\dotnet\packs\Microsoft.NETCore.App.Ref\9.0.12\ref\net9.0\System.Globalization.dll"입니다.
             검색 경로 위치 "{RawFileName}"에서 참조를 찾았습니다.
             적어도 하나의 소스 항목에 대해 "Private"이 "false"로 설정되었고, "Private"이 "true"로 설정된 소스 항목이 없으므로 이 참조는 "CopyLocal"이 아닙니다.
         기본 참조 "System.IO.Compression.Brotli, Version=9.0.0.0, Culture=neutral, PublicKeyToken=b77a5c561934e089"입니다.
             확인된 파일 경로는 "C:\Program Files\dotnet\packs\Microsoft.NETCore.App.Ref\9.0.12\ref\net9.0\System.IO.Compression.Brotli.dll"입니다.
             검색 경로 위치 "{RawFileName}"에서 참조를 찾았습니다.
             적어도 하나의 소스 항목에 대해 "Private"이 "false"로 설정되었고, "Private"이 "true"로 설정된 소스 항목이 없으므로 이 참조는 "CopyLocal"이 아닙니다.
         기본 참조 "System.IO.Compression.FileSystem, Version=4.0.0.0, Culture=neutral, PublicKeyToken=b77a5c561934e089"입니다.
             확인된 파일 경로는 "C:\Program Files\dotnet\packs\Microsoft.NETCore.App.Ref\9.0.12\ref\net9.0\System.IO.Compression.FileSystem.dll"입니다.
             검색 경로 위치 "{RawFileName}"에서 참조를 찾았습니다.
             적어도 하나의 소스 항목에 대해 "Private"이 "false"로 설정되었고, "Private"이 "true"로 설정된 소스 항목이 없으므로 이 참조는 "CopyLocal"이 아닙니다.
         기본 참조 "System.IO.Compression.ZipFile, Version=9.0.0.0, Culture=neutral, PublicKeyToken=b77a5c561934e089"입니다.
             확인된 파일 경로는 "C:\Program Files\dotnet\packs\Microsoft.NETCore.App.Ref\9.0.12\ref\net9.0\System.IO.Compression.ZipFile.dll"입니다.
             검색 경로 위치 "{RawFileName}"에서 참조를 찾았습니다.
             적어도 하나의 소스 항목에 대해 "Private"이 "false"로 설정되었고, "Private"이 "true"로 설정된 소스 항목이 없으므로 이 참조는 "CopyLocal"이 아닙니다.
         기본 참조 "System.IO.Compression, Version=9.0.0.0, Culture=neutral, PublicKeyToken=b77a5c561934e089"입니다.
             확인된 파일 경로는 "C:\Program Files\dotnet\packs\Microsoft.NETCore.App.Ref\9.0.12\ref\net9.0\System.IO.Compression.dll"입니다.
             검색 경로 위치 "{RawFileName}"에서 참조를 찾았습니다.
             적어도 하나의 소스 항목에 대해 "Private"이 "false"로 설정되었고, "Private"이 "true"로 설정된 소스 항목이 없으므로 이 참조는 "CopyLocal"이 아닙니다.
         기본 참조 "System.IO.FileSystem.AccessControl, Version=9.0.0.0, Culture=neutral, PublicKeyToken=b03f5f7f11d50a3a"입니다.
             확인된 파일 경로는 "C:\Program Files\dotnet\packs\Microsoft.NETCore.App.Ref\9.0.12\ref\net9.0\System.IO.FileSystem.AccessControl.dll"입니다.
             검색 경로 위치 "{RawFileName}"에서 참조를 찾았습니다.
             적어도 하나의 소스 항목에 대해 "Private"이 "false"로 설정되었고, "Private"이 "true"로 설정된 소스 항목이 없으므로 이 참조는 "CopyLocal"이 아닙니다.
         기본 참조 "System.IO.FileSystem.DriveInfo, Version=9.0.0.0, Culture=neutral, PublicKeyToken=b03f5f7f11d50a3a"입니다.
             확인된 파일 경로는 "C:\Program Files\dotnet\packs\Microsoft.NETCore.App.Ref\9.0.12\ref\net9.0\System.IO.FileSystem.DriveInfo.dll"입니다.
             검색 경로 위치 "{RawFileName}"에서 참조를 찾았습니다.
             적어도 하나의 소스 항목에 대해 "Private"이 "false"로 설정되었고, "Private"이 "true"로 설정된 소스 항목이 없으므로 이 참조는 "CopyLocal"이 아닙니다.
         기본 참조 "System.IO.FileSystem.Primitives, Version=9.0.0.0, Culture=neutral, PublicKeyToken=b03f5f7f11d50a3a"입니다.
             확인된 파일 경로는 "C:\Program Files\dotnet\packs\Microsoft.NETCore.App.Ref\9.0.12\ref\net9.0\System.IO.FileSystem.Primitives.dll"입니다.
             검색 경로 위치 "{RawFileName}"에서 참조를 찾았습니다.
             적어도 하나의 소스 항목에 대해 "Private"이 "false"로 설정되었고, "Private"이 "true"로 설정된 소스 항목이 없으므로 이 참조는 "CopyLocal"이 아닙니다.
         기본 참조 "System.IO.FileSystem.Watcher, Version=9.0.0.0, Culture=neutral, PublicKeyToken=b03f5f7f11d50a3a"입니다.
             확인된 파일 경로는 "C:\Program Files\dotnet\packs\Microsoft.NETCore.App.Ref\9.0.12\ref\net9.0\System.IO.FileSystem.Watcher.dll"입니다.
             검색 경로 위치 "{RawFileName}"에서 참조를 찾았습니다.
             적어도 하나의 소스 항목에 대해 "Private"이 "false"로 설정되었고, "Private"이 "true"로 설정된 소스 항목이 없으므로 이 참조는 "CopyLocal"이 아닙니다.
         기본 참조 "System.IO.FileSystem, Version=9.0.0.0, Culture=neutral, PublicKeyToken=b03f5f7f11d50a3a"입니다.
             확인된 파일 경로는 "C:\Program Files\dotnet\packs\Microsoft.NETCore.App.Ref\9.0.12\ref\net9.0\System.IO.FileSystem.dll"입니다.
             검색 경로 위치 "{RawFileName}"에서 참조를 찾았습니다.
             적어도 하나의 소스 항목에 대해 "Private"이 "false"로 설정되었고, "Private"이 "true"로 설정된 소스 항목이 없으므로 이 참조는 "CopyLocal"이 아닙니다.
         기본 참조 "System.IO.IsolatedStorage, Version=9.0.0.0, Culture=neutral, PublicKeyToken=b03f5f7f11d50a3a"입니다.
             확인된 파일 경로는 "C:\Program Files\dotnet\packs\Microsoft.NETCore.App.Ref\9.0.12\ref\net9.0\System.IO.IsolatedStorage.dll"입니다.
             검색 경로 위치 "{RawFileName}"에서 참조를 찾았습니다.
             적어도 하나의 소스 항목에 대해 "Private"이 "false"로 설정되었고, "Private"이 "true"로 설정된 소스 항목이 없으므로 이 참조는 "CopyLocal"이 아닙니다.
         기본 참조 "System.IO.MemoryMappedFiles, Version=9.0.0.0, Culture=neutral, PublicKeyToken=b03f5f7f11d50a3a"입니다.
             확인된 파일 경로는 "C:\Program Files\dotnet\packs\Microsoft.NETCore.App.Ref\9.0.12\ref\net9.0\System.IO.MemoryMappedFiles.dll"입니다.
             검색 경로 위치 "{RawFileName}"에서 참조를 찾았습니다.
             적어도 하나의 소스 항목에 대해 "Private"이 "false"로 설정되었고, "Private"이 "true"로 설정된 소스 항목이 없으므로 이 참조는 "CopyLocal"이 아닙니다.
         기본 참조 "System.IO.Pipelines, Version=9.0.0.0, Culture=neutral, PublicKeyToken=cc7b13ffcd2ddd51"입니다.
             확인된 파일 경로는 "C:\Program Files\dotnet\packs\Microsoft.NETCore.App.Ref\9.0.12\ref\net9.0\System.IO.Pipelines.dll"입니다.
             검색 경로 위치 "{RawFileName}"에서 참조를 찾았습니다.
             적어도 하나의 소스 항목에 대해 "Private"이 "false"로 설정되었고, "Private"이 "true"로 설정된 소스 항목이 없으므로 이 참조는 "CopyLocal"이 아닙니다.
         기본 참조 "System.IO.Pipes.AccessControl, Version=9.0.0.0, Culture=neutral, PublicKeyToken=b03f5f7f11d50a3a"입니다.
             확인된 파일 경로는 "C:\Program Files\dotnet\packs\Microsoft.NETCore.App.Ref\9.0.12\ref\net9.0\System.IO.Pipes.AccessControl.dll"입니다.
             검색 경로 위치 "{RawFileName}"에서 참조를 찾았습니다.
             적어도 하나의 소스 항목에 대해 "Private"이 "false"로 설정되었고, "Private"이 "true"로 설정된 소스 항목이 없으므로 이 참조는 "CopyLocal"이 아닙니다.
         기본 참조 "System.IO.Pipes, Version=9.0.0.0, Culture=neutral, PublicKeyToken=b03f5f7f11d50a3a"입니다.
             확인된 파일 경로는 "C:\Program Files\dotnet\packs\Microsoft.NETCore.App.Ref\9.0.12\ref\net9.0\System.IO.Pipes.dll"입니다.
             검색 경로 위치 "{RawFileName}"에서 참조를 찾았습니다.
             적어도 하나의 소스 항목에 대해 "Private"이 "false"로 설정되었고, "Private"이 "true"로 설정된 소스 항목이 없으므로 이 참조는 "CopyLocal"이 아닙니다.
         기본 참조 "System.IO.UnmanagedMemoryStream, Version=9.0.0.0, Culture=neutral, PublicKeyToken=b03f5f7f11d50a3a"입니다.
             확인된 파일 경로는 "C:\Program Files\dotnet\packs\Microsoft.NETCore.App.Ref\9.0.12\ref\net9.0\System.IO.UnmanagedMemoryStream.dll"입니다.
             검색 경로 위치 "{RawFileName}"에서 참조를 찾았습니다.
             적어도 하나의 소스 항목에 대해 "Private"이 "false"로 설정되었고, "Private"이 "true"로 설정된 소스 항목이 없으므로 이 참조는 "CopyLocal"이 아닙니다.
         기본 참조 "System.IO, Version=9.0.0.0, Culture=neutral, PublicKeyToken=b03f5f7f11d50a3a"입니다.
             확인된 파일 경로는 "C:\Program Files\dotnet\packs\Microsoft.NETCore.App.Ref\9.0.12\ref\net9.0\System.IO.dll"입니다.
             검색 경로 위치 "{RawFileName}"에서 참조를 찾았습니다.
             적어도 하나의 소스 항목에 대해 "Private"이 "false"로 설정되었고, "Private"이 "true"로 설정된 소스 항목이 없으므로 이 참조는 "CopyLocal"이 아닙니다.
         기본 참조 "System.Linq.Expressions, Version=9.0.0.0, Culture=neutral, PublicKeyToken=b03f5f7f11d50a3a"입니다.
             확인된 파일 경로는 "C:\Program Files\dotnet\packs\Microsoft.NETCore.App.Ref\9.0.12\ref\net9.0\System.Linq.Expressions.dll"입니다.
             검색 경로 위치 "{RawFileName}"에서 참조를 찾았습니다.
             적어도 하나의 소스 항목에 대해 "Private"이 "false"로 설정되었고, "Private"이 "true"로 설정된 소스 항목이 없으므로 이 참조는 "CopyLocal"이 아닙니다.
         기본 참조 "System.Linq.Parallel, Version=9.0.0.0, Culture=neutral, PublicKeyToken=b03f5f7f11d50a3a"입니다.
             확인된 파일 경로는 "C:\Program Files\dotnet\packs\Microsoft.NETCore.App.Ref\9.0.12\ref\net9.0\System.Linq.Parallel.dll"입니다.
             검색 경로 위치 "{RawFileName}"에서 참조를 찾았습니다.
             적어도 하나의 소스 항목에 대해 "Private"이 "false"로 설정되었고, "Private"이 "true"로 설정된 소스 항목이 없으므로 이 참조는 "CopyLocal"이 아닙니다.
         기본 참조 "System.Linq.Queryable, Version=9.0.0.0, Culture=neutral, PublicKeyToken=b03f5f7f11d50a3a"입니다.
             확인된 파일 경로는 "C:\Program Files\dotnet\packs\Microsoft.NETCore.App.Ref\9.0.12\ref\net9.0\System.Linq.Queryable.dll"입니다.
             검색 경로 위치 "{RawFileName}"에서 참조를 찾았습니다.
             적어도 하나의 소스 항목에 대해 "Private"이 "false"로 설정되었고, "Private"이 "true"로 설정된 소스 항목이 없으므로 이 참조는 "CopyLocal"이 아닙니다.
         기본 참조 "System.Linq, Version=9.0.0.0, Culture=neutral, PublicKeyToken=b03f5f7f11d50a3a"입니다.
             확인된 파일 경로는 "C:\Program Files\dotnet\packs\Microsoft.NETCore.App.Ref\9.0.12\ref\net9.0\System.Linq.dll"입니다.
             검색 경로 위치 "{RawFileName}"에서 참조를 찾았습니다.
             적어도 하나의 소스 항목에 대해 "Private"이 "false"로 설정되었고, "Private"이 "true"로 설정된 소스 항목이 없으므로 이 참조는 "CopyLocal"이 아닙니다.
         기본 참조 "System.Memory, Version=9.0.0.0, Culture=neutral, PublicKeyToken=cc7b13ffcd2ddd51"입니다.
             확인된 파일 경로는 "C:\Program Files\dotnet\packs\Microsoft.NETCore.App.Ref\9.0.12\ref\net9.0\System.Memory.dll"입니다.
             검색 경로 위치 "{RawFileName}"에서 참조를 찾았습니다.
             적어도 하나의 소스 항목에 대해 "Private"이 "false"로 설정되었고, "Private"이 "true"로 설정된 소스 항목이 없으므로 이 참조는 "CopyLocal"이 아닙니다.
         기본 참조 "System.Net.Http.Json, Version=9.0.0.0, Culture=neutral, PublicKeyToken=cc7b13ffcd2ddd51"입니다.
             확인된 파일 경로는 "C:\Program Files\dotnet\packs\Microsoft.NETCore.App.Ref\9.0.12\ref\net9.0\System.Net.Http.Json.dll"입니다.
             검색 경로 위치 "{RawFileName}"에서 참조를 찾았습니다.
             적어도 하나의 소스 항목에 대해 "Private"이 "false"로 설정되었고, "Private"이 "true"로 설정된 소스 항목이 없으므로 이 참조는 "CopyLocal"이 아닙니다.
         기본 참조 "System.Net.Http, Version=9.0.0.0, Culture=neutral, PublicKeyToken=b03f5f7f11d50a3a"입니다.
             확인된 파일 경로는 "C:\Program Files\dotnet\packs\Microsoft.NETCore.App.Ref\9.0.12\ref\net9.0\System.Net.Http.dll"입니다.
             검색 경로 위치 "{RawFileName}"에서 참조를 찾았습니다.
             적어도 하나의 소스 항목에 대해 "Private"이 "false"로 설정되었고, "Private"이 "true"로 설정된 소스 항목이 없으므로 이 참조는 "CopyLocal"이 아닙니다.
         기본 참조 "System.Net.HttpListener, Version=9.0.0.0, Culture=neutral, PublicKeyToken=cc7b13ffcd2ddd51"입니다.
             확인된 파일 경로는 "C:\Program Files\dotnet\packs\Microsoft.NETCore.App.Ref\9.0.12\ref\net9.0\System.Net.HttpListener.dll"입니다.
             검색 경로 위치 "{RawFileName}"에서 참조를 찾았습니다.
             적어도 하나의 소스 항목에 대해 "Private"이 "false"로 설정되었고, "Private"이 "true"로 설정된 소스 항목이 없으므로 이 참조는 "CopyLocal"이 아닙니다.
         기본 참조 "System.Net.Mail, Version=9.0.0.0, Culture=neutral, PublicKeyToken=cc7b13ffcd2ddd51"입니다.
             확인된 파일 경로는 "C:\Program Files\dotnet\packs\Microsoft.NETCore.App.Ref\9.0.12\ref\net9.0\System.Net.Mail.dll"입니다.
             검색 경로 위치 "{RawFileName}"에서 참조를 찾았습니다.
             적어도 하나의 소스 항목에 대해 "Private"이 "false"로 설정되었고, "Private"이 "true"로 설정된 소스 항목이 없으므로 이 참조는 "CopyLocal"이 아닙니다.
         기본 참조 "System.Net.NameResolution, Version=9.0.0.0, Culture=neutral, PublicKeyToken=b03f5f7f11d50a3a"입니다.
             확인된 파일 경로는 "C:\Program Files\dotnet\packs\Microsoft.NETCore.App.Ref\9.0.12\ref\net9.0\System.Net.NameResolution.dll"입니다.
             검색 경로 위치 "{RawFileName}"에서 참조를 찾았습니다.
             적어도 하나의 소스 항목에 대해 "Private"이 "false"로 설정되었고, "Private"이 "true"로 설정된 소스 항목이 없으므로 이 참조는 "CopyLocal"이 아닙니다.
         기본 참조 "System.Net.NetworkInformation, Version=9.0.0.0, Culture=neutral, PublicKeyToken=b03f5f7f11d50a3a"입니다.
             확인된 파일 경로는 "C:\Program Files\dotnet\packs\Microsoft.NETCore.App.Ref\9.0.12\ref\net9.0\System.Net.NetworkInformation.dll"입니다.
             검색 경로 위치 "{RawFileName}"에서 참조를 찾았습니다.
             적어도 하나의 소스 항목에 대해 "Private"이 "false"로 설정되었고, "Private"이 "true"로 설정된 소스 항목이 없으므로 이 참조는 "CopyLocal"이 아닙니다.
         기본 참조 "System.Net.Ping, Version=9.0.0.0, Culture=neutral, PublicKeyToken=b03f5f7f11d50a3a"입니다.
             확인된 파일 경로는 "C:\Program Files\dotnet\packs\Microsoft.NETCore.App.Ref\9.0.12\ref\net9.0\System.Net.Ping.dll"입니다.
             검색 경로 위치 "{RawFileName}"에서 참조를 찾았습니다.
             적어도 하나의 소스 항목에 대해 "Private"이 "false"로 설정되었고, "Private"이 "true"로 설정된 소스 항목이 없으므로 이 참조는 "CopyLocal"이 아닙니다.
         기본 참조 "System.Net.Primitives, Version=9.0.0.0, Culture=neutral, PublicKeyToken=b03f5f7f11d50a3a"입니다.
             확인된 파일 경로는 "C:\Program Files\dotnet\packs\Microsoft.NETCore.App.Ref\9.0.12\ref\net9.0\System.Net.Primitives.dll"입니다.
             검색 경로 위치 "{RawFileName}"에서 참조를 찾았습니다.
             적어도 하나의 소스 항목에 대해 "Private"이 "false"로 설정되었고, "Private"이 "true"로 설정된 소스 항목이 없으므로 이 참조는 "CopyLocal"이 아닙니다.
         기본 참조 "System.Net.Quic, Version=9.0.0.0, Culture=neutral, PublicKeyToken=b03f5f7f11d50a3a"입니다.
             확인된 파일 경로는 "C:\Program Files\dotnet\packs\Microsoft.NETCore.App.Ref\9.0.12\ref\net9.0\System.Net.Quic.dll"입니다.
             검색 경로 위치 "{RawFileName}"에서 참조를 찾았습니다.
             적어도 하나의 소스 항목에 대해 "Private"이 "false"로 설정되었고, "Private"이 "true"로 설정된 소스 항목이 없으므로 이 참조는 "CopyLocal"이 아닙니다.
         기본 참조 "System.Net.Requests, Version=9.0.0.0, Culture=neutral, PublicKeyToken=b03f5f7f11d50a3a"입니다.
             확인된 파일 경로는 "C:\Program Files\dotnet\packs\Microsoft.NETCore.App.Ref\9.0.12\ref\net9.0\System.Net.Requests.dll"입니다.
             검색 경로 위치 "{RawFileName}"에서 참조를 찾았습니다.
             적어도 하나의 소스 항목에 대해 "Private"이 "false"로 설정되었고, "Private"이 "true"로 설정된 소스 항목이 없으므로 이 참조는 "CopyLocal"이 아닙니다.
         기본 참조 "System.Net.Security, Version=9.0.0.0, Culture=neutral, PublicKeyToken=b03f5f7f11d50a3a"입니다.
             확인된 파일 경로는 "C:\Program Files\dotnet\packs\Microsoft.NETCore.App.Ref\9.0.12\ref\net9.0\System.Net.Security.dll"입니다.
             검색 경로 위치 "{RawFileName}"에서 참조를 찾았습니다.
             적어도 하나의 소스 항목에 대해 "Private"이 "false"로 설정되었고, "Private"이 "true"로 설정된 소스 항목이 없으므로 이 참조는 "CopyLocal"이 아닙니다.
         기본 참조 "System.Net.ServicePoint, Version=9.0.0.0, Culture=neutral, PublicKeyToken=cc7b13ffcd2ddd51"입니다.
             확인된 파일 경로는 "C:\Program Files\dotnet\packs\Microsoft.NETCore.App.Ref\9.0.12\ref\net9.0\System.Net.ServicePoint.dll"입니다.
             검색 경로 위치 "{RawFileName}"에서 참조를 찾았습니다.
             적어도 하나의 소스 항목에 대해 "Private"이 "false"로 설정되었고, "Private"이 "true"로 설정된 소스 항목이 없으므로 이 참조는 "CopyLocal"이 아닙니다.
         기본 참조 "System.Net.Sockets, Version=9.0.0.0, Culture=neutral, PublicKeyToken=b03f5f7f11d50a3a"입니다.
             확인된 파일 경로는 "C:\Program Files\dotnet\packs\Microsoft.NETCore.App.Ref\9.0.12\ref\net9.0\System.Net.Sockets.dll"입니다.
             검색 경로 위치 "{RawFileName}"에서 참조를 찾았습니다.
             적어도 하나의 소스 항목에 대해 "Private"이 "false"로 설정되었고, "Private"이 "true"로 설정된 소스 항목이 없으므로 이 참조는 "CopyLocal"이 아닙니다.
         기본 참조 "System.Net.WebClient, Version=9.0.0.0, Culture=neutral, PublicKeyToken=cc7b13ffcd2ddd51"입니다.
             확인된 파일 경로는 "C:\Program Files\dotnet\packs\Microsoft.NETCore.App.Ref\9.0.12\ref\net9.0\System.Net.WebClient.dll"입니다.
             검색 경로 위치 "{RawFileName}"에서 참조를 찾았습니다.
             적어도 하나의 소스 항목에 대해 "Private"이 "false"로 설정되었고, "Private"이 "true"로 설정된 소스 항목이 없으므로 이 참조는 "CopyLocal"이 아닙니다.
         기본 참조 "System.Net.WebHeaderCollection, Version=9.0.0.0, Culture=neutral, PublicKeyToken=b03f5f7f11d50a3a"입니다.
             확인된 파일 경로는 "C:\Program Files\dotnet\packs\Microsoft.NETCore.App.Ref\9.0.12\ref\net9.0\System.Net.WebHeaderCollection.dll"입니다.
             검색 경로 위치 "{RawFileName}"에서 참조를 찾았습니다.
             적어도 하나의 소스 항목에 대해 "Private"이 "false"로 설정되었고, "Private"이 "true"로 설정된 소스 항목이 없으므로 이 참조는 "CopyLocal"이 아닙니다.
         기본 참조 "System.Net.WebProxy, Version=9.0.0.0, Culture=neutral, PublicKeyToken=cc7b13ffcd2ddd51"입니다.
             확인된 파일 경로는 "C:\Program Files\dotnet\packs\Microsoft.NETCore.App.Ref\9.0.12\ref\net9.0\System.Net.WebProxy.dll"입니다.
             검색 경로 위치 "{RawFileName}"에서 참조를 찾았습니다.
             적어도 하나의 소스 항목에 대해 "Private"이 "false"로 설정되었고, "Private"이 "true"로 설정된 소스 항목이 없으므로 이 참조는 "CopyLocal"이 아닙니다.
         기본 참조 "System.Net.WebSockets.Client, Version=9.0.0.0, Culture=neutral, PublicKeyToken=b03f5f7f11d50a3a"입니다.
             확인된 파일 경로는 "C:\Program Files\dotnet\packs\Microsoft.NETCore.App.Ref\9.0.12\ref\net9.0\System.Net.WebSockets.Client.dll"입니다.
             검색 경로 위치 "{RawFileName}"에서 참조를 찾았습니다.
             적어도 하나의 소스 항목에 대해 "Private"이 "false"로 설정되었고, "Private"이 "true"로 설정된 소스 항목이 없으므로 이 참조는 "CopyLocal"이 아닙니다.
         기본 참조 "System.Net.WebSockets, Version=9.0.0.0, Culture=neutral, PublicKeyToken=b03f5f7f11d50a3a"입니다.
             확인된 파일 경로는 "C:\Program Files\dotnet\packs\Microsoft.NETCore.App.Ref\9.0.12\ref\net9.0\System.Net.WebSockets.dll"입니다.
             검색 경로 위치 "{RawFileName}"에서 참조를 찾았습니다.
             적어도 하나의 소스 항목에 대해 "Private"이 "false"로 설정되었고, "Private"이 "true"로 설정된 소스 항목이 없으므로 이 참조는 "CopyLocal"이 아닙니다.
         기본 참조 "System.Net, Version=4.0.0.0, Culture=neutral, PublicKeyToken=b03f5f7f11d50a3a"입니다.
             확인된 파일 경로는 "C:\Program Files\dotnet\packs\Microsoft.NETCore.App.Ref\9.0.12\ref\net9.0\System.Net.dll"입니다.
             검색 경로 위치 "{RawFileName}"에서 참조를 찾았습니다.
             적어도 하나의 소스 항목에 대해 "Private"이 "false"로 설정되었고, "Private"이 "true"로 설정된 소스 항목이 없으므로 이 참조는 "CopyLocal"이 아닙니다.
         기본 참조 "System.Numerics.Vectors, Version=9.0.0.0, Culture=neutral, PublicKeyToken=b03f5f7f11d50a3a"입니다.
             확인된 파일 경로는 "C:\Program Files\dotnet\packs\Microsoft.NETCore.App.Ref\9.0.12\ref\net9.0\System.Numerics.Vectors.dll"입니다.
             검색 경로 위치 "{RawFileName}"에서 참조를 찾았습니다.
             적어도 하나의 소스 항목에 대해 "Private"이 "false"로 설정되었고, "Private"이 "true"로 설정된 소스 항목이 없으므로 이 참조는 "CopyLocal"이 아닙니다.
         기본 참조 "System.Numerics, Version=4.0.0.0, Culture=neutral, PublicKeyToken=b77a5c561934e089"입니다.
             확인된 파일 경로는 "C:\Program Files\dotnet\packs\Microsoft.NETCore.App.Ref\9.0.12\ref\net9.0\System.Numerics.dll"입니다.
             검색 경로 위치 "{RawFileName}"에서 참조를 찾았습니다.
             적어도 하나의 소스 항목에 대해 "Private"이 "false"로 설정되었고, "Private"이 "true"로 설정된 소스 항목이 없으므로 이 참조는 "CopyLocal"이 아닙니다.
         기본 참조 "System.ObjectModel, Version=9.0.0.0, Culture=neutral, PublicKeyToken=b03f5f7f11d50a3a"입니다.
             확인된 파일 경로는 "C:\Program Files\dotnet\packs\Microsoft.NETCore.App.Ref\9.0.12\ref\net9.0\System.ObjectModel.dll"입니다.
             검색 경로 위치 "{RawFileName}"에서 참조를 찾았습니다.
             적어도 하나의 소스 항목에 대해 "Private"이 "false"로 설정되었고, "Private"이 "true"로 설정된 소스 항목이 없으므로 이 참조는 "CopyLocal"이 아닙니다.
         기본 참조 "System.Reflection.DispatchProxy, Version=9.0.0.0, Culture=neutral, PublicKeyToken=b03f5f7f11d50a3a"입니다.
             확인된 파일 경로는 "C:\Program Files\dotnet\packs\Microsoft.NETCore.App.Ref\9.0.12\ref\net9.0\System.Reflection.DispatchProxy.dll"입니다.
             검색 경로 위치 "{RawFileName}"에서 참조를 찾았습니다.
             적어도 하나의 소스 항목에 대해 "Private"이 "false"로 설정되었고, "Private"이 "true"로 설정된 소스 항목이 없으므로 이 참조는 "CopyLocal"이 아닙니다.
         기본 참조 "System.Reflection.Emit.ILGeneration, Version=9.0.0.0, Culture=neutral, PublicKeyToken=b03f5f7f11d50a3a"입니다.
             확인된 파일 경로는 "C:\Program Files\dotnet\packs\Microsoft.NETCore.App.Ref\9.0.12\ref\net9.0\System.Reflection.Emit.ILGeneration.dll"입니다.
             검색 경로 위치 "{RawFileName}"에서 참조를 찾았습니다.
             적어도 하나의 소스 항목에 대해 "Private"이 "false"로 설정되었고, "Private"이 "true"로 설정된 소스 항목이 없으므로 이 참조는 "CopyLocal"이 아닙니다.
         기본 참조 "System.Reflection.Emit.Lightweight, Version=9.0.0.0, Culture=neutral, PublicKeyToken=b03f5f7f11d50a3a"입니다.
             확인된 파일 경로는 "C:\Program Files\dotnet\packs\Microsoft.NETCore.App.Ref\9.0.12\ref\net9.0\System.Reflection.Emit.Lightweight.dll"입니다.
             검색 경로 위치 "{RawFileName}"에서 참조를 찾았습니다.
             적어도 하나의 소스 항목에 대해 "Private"이 "false"로 설정되었고, "Private"이 "true"로 설정된 소스 항목이 없으므로 이 참조는 "CopyLocal"이 아닙니다.
         기본 참조 "System.Reflection.Emit, Version=9.0.0.0, Culture=neutral, PublicKeyToken=b03f5f7f11d50a3a"입니다.
             확인된 파일 경로는 "C:\Program Files\dotnet\packs\Microsoft.NETCore.App.Ref\9.0.12\ref\net9.0\System.Reflection.Emit.dll"입니다.
             검색 경로 위치 "{RawFileName}"에서 참조를 찾았습니다.
             적어도 하나의 소스 항목에 대해 "Private"이 "false"로 설정되었고, "Private"이 "true"로 설정된 소스 항목이 없으므로 이 참조는 "CopyLocal"이 아닙니다.
         기본 참조 "System.Reflection.Extensions, Version=9.0.0.0, Culture=neutral, PublicKeyToken=b03f5f7f11d50a3a"입니다.
             확인된 파일 경로는 "C:\Program Files\dotnet\packs\Microsoft.NETCore.App.Ref\9.0.12\ref\net9.0\System.Reflection.Extensions.dll"입니다.
             검색 경로 위치 "{RawFileName}"에서 참조를 찾았습니다.
             적어도 하나의 소스 항목에 대해 "Private"이 "false"로 설정되었고, "Private"이 "true"로 설정된 소스 항목이 없으므로 이 참조는 "CopyLocal"이 아닙니다.
         기본 참조 "System.Reflection.Metadata, Version=9.0.0.0, Culture=neutral, PublicKeyToken=b03f5f7f11d50a3a"입니다.
             확인된 파일 경로는 "C:\Program Files\dotnet\packs\Microsoft.NETCore.App.Ref\9.0.12\ref\net9.0\System.Reflection.Metadata.dll"입니다.
             검색 경로 위치 "{RawFileName}"에서 참조를 찾았습니다.
             적어도 하나의 소스 항목에 대해 "Private"이 "false"로 설정되었고, "Private"이 "true"로 설정된 소스 항목이 없으므로 이 참조는 "CopyLocal"이 아닙니다.
         기본 참조 "System.Reflection.Primitives, Version=9.0.0.0, Culture=neutral, PublicKeyToken=b03f5f7f11d50a3a"입니다.
             확인된 파일 경로는 "C:\Program Files\dotnet\packs\Microsoft.NETCore.App.Ref\9.0.12\ref\net9.0\System.Reflection.Primitives.dll"입니다.
             검색 경로 위치 "{RawFileName}"에서 참조를 찾았습니다.
             적어도 하나의 소스 항목에 대해 "Private"이 "false"로 설정되었고, "Private"이 "true"로 설정된 소스 항목이 없으므로 이 참조는 "CopyLocal"이 아닙니다.
         기본 참조 "System.Reflection.TypeExtensions, Version=9.0.0.0, Culture=neutral, PublicKeyToken=b03f5f7f11d50a3a"입니다.
             확인된 파일 경로는 "C:\Program Files\dotnet\packs\Microsoft.NETCore.App.Ref\9.0.12\ref\net9.0\System.Reflection.TypeExtensions.dll"입니다.
             검색 경로 위치 "{RawFileName}"에서 참조를 찾았습니다.
             적어도 하나의 소스 항목에 대해 "Private"이 "false"로 설정되었고, "Private"이 "true"로 설정된 소스 항목이 없으므로 이 참조는 "CopyLocal"이 아닙니다.
         기본 참조 "System.Reflection, Version=9.0.0.0, Culture=neutral, PublicKeyToken=b03f5f7f11d50a3a"입니다.
             확인된 파일 경로는 "C:\Program Files\dotnet\packs\Microsoft.NETCore.App.Ref\9.0.12\ref\net9.0\System.Reflection.dll"입니다.
             검색 경로 위치 "{RawFileName}"에서 참조를 찾았습니다.
             적어도 하나의 소스 항목에 대해 "Private"이 "false"로 설정되었고, "Private"이 "true"로 설정된 소스 항목이 없으므로 이 참조는 "CopyLocal"이 아닙니다.
         기본 참조 "System.Resources.Reader, Version=9.0.0.0, Culture=neutral, PublicKeyToken=b03f5f7f11d50a3a"입니다.
             확인된 파일 경로는 "C:\Program Files\dotnet\packs\Microsoft.NETCore.App.Ref\9.0.12\ref\net9.0\System.Resources.Reader.dll"입니다.
             검색 경로 위치 "{RawFileName}"에서 참조를 찾았습니다.
             적어도 하나의 소스 항목에 대해 "Private"이 "false"로 설정되었고, "Private"이 "true"로 설정된 소스 항목이 없으므로 이 참조는 "CopyLocal"이 아닙니다.
         기본 참조 "System.Resources.ResourceManager, Version=9.0.0.0, Culture=neutral, PublicKeyToken=b03f5f7f11d50a3a"입니다.
             확인된 파일 경로는 "C:\Program Files\dotnet\packs\Microsoft.NETCore.App.Ref\9.0.12\ref\net9.0\System.Resources.ResourceManager.dll"입니다.
             검색 경로 위치 "{RawFileName}"에서 참조를 찾았습니다.
             적어도 하나의 소스 항목에 대해 "Private"이 "false"로 설정되었고, "Private"이 "true"로 설정된 소스 항목이 없으므로 이 참조는 "CopyLocal"이 아닙니다.
         기본 참조 "System.Resources.Writer, Version=9.0.0.0, Culture=neutral, PublicKeyToken=b03f5f7f11d50a3a"입니다.
             확인된 파일 경로는 "C:\Program Files\dotnet\packs\Microsoft.NETCore.App.Ref\9.0.12\ref\net9.0\System.Resources.Writer.dll"입니다.
             검색 경로 위치 "{RawFileName}"에서 참조를 찾았습니다.
             적어도 하나의 소스 항목에 대해 "Private"이 "false"로 설정되었고, "Private"이 "true"로 설정된 소스 항목이 없으므로 이 참조는 "CopyLocal"이 아닙니다.
         기본 참조 "System.Runtime.CompilerServices.Unsafe, Version=9.0.0.0, Culture=neutral, PublicKeyToken=b03f5f7f11d50a3a"입니다.
             확인된 파일 경로는 "C:\Program Files\dotnet\packs\Microsoft.NETCore.App.Ref\9.0.12\ref\net9.0\System.Runtime.CompilerServices.Unsafe.dll"입니다.
             검색 경로 위치 "{RawFileName}"에서 참조를 찾았습니다.
             적어도 하나의 소스 항목에 대해 "Private"이 "false"로 설정되었고, "Private"이 "true"로 설정된 소스 항목이 없으므로 이 참조는 "CopyLocal"이 아닙니다.
         기본 참조 "System.Runtime.CompilerServices.VisualC, Version=9.0.0.0, Culture=neutral, PublicKeyToken=b03f5f7f11d50a3a"입니다.
             확인된 파일 경로는 "C:\Program Files\dotnet\packs\Microsoft.NETCore.App.Ref\9.0.12\ref\net9.0\System.Runtime.CompilerServices.VisualC.dll"입니다.
             검색 경로 위치 "{RawFileName}"에서 참조를 찾았습니다.
             적어도 하나의 소스 항목에 대해 "Private"이 "false"로 설정되었고, "Private"이 "true"로 설정된 소스 항목이 없으므로 이 참조는 "CopyLocal"이 아닙니다.
         기본 참조 "System.Runtime.Extensions, Version=9.0.0.0, Culture=neutral, PublicKeyToken=b03f5f7f11d50a3a"입니다.
             확인된 파일 경로는 "C:\Program Files\dotnet\packs\Microsoft.NETCore.App.Ref\9.0.12\ref\net9.0\System.Runtime.Extensions.dll"입니다.
             검색 경로 위치 "{RawFileName}"에서 참조를 찾았습니다.
             적어도 하나의 소스 항목에 대해 "Private"이 "false"로 설정되었고, "Private"이 "true"로 설정된 소스 항목이 없으므로 이 참조는 "CopyLocal"이 아닙니다.
         기본 참조 "System.Runtime.Handles, Version=9.0.0.0, Culture=neutral, PublicKeyToken=b03f5f7f11d50a3a"입니다.
             확인된 파일 경로는 "C:\Program Files\dotnet\packs\Microsoft.NETCore.App.Ref\9.0.12\ref\net9.0\System.Runtime.Handles.dll"입니다.
             검색 경로 위치 "{RawFileName}"에서 참조를 찾았습니다.
             적어도 하나의 소스 항목에 대해 "Private"이 "false"로 설정되었고, "Private"이 "true"로 설정된 소스 항목이 없으므로 이 참조는 "CopyLocal"이 아닙니다.
         기본 참조 "System.Runtime.InteropServices.JavaScript, Version=9.0.0.0, Culture=neutral, PublicKeyToken=b03f5f7f11d50a3a"입니다.
             확인된 파일 경로는 "C:\Program Files\dotnet\packs\Microsoft.NETCore.App.Ref\9.0.12\ref\net9.0\System.Runtime.InteropServices.JavaScript.dll"입니다.
             검색 경로 위치 "{RawFileName}"에서 참조를 찾았습니다.
             적어도 하나의 소스 항목에 대해 "Private"이 "false"로 설정되었고, "Private"이 "true"로 설정된 소스 항목이 없으므로 이 참조는 "CopyLocal"이 아닙니다.
         기본 참조 "System.Runtime.InteropServices.RuntimeInformation, Version=9.0.0.0, Culture=neutral, PublicKeyToken=b03f5f7f11d50a3a"입니다.
             확인된 파일 경로는 "C:\Program Files\dotnet\packs\Microsoft.NETCore.App.Ref\9.0.12\ref\net9.0\System.Runtime.InteropServices.RuntimeInformation.dll"입니다.
             검색 경로 위치 "{RawFileName}"에서 참조를 찾았습니다.
             적어도 하나의 소스 항목에 대해 "Private"이 "false"로 설정되었고, "Private"이 "true"로 설정된 소스 항목이 없으므로 이 참조는 "CopyLocal"이 아닙니다.
         기본 참조 "System.Runtime.InteropServices, Version=9.0.0.0, Culture=neutral, PublicKeyToken=b03f5f7f11d50a3a"입니다.
             확인된 파일 경로는 "C:\Program Files\dotnet\packs\Microsoft.NETCore.App.Ref\9.0.12\ref\net9.0\System.Runtime.InteropServices.dll"입니다.
             검색 경로 위치 "{RawFileName}"에서 참조를 찾았습니다.
             적어도 하나의 소스 항목에 대해 "Private"이 "false"로 설정되었고, "Private"이 "true"로 설정된 소스 항목이 없으므로 이 참조는 "CopyLocal"이 아닙니다.
         기본 참조 "System.Runtime.Intrinsics, Version=9.0.0.0, Culture=neutral, PublicKeyToken=cc7b13ffcd2ddd51"입니다.
             확인된 파일 경로는 "C:\Program Files\dotnet\packs\Microsoft.NETCore.App.Ref\9.0.12\ref\net9.0\System.Runtime.Intrinsics.dll"입니다.
             검색 경로 위치 "{RawFileName}"에서 참조를 찾았습니다.
             적어도 하나의 소스 항목에 대해 "Private"이 "false"로 설정되었고, "Private"이 "true"로 설정된 소스 항목이 없으므로 이 참조는 "CopyLocal"이 아닙니다.
         기본 참조 "System.Runtime.Loader, Version=9.0.0.0, Culture=neutral, PublicKeyToken=b03f5f7f11d50a3a"입니다.
             확인된 파일 경로는 "C:\Program Files\dotnet\packs\Microsoft.NETCore.App.Ref\9.0.12\ref\net9.0\System.Runtime.Loader.dll"입니다.
             검색 경로 위치 "{RawFileName}"에서 참조를 찾았습니다.
             적어도 하나의 소스 항목에 대해 "Private"이 "false"로 설정되었고, "Private"이 "true"로 설정된 소스 항목이 없으므로 이 참조는 "CopyLocal"이 아닙니다.
         기본 참조 "System.Runtime.Numerics, Version=9.0.0.0, Culture=neutral, PublicKeyToken=b03f5f7f11d50a3a"입니다.
             확인된 파일 경로는 "C:\Program Files\dotnet\packs\Microsoft.NETCore.App.Ref\9.0.12\ref\net9.0\System.Runtime.Numerics.dll"입니다.
             검색 경로 위치 "{RawFileName}"에서 참조를 찾았습니다.
             적어도 하나의 소스 항목에 대해 "Private"이 "false"로 설정되었고, "Private"이 "true"로 설정된 소스 항목이 없으므로 이 참조는 "CopyLocal"이 아닙니다.
         기본 참조 "System.Runtime.Serialization.Formatters, Version=8.1.0.0, Culture=neutral, PublicKeyToken=b03f5f7f11d50a3a"입니다.
             확인된 파일 경로는 "C:\Program Files\dotnet\packs\Microsoft.NETCore.App.Ref\9.0.12\ref\net9.0\System.Runtime.Serialization.Formatters.dll"입니다.
             검색 경로 위치 "{RawFileName}"에서 참조를 찾았습니다.
             적어도 하나의 소스 항목에 대해 "Private"이 "false"로 설정되었고, "Private"이 "true"로 설정된 소스 항목이 없으므로 이 참조는 "CopyLocal"이 아닙니다.
         기본 참조 "System.Runtime.Serialization.Json, Version=9.0.0.0, Culture=neutral, PublicKeyToken=b03f5f7f11d50a3a"입니다.
             확인된 파일 경로는 "C:\Program Files\dotnet\packs\Microsoft.NETCore.App.Ref\9.0.12\ref\net9.0\System.Runtime.Serialization.Json.dll"입니다.
             검색 경로 위치 "{RawFileName}"에서 참조를 찾았습니다.
             적어도 하나의 소스 항목에 대해 "Private"이 "false"로 설정되었고, "Private"이 "true"로 설정된 소스 항목이 없으므로 이 참조는 "CopyLocal"이 아닙니다.
         기본 참조 "System.Runtime.Serialization.Primitives, Version=9.0.0.0, Culture=neutral, PublicKeyToken=b03f5f7f11d50a3a"입니다.
             확인된 파일 경로는 "C:\Program Files\dotnet\packs\Microsoft.NETCore.App.Ref\9.0.12\ref\net9.0\System.Runtime.Serialization.Primitives.dll"입니다.
             검색 경로 위치 "{RawFileName}"에서 참조를 찾았습니다.
             적어도 하나의 소스 항목에 대해 "Private"이 "false"로 설정되었고, "Private"이 "true"로 설정된 소스 항목이 없으므로 이 참조는 "CopyLocal"이 아닙니다.
         기본 참조 "System.Runtime.Serialization.Xml, Version=9.0.0.0, Culture=neutral, PublicKeyToken=b03f5f7f11d50a3a"입니다.
             확인된 파일 경로는 "C:\Program Files\dotnet\packs\Microsoft.NETCore.App.Ref\9.0.12\ref\net9.0\System.Runtime.Serialization.Xml.dll"입니다.
             검색 경로 위치 "{RawFileName}"에서 참조를 찾았습니다.
             적어도 하나의 소스 항목에 대해 "Private"이 "false"로 설정되었고, "Private"이 "true"로 설정된 소스 항목이 없으므로 이 참조는 "CopyLocal"이 아닙니다.
         기본 참조 "System.Runtime.Serialization, Version=4.0.0.0, Culture=neutral, PublicKeyToken=b77a5c561934e089"입니다.
             확인된 파일 경로는 "C:\Program Files\dotnet\packs\Microsoft.NETCore.App.Ref\9.0.12\ref\net9.0\System.Runtime.Serialization.dll"입니다.
             검색 경로 위치 "{RawFileName}"에서 참조를 찾았습니다.
             적어도 하나의 소스 항목에 대해 "Private"이 "false"로 설정되었고, "Private"이 "true"로 설정된 소스 항목이 없으므로 이 참조는 "CopyLocal"이 아닙니다.
         기본 참조 "System.Runtime, Version=9.0.0.0, Culture=neutral, PublicKeyToken=b03f5f7f11d50a3a"입니다.
             확인된 파일 경로는 "C:\Program Files\dotnet\packs\Microsoft.NETCore.App.Ref\9.0.12\ref\net9.0\System.Runtime.dll"입니다.
             검색 경로 위치 "{RawFileName}"에서 참조를 찾았습니다.
             적어도 하나의 소스 항목에 대해 "Private"이 "false"로 설정되었고, "Private"이 "true"로 설정된 소스 항목이 없으므로 이 참조는 "CopyLocal"이 아닙니다.
         기본 참조 "System.Security.AccessControl, Version=9.0.0.0, Culture=neutral, PublicKeyToken=b03f5f7f11d50a3a"입니다.
             확인된 파일 경로는 "C:\Program Files\dotnet\packs\Microsoft.NETCore.App.Ref\9.0.12\ref\net9.0\System.Security.AccessControl.dll"입니다.
             검색 경로 위치 "{RawFileName}"에서 참조를 찾았습니다.
             적어도 하나의 소스 항목에 대해 "Private"이 "false"로 설정되었고, "Private"이 "true"로 설정된 소스 항목이 없으므로 이 참조는 "CopyLocal"이 아닙니다.
         기본 참조 "System.Security.Claims, Version=9.0.0.0, Culture=neutral, PublicKeyToken=b03f5f7f11d50a3a"입니다.
             확인된 파일 경로는 "C:\Program Files\dotnet\packs\Microsoft.NETCore.App.Ref\9.0.12\ref\net9.0\System.Security.Claims.dll"입니다.
             검색 경로 위치 "{RawFileName}"에서 참조를 찾았습니다.
             적어도 하나의 소스 항목에 대해 "Private"이 "false"로 설정되었고, "Private"이 "true"로 설정된 소스 항목이 없으므로 이 참조는 "CopyLocal"이 아닙니다.
         기본 참조 "System.Security.Cryptography.Algorithms, Version=9.0.0.0, Culture=neutral, PublicKeyToken=b03f5f7f11d50a3a"입니다.
             확인된 파일 경로는 "C:\Program Files\dotnet\packs\Microsoft.NETCore.App.Ref\9.0.12\ref\net9.0\System.Security.Cryptography.Algorithms.dll"입니다.
             검색 경로 위치 "{RawFileName}"에서 참조를 찾았습니다.
             적어도 하나의 소스 항목에 대해 "Private"이 "false"로 설정되었고, "Private"이 "true"로 설정된 소스 항목이 없으므로 이 참조는 "CopyLocal"이 아닙니다.
         기본 참조 "System.Security.Cryptography.Cng, Version=9.0.0.0, Culture=neutral, PublicKeyToken=b03f5f7f11d50a3a"입니다.
             확인된 파일 경로는 "C:\Program Files\dotnet\packs\Microsoft.NETCore.App.Ref\9.0.12\ref\net9.0\System.Security.Cryptography.Cng.dll"입니다.
             검색 경로 위치 "{RawFileName}"에서 참조를 찾았습니다.
             적어도 하나의 소스 항목에 대해 "Private"이 "false"로 설정되었고, "Private"이 "true"로 설정된 소스 항목이 없으므로 이 참조는 "CopyLocal"이 아닙니다.
         기본 참조 "System.Security.Cryptography.Csp, Version=9.0.0.0, Culture=neutral, PublicKeyToken=b03f5f7f11d50a3a"입니다.
             확인된 파일 경로는 "C:\Program Files\dotnet\packs\Microsoft.NETCore.App.Ref\9.0.12\ref\net9.0\System.Security.Cryptography.Csp.dll"입니다.
             검색 경로 위치 "{RawFileName}"에서 참조를 찾았습니다.
             적어도 하나의 소스 항목에 대해 "Private"이 "false"로 설정되었고, "Private"이 "true"로 설정된 소스 항목이 없으므로 이 참조는 "CopyLocal"이 아닙니다.
         기본 참조 "System.Security.Cryptography.Encoding, Version=9.0.0.0, Culture=neutral, PublicKeyToken=b03f5f7f11d50a3a"입니다.
             확인된 파일 경로는 "C:\Program Files\dotnet\packs\Microsoft.NETCore.App.Ref\9.0.12\ref\net9.0\System.Security.Cryptography.Encoding.dll"입니다.
             검색 경로 위치 "{RawFileName}"에서 참조를 찾았습니다.
             적어도 하나의 소스 항목에 대해 "Private"이 "false"로 설정되었고, "Private"이 "true"로 설정된 소스 항목이 없으므로 이 참조는 "CopyLocal"이 아닙니다.
         기본 참조 "System.Security.Cryptography.OpenSsl, Version=9.0.0.0, Culture=neutral, PublicKeyToken=b03f5f7f11d50a3a"입니다.
             확인된 파일 경로는 "C:\Program Files\dotnet\packs\Microsoft.NETCore.App.Ref\9.0.12\ref\net9.0\System.Security.Cryptography.OpenSsl.dll"입니다.
             검색 경로 위치 "{RawFileName}"에서 참조를 찾았습니다.
             적어도 하나의 소스 항목에 대해 "Private"이 "false"로 설정되었고, "Private"이 "true"로 설정된 소스 항목이 없으므로 이 참조는 "CopyLocal"이 아닙니다.
         기본 참조 "System.Security.Cryptography.Primitives, Version=9.0.0.0, Culture=neutral, PublicKeyToken=b03f5f7f11d50a3a"입니다.
             확인된 파일 경로는 "C:\Program Files\dotnet\packs\Microsoft.NETCore.App.Ref\9.0.12\ref\net9.0\System.Security.Cryptography.Primitives.dll"입니다.
             검색 경로 위치 "{RawFileName}"에서 참조를 찾았습니다.
             적어도 하나의 소스 항목에 대해 "Private"이 "false"로 설정되었고, "Private"이 "true"로 설정된 소스 항목이 없으므로 이 참조는 "CopyLocal"이 아닙니다.
         기본 참조 "System.Security.Cryptography.X509Certificates, Version=9.0.0.0, Culture=neutral, PublicKeyToken=b03f5f7f11d50a3a"입니다.
             확인된 파일 경로는 "C:\Program Files\dotnet\packs\Microsoft.NETCore.App.Ref\9.0.12\ref\net9.0\System.Security.Cryptography.X509Certificates.dll"입니다.
             검색 경로 위치 "{RawFileName}"에서 참조를 찾았습니다.
             적어도 하나의 소스 항목에 대해 "Private"이 "false"로 설정되었고, "Private"이 "true"로 설정된 소스 항목이 없으므로 이 참조는 "CopyLocal"이 아닙니다.
         기본 참조 "System.Security.Cryptography, Version=9.0.0.0, Culture=neutral, PublicKeyToken=b03f5f7f11d50a3a"입니다.
             확인된 파일 경로는 "C:\Program Files\dotnet\packs\Microsoft.NETCore.App.Ref\9.0.12\ref\net9.0\System.Security.Cryptography.dll"입니다.
             검색 경로 위치 "{RawFileName}"에서 참조를 찾았습니다.
             적어도 하나의 소스 항목에 대해 "Private"이 "false"로 설정되었고, "Private"이 "true"로 설정된 소스 항목이 없으므로 이 참조는 "CopyLocal"이 아닙니다.
         기본 참조 "System.Security.Principal.Windows, Version=9.0.0.0, Culture=neutral, PublicKeyToken=b03f5f7f11d50a3a"입니다.
             확인된 파일 경로는 "C:\Program Files\dotnet\packs\Microsoft.NETCore.App.Ref\9.0.12\ref\net9.0\System.Security.Principal.Windows.dll"입니다.
             검색 경로 위치 "{RawFileName}"에서 참조를 찾았습니다.
             적어도 하나의 소스 항목에 대해 "Private"이 "false"로 설정되었고, "Private"이 "true"로 설정된 소스 항목이 없으므로 이 참조는 "CopyLocal"이 아닙니다.
         기본 참조 "System.Security.Principal, Version=9.0.0.0, Culture=neutral, PublicKeyToken=b03f5f7f11d50a3a"입니다.
             확인된 파일 경로는 "C:\Program Files\dotnet\packs\Microsoft.NETCore.App.Ref\9.0.12\ref\net9.0\System.Security.Principal.dll"입니다.
             검색 경로 위치 "{RawFileName}"에서 참조를 찾았습니다.
             적어도 하나의 소스 항목에 대해 "Private"이 "false"로 설정되었고, "Private"이 "true"로 설정된 소스 항목이 없으므로 이 참조는 "CopyLocal"이 아닙니다.
         기본 참조 "System.Security.SecureString, Version=9.0.0.0, Culture=neutral, PublicKeyToken=b03f5f7f11d50a3a"입니다.
             확인된 파일 경로는 "C:\Program Files\dotnet\packs\Microsoft.NETCore.App.Ref\9.0.12\ref\net9.0\System.Security.SecureString.dll"입니다.
             검색 경로 위치 "{RawFileName}"에서 참조를 찾았습니다.
             적어도 하나의 소스 항목에 대해 "Private"이 "false"로 설정되었고, "Private"이 "true"로 설정된 소스 항목이 없으므로 이 참조는 "CopyLocal"이 아닙니다.
         기본 참조 "System.Security, Version=4.0.0.0, Culture=neutral, PublicKeyToken=b03f5f7f11d50a3a"입니다.
             확인된 파일 경로는 "C:\Program Files\dotnet\packs\Microsoft.NETCore.App.Ref\9.0.12\ref\net9.0\System.Security.dll"입니다.
             검색 경로 위치 "{RawFileName}"에서 참조를 찾았습니다.
             적어도 하나의 소스 항목에 대해 "Private"이 "false"로 설정되었고, "Private"이 "true"로 설정된 소스 항목이 없으므로 이 참조는 "CopyLocal"이 아닙니다.
         기본 참조 "System.ServiceModel.Web, Version=4.0.0.0, Culture=neutral, PublicKeyToken=31bf3856ad364e35"입니다.
             확인된 파일 경로는 "C:\Program Files\dotnet\packs\Microsoft.NETCore.App.Ref\9.0.12\ref\net9.0\System.ServiceModel.Web.dll"입니다.
             검색 경로 위치 "{RawFileName}"에서 참조를 찾았습니다.
             적어도 하나의 소스 항목에 대해 "Private"이 "false"로 설정되었고, "Private"이 "true"로 설정된 소스 항목이 없으므로 이 참조는 "CopyLocal"이 아닙니다.
         기본 참조 "System.ServiceProcess, Version=4.0.0.0, Culture=neutral, PublicKeyToken=b03f5f7f11d50a3a"입니다.
             확인된 파일 경로는 "C:\Program Files\dotnet\packs\Microsoft.NETCore.App.Ref\9.0.12\ref\net9.0\System.ServiceProcess.dll"입니다.
             검색 경로 위치 "{RawFileName}"에서 참조를 찾았습니다.
             적어도 하나의 소스 항목에 대해 "Private"이 "false"로 설정되었고, "Private"이 "true"로 설정된 소스 항목이 없으므로 이 참조는 "CopyLocal"이 아닙니다.
         기본 참조 "System.Text.Encoding.CodePages, Version=9.0.0.0, Culture=neutral, PublicKeyToken=b03f5f7f11d50a3a"입니다.
             확인된 파일 경로는 "C:\Program Files\dotnet\packs\Microsoft.NETCore.App.Ref\9.0.12\ref\net9.0\System.Text.Encoding.CodePages.dll"입니다.
             검색 경로 위치 "{RawFileName}"에서 참조를 찾았습니다.
             적어도 하나의 소스 항목에 대해 "Private"이 "false"로 설정되었고, "Private"이 "true"로 설정된 소스 항목이 없으므로 이 참조는 "CopyLocal"이 아닙니다.
         기본 참조 "System.Text.Encoding.Extensions, Version=9.0.0.0, Culture=neutral, PublicKeyToken=b03f5f7f11d50a3a"입니다.
             확인된 파일 경로는 "C:\Program Files\dotnet\packs\Microsoft.NETCore.App.Ref\9.0.12\ref\net9.0\System.Text.Encoding.Extensions.dll"입니다.
             검색 경로 위치 "{RawFileName}"에서 참조를 찾았습니다.
             적어도 하나의 소스 항목에 대해 "Private"이 "false"로 설정되었고, "Private"이 "true"로 설정된 소스 항목이 없으므로 이 참조는 "CopyLocal"이 아닙니다.
         기본 참조 "System.Text.Encoding, Version=9.0.0.0, Culture=neutral, PublicKeyToken=b03f5f7f11d50a3a"입니다.
             확인된 파일 경로는 "C:\Program Files\dotnet\packs\Microsoft.NETCore.App.Ref\9.0.12\ref\net9.0\System.Text.Encoding.dll"입니다.
             검색 경로 위치 "{RawFileName}"에서 참조를 찾았습니다.
             적어도 하나의 소스 항목에 대해 "Private"이 "false"로 설정되었고, "Private"이 "true"로 설정된 소스 항목이 없으므로 이 참조는 "CopyLocal"이 아닙니다.
         기본 참조 "System.Text.Encodings.Web, Version=9.0.0.0, Culture=neutral, PublicKeyToken=cc7b13ffcd2ddd51"입니다.
             확인된 파일 경로는 "C:\Program Files\dotnet\packs\Microsoft.NETCore.App.Ref\9.0.12\ref\net9.0\System.Text.Encodings.Web.dll"입니다.
             검색 경로 위치 "{RawFileName}"에서 참조를 찾았습니다.
             적어도 하나의 소스 항목에 대해 "Private"이 "false"로 설정되었고, "Private"이 "true"로 설정된 소스 항목이 없으므로 이 참조는 "CopyLocal"이 아닙니다.
         기본 참조 "System.Text.Json, Version=9.0.0.0, Culture=neutral, PublicKeyToken=cc7b13ffcd2ddd51"입니다.
             확인된 파일 경로는 "C:\Program Files\dotnet\packs\Microsoft.NETCore.App.Ref\9.0.12\ref\net9.0\System.Text.Json.dll"입니다.
             검색 경로 위치 "{RawFileName}"에서 참조를 찾았습니다.
             적어도 하나의 소스 항목에 대해 "Private"이 "false"로 설정되었고, "Private"이 "true"로 설정된 소스 항목이 없으므로 이 참조는 "CopyLocal"이 아닙니다.
         기본 참조 "System.Text.RegularExpressions, Version=9.0.0.0, Culture=neutral, PublicKeyToken=b03f5f7f11d50a3a"입니다.
             확인된 파일 경로는 "C:\Program Files\dotnet\packs\Microsoft.NETCore.App.Ref\9.0.12\ref\net9.0\System.Text.RegularExpressions.dll"입니다.
             검색 경로 위치 "{RawFileName}"에서 참조를 찾았습니다.
             적어도 하나의 소스 항목에 대해 "Private"이 "false"로 설정되었고, "Private"이 "true"로 설정된 소스 항목이 없으므로 이 참조는 "CopyLocal"이 아닙니다.
         기본 참조 "System.Threading.Channels, Version=9.0.0.0, Culture=neutral, PublicKeyToken=cc7b13ffcd2ddd51"입니다.
             확인된 파일 경로는 "C:\Program Files\dotnet\packs\Microsoft.NETCore.App.Ref\9.0.12\ref\net9.0\System.Threading.Channels.dll"입니다.
             검색 경로 위치 "{RawFileName}"에서 참조를 찾았습니다.
             적어도 하나의 소스 항목에 대해 "Private"이 "false"로 설정되었고, "Private"이 "true"로 설정된 소스 항목이 없으므로 이 참조는 "CopyLocal"이 아닙니다.
         기본 참조 "System.Threading.Overlapped, Version=9.0.0.0, Culture=neutral, PublicKeyToken=b03f5f7f11d50a3a"입니다.
             확인된 파일 경로는 "C:\Program Files\dotnet\packs\Microsoft.NETCore.App.Ref\9.0.12\ref\net9.0\System.Threading.Overlapped.dll"입니다.
             검색 경로 위치 "{RawFileName}"에서 참조를 찾았습니다.
             적어도 하나의 소스 항목에 대해 "Private"이 "false"로 설정되었고, "Private"이 "true"로 설정된 소스 항목이 없으므로 이 참조는 "CopyLocal"이 아닙니다.
         기본 참조 "System.Threading.Tasks.Dataflow, Version=9.0.0.0, Culture=neutral, PublicKeyToken=b03f5f7f11d50a3a"입니다.
             확인된 파일 경로는 "C:\Program Files\dotnet\packs\Microsoft.NETCore.App.Ref\9.0.12\ref\net9.0\System.Threading.Tasks.Dataflow.dll"입니다.
             검색 경로 위치 "{RawFileName}"에서 참조를 찾았습니다.
             적어도 하나의 소스 항목에 대해 "Private"이 "false"로 설정되었고, "Private"이 "true"로 설정된 소스 항목이 없으므로 이 참조는 "CopyLocal"이 아닙니다.
         기본 참조 "System.Threading.Tasks.Extensions, Version=9.0.0.0, Culture=neutral, PublicKeyToken=cc7b13ffcd2ddd51"입니다.
             확인된 파일 경로는 "C:\Program Files\dotnet\packs\Microsoft.NETCore.App.Ref\9.0.12\ref\net9.0\System.Threading.Tasks.Extensions.dll"입니다.
             검색 경로 위치 "{RawFileName}"에서 참조를 찾았습니다.
             적어도 하나의 소스 항목에 대해 "Private"이 "false"로 설정되었고, "Private"이 "true"로 설정된 소스 항목이 없으므로 이 참조는 "CopyLocal"이 아닙니다.
         기본 참조 "System.Threading.Tasks.Parallel, Version=9.0.0.0, Culture=neutral, PublicKeyToken=b03f5f7f11d50a3a"입니다.
             확인된 파일 경로는 "C:\Program Files\dotnet\packs\Microsoft.NETCore.App.Ref\9.0.12\ref\net9.0\System.Threading.Tasks.Parallel.dll"입니다.
             검색 경로 위치 "{RawFileName}"에서 참조를 찾았습니다.
             적어도 하나의 소스 항목에 대해 "Private"이 "false"로 설정되었고, "Private"이 "true"로 설정된 소스 항목이 없으므로 이 참조는 "CopyLocal"이 아닙니다.
         기본 참조 "System.Threading.Tasks, Version=9.0.0.0, Culture=neutral, PublicKeyToken=b03f5f7f11d50a3a"입니다.
             확인된 파일 경로는 "C:\Program Files\dotnet\packs\Microsoft.NETCore.App.Ref\9.0.12\ref\net9.0\System.Threading.Tasks.dll"입니다.
             검색 경로 위치 "{RawFileName}"에서 참조를 찾았습니다.
             적어도 하나의 소스 항목에 대해 "Private"이 "false"로 설정되었고, "Private"이 "true"로 설정된 소스 항목이 없으므로 이 참조는 "CopyLocal"이 아닙니다.
         기본 참조 "System.Threading.Thread, Version=9.0.0.0, Culture=neutral, PublicKeyToken=b03f5f7f11d50a3a"입니다.
             확인된 파일 경로는 "C:\Program Files\dotnet\packs\Microsoft.NETCore.App.Ref\9.0.12\ref\net9.0\System.Threading.Thread.dll"입니다.
             검색 경로 위치 "{RawFileName}"에서 참조를 찾았습니다.
             적어도 하나의 소스 항목에 대해 "Private"이 "false"로 설정되었고, "Private"이 "true"로 설정된 소스 항목이 없으므로 이 참조는 "CopyLocal"이 아닙니다.
         기본 참조 "System.Threading.ThreadPool, Version=9.0.0.0, Culture=neutral, PublicKeyToken=b03f5f7f11d50a3a"입니다.
             확인된 파일 경로는 "C:\Program Files\dotnet\packs\Microsoft.NETCore.App.Ref\9.0.12\ref\net9.0\System.Threading.ThreadPool.dll"입니다.
             검색 경로 위치 "{RawFileName}"에서 참조를 찾았습니다.
             적어도 하나의 소스 항목에 대해 "Private"이 "false"로 설정되었고, "Private"이 "true"로 설정된 소스 항목이 없으므로 이 참조는 "CopyLocal"이 아닙니다.
         기본 참조 "System.Threading.Timer, Version=9.0.0.0, Culture=neutral, PublicKeyToken=b03f5f7f11d50a3a"입니다.
             확인된 파일 경로는 "C:\Program Files\dotnet\packs\Microsoft.NETCore.App.Ref\9.0.12\ref\net9.0\System.Threading.Timer.dll"입니다.
             검색 경로 위치 "{RawFileName}"에서 참조를 찾았습니다.
             적어도 하나의 소스 항목에 대해 "Private"이 "false"로 설정되었고, "Private"이 "true"로 설정된 소스 항목이 없으므로 이 참조는 "CopyLocal"이 아닙니다.
         기본 참조 "System.Threading, Version=9.0.0.0, Culture=neutral, PublicKeyToken=b03f5f7f11d50a3a"입니다.
             확인된 파일 경로는 "C:\Program Files\dotnet\packs\Microsoft.NETCore.App.Ref\9.0.12\ref\net9.0\System.Threading.dll"입니다.
             검색 경로 위치 "{RawFileName}"에서 참조를 찾았습니다.
             적어도 하나의 소스 항목에 대해 "Private"이 "false"로 설정되었고, "Private"이 "true"로 설정된 소스 항목이 없으므로 이 참조는 "CopyLocal"이 아닙니다.
         기본 참조 "System.Transactions.Local, Version=9.0.0.0, Culture=neutral, PublicKeyToken=cc7b13ffcd2ddd51"입니다.
             확인된 파일 경로는 "C:\Program Files\dotnet\packs\Microsoft.NETCore.App.Ref\9.0.12\ref\net9.0\System.Transactions.Local.dll"입니다.
             검색 경로 위치 "{RawFileName}"에서 참조를 찾았습니다.
             적어도 하나의 소스 항목에 대해 "Private"이 "false"로 설정되었고, "Private"이 "true"로 설정된 소스 항목이 없으므로 이 참조는 "CopyLocal"이 아닙니다.
         기본 참조 "System.Transactions, Version=4.0.0.0, Culture=neutral, PublicKeyToken=b77a5c561934e089"입니다.
             확인된 파일 경로는 "C:\Program Files\dotnet\packs\Microsoft.NETCore.App.Ref\9.0.12\ref\net9.0\System.Transactions.dll"입니다.
             검색 경로 위치 "{RawFileName}"에서 참조를 찾았습니다.
             적어도 하나의 소스 항목에 대해 "Private"이 "false"로 설정되었고, "Private"이 "true"로 설정된 소스 항목이 없으므로 이 참조는 "CopyLocal"이 아닙니다.
         기본 참조 "System.ValueTuple, Version=9.0.0.0, Culture=neutral, PublicKeyToken=cc7b13ffcd2ddd51"입니다.
             확인된 파일 경로는 "C:\Program Files\dotnet\packs\Microsoft.NETCore.App.Ref\9.0.12\ref\net9.0\System.ValueTuple.dll"입니다.
             검색 경로 위치 "{RawFileName}"에서 참조를 찾았습니다.
             적어도 하나의 소스 항목에 대해 "Private"이 "false"로 설정되었고, "Private"이 "true"로 설정된 소스 항목이 없으므로 이 참조는 "CopyLocal"이 아닙니다.
         기본 참조 "System.Web.HttpUtility, Version=9.0.0.0, Culture=neutral, PublicKeyToken=cc7b13ffcd2ddd51"입니다.
             확인된 파일 경로는 "C:\Program Files\dotnet\packs\Microsoft.NETCore.App.Ref\9.0.12\ref\net9.0\System.Web.HttpUtility.dll"입니다.
             검색 경로 위치 "{RawFileName}"에서 참조를 찾았습니다.
             적어도 하나의 소스 항목에 대해 "Private"이 "false"로 설정되었고, "Private"이 "true"로 설정된 소스 항목이 없으므로 이 참조는 "CopyLocal"이 아닙니다.
         기본 참조 "System.Web, Version=4.0.0.0, Culture=neutral, PublicKeyToken=b03f5f7f11d50a3a"입니다.
             확인된 파일 경로는 "C:\Program Files\dotnet\packs\Microsoft.NETCore.App.Ref\9.0.12\ref\net9.0\System.Web.dll"입니다.
             검색 경로 위치 "{RawFileName}"에서 참조를 찾았습니다.
             적어도 하나의 소스 항목에 대해 "Private"이 "false"로 설정되었고, "Private"이 "true"로 설정된 소스 항목이 없으므로 이 참조는 "CopyLocal"이 아닙니다.
         기본 참조 "System.Windows, Version=4.0.0.0, Culture=neutral, PublicKeyToken=b03f5f7f11d50a3a"입니다.
             확인된 파일 경로는 "C:\Program Files\dotnet\packs\Microsoft.NETCore.App.Ref\9.0.12\ref\net9.0\System.Windows.dll"입니다.
             검색 경로 위치 "{RawFileName}"에서 참조를 찾았습니다.
             적어도 하나의 소스 항목에 대해 "Private"이 "false"로 설정되었고, "Private"이 "true"로 설정된 소스 항목이 없으므로 이 참조는 "CopyLocal"이 아닙니다.
         기본 참조 "System.Xml.Linq, Version=4.0.0.0, Culture=neutral, PublicKeyToken=b77a5c561934e089"입니다.
             확인된 파일 경로는 "C:\Program Files\dotnet\packs\Microsoft.NETCore.App.Ref\9.0.12\ref\net9.0\System.Xml.Linq.dll"입니다.
             검색 경로 위치 "{RawFileName}"에서 참조를 찾았습니다.
             적어도 하나의 소스 항목에 대해 "Private"이 "false"로 설정되었고, "Private"이 "true"로 설정된 소스 항목이 없으므로 이 참조는 "CopyLocal"이 아닙니다.
         기본 참조 "System.Xml.ReaderWriter, Version=9.0.0.0, Culture=neutral, PublicKeyToken=b03f5f7f11d50a3a"입니다.
             확인된 파일 경로는 "C:\Program Files\dotnet\packs\Microsoft.NETCore.App.Ref\9.0.12\ref\net9.0\System.Xml.ReaderWriter.dll"입니다.
             검색 경로 위치 "{RawFileName}"에서 참조를 찾았습니다.
             적어도 하나의 소스 항목에 대해 "Private"이 "false"로 설정되었고, "Private"이 "true"로 설정된 소스 항목이 없으므로 이 참조는 "CopyLocal"이 아닙니다.
         기본 참조 "System.Xml.Serialization, Version=4.0.0.0, Culture=neutral, PublicKeyToken=b77a5c561934e089"입니다.
             확인된 파일 경로는 "C:\Program Files\dotnet\packs\Microsoft.NETCore.App.Ref\9.0.12\ref\net9.0\System.Xml.Serialization.dll"입니다.
             검색 경로 위치 "{RawFileName}"에서 참조를 찾았습니다.
             적어도 하나의 소스 항목에 대해 "Private"이 "false"로 설정되었고, "Private"이 "true"로 설정된 소스 항목이 없으므로 이 참조는 "CopyLocal"이 아닙니다.
         기본 참조 "System.Xml.XDocument, Version=9.0.0.0, Culture=neutral, PublicKeyToken=b03f5f7f11d50a3a"입니다.
             확인된 파일 경로는 "C:\Program Files\dotnet\packs\Microsoft.NETCore.App.Ref\9.0.12\ref\net9.0\System.Xml.XDocument.dll"입니다.
             검색 경로 위치 "{RawFileName}"에서 참조를 찾았습니다.
             적어도 하나의 소스 항목에 대해 "Private"이 "false"로 설정되었고, "Private"이 "true"로 설정된 소스 항목이 없으므로 이 참조는 "CopyLocal"이 아닙니다.
         기본 참조 "System.Xml.XPath.XDocument, Version=9.0.0.0, Culture=neutral, PublicKeyToken=b03f5f7f11d50a3a"입니다.
             확인된 파일 경로는 "C:\Program Files\dotnet\packs\Microsoft.NETCore.App.Ref\9.0.12\ref\net9.0\System.Xml.XPath.XDocument.dll"입니다.
             검색 경로 위치 "{RawFileName}"에서 참조를 찾았습니다.
             적어도 하나의 소스 항목에 대해 "Private"이 "false"로 설정되었고, "Private"이 "true"로 설정된 소스 항목이 없으므로 이 참조는 "CopyLocal"이 아닙니다.
         기본 참조 "System.Xml.XPath, Version=9.0.0.0, Culture=neutral, PublicKeyToken=b03f5f7f11d50a3a"입니다.
             확인된 파일 경로는 "C:\Program Files\dotnet\packs\Microsoft.NETCore.App.Ref\9.0.12\ref\net9.0\System.Xml.XPath.dll"입니다.
             검색 경로 위치 "{RawFileName}"에서 참조를 찾았습니다.
             적어도 하나의 소스 항목에 대해 "Private"이 "false"로 설정되었고, "Private"이 "true"로 설정된 소스 항목이 없으므로 이 참조는 "CopyLocal"이 아닙니다.
         기본 참조 "System.Xml.XmlDocument, Version=9.0.0.0, Culture=neutral, PublicKeyToken=b03f5f7f11d50a3a"입니다.
             확인된 파일 경로는 "C:\Program Files\dotnet\packs\Microsoft.NETCore.App.Ref\9.0.12\ref\net9.0\System.Xml.XmlDocument.dll"입니다.
             검색 경로 위치 "{RawFileName}"에서 참조를 찾았습니다.
             적어도 하나의 소스 항목에 대해 "Private"이 "false"로 설정되었고, "Private"이 "true"로 설정된 소스 항목이 없으므로 이 참조는 "CopyLocal"이 아닙니다.
         기본 참조 "System.Xml.XmlSerializer, Version=9.0.0.0, Culture=neutral, PublicKeyToken=b03f5f7f11d50a3a"입니다.
             확인된 파일 경로는 "C:\Program Files\dotnet\packs\Microsoft.NETCore.App.Ref\9.0.12\ref\net9.0\System.Xml.XmlSerializer.dll"입니다.
             검색 경로 위치 "{RawFileName}"에서 참조를 찾았습니다.
             적어도 하나의 소스 항목에 대해 "Private"이 "false"로 설정되었고, "Private"이 "true"로 설정된 소스 항목이 없으므로 이 참조는 "CopyLocal"이 아닙니다.
         기본 참조 "System.Xml, Version=4.0.0.0, Culture=neutral, PublicKeyToken=b77a5c561934e089"입니다.
             확인된 파일 경로는 "C:\Program Files\dotnet\packs\Microsoft.NETCore.App.Ref\9.0.12\ref\net9.0\System.Xml.dll"입니다.
             검색 경로 위치 "{RawFileName}"에서 참조를 찾았습니다.
             적어도 하나의 소스 항목에 대해 "Private"이 "false"로 설정되었고, "Private"이 "true"로 설정된 소스 항목이 없으므로 이 참조는 "CopyLocal"이 아닙니다.
         기본 참조 "System, Version=4.0.0.0, Culture=neutral, PublicKeyToken=b77a5c561934e089"입니다.
             확인된 파일 경로는 "C:\Program Files\dotnet\packs\Microsoft.NETCore.App.Ref\9.0.12\ref\net9.0\System.dll"입니다.
             검색 경로 위치 "{RawFileName}"에서 참조를 찾았습니다.
             적어도 하나의 소스 항목에 대해 "Private"이 "false"로 설정되었고, "Private"이 "true"로 설정된 소스 항목이 없으므로 이 참조는 "CopyLocal"이 아닙니다.
         기본 참조 "mscorlib, Version=4.0.0.0, Culture=neutral, PublicKeyToken=b77a5c561934e089"입니다.
             확인된 파일 경로는 "C:\Program Files\dotnet\packs\Microsoft.NETCore.App.Ref\9.0.12\ref\net9.0\mscorlib.dll"입니다.
             검색 경로 위치 "{RawFileName}"에서 참조를 찾았습니다.
             적어도 하나의 소스 항목에 대해 "Private"이 "false"로 설정되었고, "Private"이 "true"로 설정된 소스 항목이 없으므로 이 참조는 "CopyLocal"이 아닙니다.
         기본 참조 "netstandard, Version=2.1.0.0, Culture=neutral, PublicKeyToken=cc7b13ffcd2ddd51"입니다.
             확인된 파일 경로는 "C:\Program Files\dotnet\packs\Microsoft.NETCore.App.Ref\9.0.12\ref\net9.0\netstandard.dll"입니다.
             검색 경로 위치 "{RawFileName}"에서 참조를 찾았습니다.
             적어도 하나의 소스 항목에 대해 "Private"이 "false"로 설정되었고, "Private"이 "true"로 설정된 소스 항목이 없으므로 이 참조는 "CopyLocal"이 아닙니다.
         기본 참조 "Accessibility, Version=4.0.0.0, Culture=neutral, PublicKeyToken=31bf3856ad364e35"입니다.
             확인된 파일 경로는 "C:\Program Files\dotnet\packs\Microsoft.WindowsDesktop.App.Ref\9.0.12\ref\net9.0\Accessibility.dll"입니다.
             검색 경로 위치 "{RawFileName}"에서 참조를 찾았습니다.
             적어도 하나의 소스 항목에 대해 "Private"이 "false"로 설정되었고, "Private"이 "true"로 설정된 소스 항목이 없으므로 이 참조는 "CopyLocal"이 아닙니다.
         기본 참조 "Microsoft.Win32.Registry.AccessControl, Version=9.0.0.0, Culture=neutral, PublicKeyToken=b03f5f7f11d50a3a"입니다.
             확인된 파일 경로는 "C:\Program Files\dotnet\packs\Microsoft.WindowsDesktop.App.Ref\9.0.12\ref\net9.0\Microsoft.Win32.Registry.AccessControl.dll"입니다.
             검색 경로 위치 "{RawFileName}"에서 참조를 찾았습니다.
             적어도 하나의 소스 항목에 대해 "Private"이 "false"로 설정되었고, "Private"이 "true"로 설정된 소스 항목이 없으므로 이 참조는 "CopyLocal"이 아닙니다.
         기본 참조 "Microsoft.Win32.SystemEvents, Version=9.0.0.0, Culture=neutral, PublicKeyToken=cc7b13ffcd2ddd51"입니다.
             확인된 파일 경로는 "C:\Program Files\dotnet\packs\Microsoft.WindowsDesktop.App.Ref\9.0.12\ref\net9.0\Microsoft.Win32.SystemEvents.dll"입니다.
             검색 경로 위치 "{RawFileName}"에서 참조를 찾았습니다.
             적어도 하나의 소스 항목에 대해 "Private"이 "false"로 설정되었고, "Private"이 "true"로 설정된 소스 항목이 없으므로 이 참조는 "CopyLocal"이 아닙니다.
         기본 참조 "PresentationCore, Version=9.0.0.0, Culture=neutral, PublicKeyToken=31bf3856ad364e35"입니다.
             확인된 파일 경로는 "C:\Program Files\dotnet\packs\Microsoft.WindowsDesktop.App.Ref\9.0.12\ref\net9.0\PresentationCore.dll"입니다.
             검색 경로 위치 "{RawFileName}"에서 참조를 찾았습니다.
             적어도 하나의 소스 항목에 대해 "Private"이 "false"로 설정되었고, "Private"이 "true"로 설정된 소스 항목이 없으므로 이 참조는 "CopyLocal"이 아닙니다.
         기본 참조 "PresentationFramework.Aero, Version=9.0.0.0, Culture=neutral, PublicKeyToken=31bf3856ad364e35"입니다.
             확인된 파일 경로는 "C:\Program Files\dotnet\packs\Microsoft.WindowsDesktop.App.Ref\9.0.12\ref\net9.0\PresentationFramework.Aero.dll"입니다.
             검색 경로 위치 "{RawFileName}"에서 참조를 찾았습니다.
             적어도 하나의 소스 항목에 대해 "Private"이 "false"로 설정되었고, "Private"이 "true"로 설정된 소스 항목이 없으므로 이 참조는 "CopyLocal"이 아닙니다.
         기본 참조 "PresentationFramework.Aero2, Version=9.0.0.0, Culture=neutral, PublicKeyToken=31bf3856ad364e35"입니다.
             확인된 파일 경로는 "C:\Program Files\dotnet\packs\Microsoft.WindowsDesktop.App.Ref\9.0.12\ref\net9.0\PresentationFramework.Aero2.dll"입니다.
             검색 경로 위치 "{RawFileName}"에서 참조를 찾았습니다.
             적어도 하나의 소스 항목에 대해 "Private"이 "false"로 설정되었고, "Private"이 "true"로 설정된 소스 항목이 없으므로 이 참조는 "CopyLocal"이 아닙니다.
         기본 참조 "PresentationFramework.AeroLite, Version=9.0.0.0, Culture=neutral, PublicKeyToken=31bf3856ad364e35"입니다.
             확인된 파일 경로는 "C:\Program Files\dotnet\packs\Microsoft.WindowsDesktop.App.Ref\9.0.12\ref\net9.0\PresentationFramework.AeroLite.dll"입니다.
             검색 경로 위치 "{RawFileName}"에서 참조를 찾았습니다.
             적어도 하나의 소스 항목에 대해 "Private"이 "false"로 설정되었고, "Private"이 "true"로 설정된 소스 항목이 없으므로 이 참조는 "CopyLocal"이 아닙니다.
         기본 참조 "PresentationFramework.Classic, Version=9.0.0.0, Culture=neutral, PublicKeyToken=31bf3856ad364e35"입니다.
             확인된 파일 경로는 "C:\Program Files\dotnet\packs\Microsoft.WindowsDesktop.App.Ref\9.0.12\ref\net9.0\PresentationFramework.Classic.dll"입니다.
             검색 경로 위치 "{RawFileName}"에서 참조를 찾았습니다.
             적어도 하나의 소스 항목에 대해 "Private"이 "false"로 설정되었고, "Private"이 "true"로 설정된 소스 항목이 없으므로 이 참조는 "CopyLocal"이 아닙니다.
         기본 참조 "PresentationFramework.Luna, Version=9.0.0.0, Culture=neutral, PublicKeyToken=31bf3856ad364e35"입니다.
             확인된 파일 경로는 "C:\Program Files\dotnet\packs\Microsoft.WindowsDesktop.App.Ref\9.0.12\ref\net9.0\PresentationFramework.Luna.dll"입니다.
             검색 경로 위치 "{RawFileName}"에서 참조를 찾았습니다.
             적어도 하나의 소스 항목에 대해 "Private"이 "false"로 설정되었고, "Private"이 "true"로 설정된 소스 항목이 없으므로 이 참조는 "CopyLocal"이 아닙니다.
         기본 참조 "PresentationFramework.Royale, Version=9.0.0.0, Culture=neutral, PublicKeyToken=31bf3856ad364e35"입니다.
             확인된 파일 경로는 "C:\Program Files\dotnet\packs\Microsoft.WindowsDesktop.App.Ref\9.0.12\ref\net9.0\PresentationFramework.Royale.dll"입니다.
             검색 경로 위치 "{RawFileName}"에서 참조를 찾았습니다.
             적어도 하나의 소스 항목에 대해 "Private"이 "false"로 설정되었고, "Private"이 "true"로 설정된 소스 항목이 없으므로 이 참조는 "CopyLocal"이 아닙니다.
         기본 참조 "PresentationFramework, Version=9.0.0.0, Culture=neutral, PublicKeyToken=31bf3856ad364e35"입니다.
             확인된 파일 경로는 "C:\Program Files\dotnet\packs\Microsoft.WindowsDesktop.App.Ref\9.0.12\ref\net9.0\PresentationFramework.dll"입니다.
             검색 경로 위치 "{RawFileName}"에서 참조를 찾았습니다.
             적어도 하나의 소스 항목에 대해 "Private"이 "false"로 설정되었고, "Private"이 "true"로 설정된 소스 항목이 없으므로 이 참조는 "CopyLocal"이 아닙니다.
         기본 참조 "PresentationUI, Version=9.0.0.0, Culture=neutral, PublicKeyToken=b77a5c561934e089"입니다.
             확인된 파일 경로는 "C:\Program Files\dotnet\packs\Microsoft.WindowsDesktop.App.Ref\9.0.12\ref\net9.0\PresentationUI.dll"입니다.
             검색 경로 위치 "{RawFileName}"에서 참조를 찾았습니다.
             적어도 하나의 소스 항목에 대해 "Private"이 "false"로 설정되었고, "Private"이 "true"로 설정된 소스 항목이 없으므로 이 참조는 "CopyLocal"이 아닙니다.
         기본 참조 "ReachFramework, Version=9.0.0.0, Culture=neutral, PublicKeyToken=31bf3856ad364e35"입니다.
             확인된 파일 경로는 "C:\Program Files\dotnet\packs\Microsoft.WindowsDesktop.App.Ref\9.0.12\ref\net9.0\ReachFramework.dll"입니다.
             검색 경로 위치 "{RawFileName}"에서 참조를 찾았습니다.
             적어도 하나의 소스 항목에 대해 "Private"이 "false"로 설정되었고, "Private"이 "true"로 설정된 소스 항목이 없으므로 이 참조는 "CopyLocal"이 아닙니다.
         기본 참조 "System.CodeDom, Version=9.0.0.0, Culture=neutral, PublicKeyToken=cc7b13ffcd2ddd51"입니다.
             확인된 파일 경로는 "C:\Program Files\dotnet\packs\Microsoft.WindowsDesktop.App.Ref\9.0.12\ref\net9.0\System.CodeDom.dll"입니다.
             검색 경로 위치 "{RawFileName}"에서 참조를 찾았습니다.
             적어도 하나의 소스 항목에 대해 "Private"이 "false"로 설정되었고, "Private"이 "true"로 설정된 소스 항목이 없으므로 이 참조는 "CopyLocal"이 아닙니다.
         기본 참조 "System.Configuration.ConfigurationManager, Version=9.0.0.0, Culture=neutral, PublicKeyToken=cc7b13ffcd2ddd51"입니다.
             확인된 파일 경로는 "C:\Program Files\dotnet\packs\Microsoft.WindowsDesktop.App.Ref\9.0.12\ref\net9.0\System.Configuration.ConfigurationManager.dll"입니다.
             검색 경로 위치 "{RawFileName}"에서 참조를 찾았습니다.
             적어도 하나의 소스 항목에 대해 "Private"이 "false"로 설정되었고, "Private"이 "true"로 설정된 소스 항목이 없으므로 이 참조는 "CopyLocal"이 아닙니다.
         기본 참조 "System.Diagnostics.EventLog, Version=9.0.0.0, Culture=neutral, PublicKeyToken=cc7b13ffcd2ddd51"입니다.
             확인된 파일 경로는 "C:\Program Files\dotnet\packs\Microsoft.WindowsDesktop.App.Ref\9.0.12\ref\net9.0\System.Diagnostics.EventLog.dll"입니다.
             검색 경로 위치 "{RawFileName}"에서 참조를 찾았습니다.
             적어도 하나의 소스 항목에 대해 "Private"이 "false"로 설정되었고, "Private"이 "true"로 설정된 소스 항목이 없으므로 이 참조는 "CopyLocal"이 아닙니다.
         기본 참조 "System.Diagnostics.PerformanceCounter, Version=9.0.0.0, Culture=neutral, PublicKeyToken=cc7b13ffcd2ddd51"입니다.
             확인된 파일 경로는 "C:\Program Files\dotnet\packs\Microsoft.WindowsDesktop.App.Ref\9.0.12\ref\net9.0\System.Diagnostics.PerformanceCounter.dll"입니다.
             검색 경로 위치 "{RawFileName}"에서 참조를 찾았습니다.
             적어도 하나의 소스 항목에 대해 "Private"이 "false"로 설정되었고, "Private"이 "true"로 설정된 소스 항목이 없으므로 이 참조는 "CopyLocal"이 아닙니다.
         기본 참조 "System.DirectoryServices, Version=9.0.0.0, Culture=neutral, PublicKeyToken=b03f5f7f11d50a3a"입니다.
             확인된 파일 경로는 "C:\Program Files\dotnet\packs\Microsoft.WindowsDesktop.App.Ref\9.0.12\ref\net9.0\System.DirectoryServices.dll"입니다.
             검색 경로 위치 "{RawFileName}"에서 참조를 찾았습니다.
             적어도 하나의 소스 항목에 대해 "Private"이 "false"로 설정되었고, "Private"이 "true"로 설정된 소스 항목이 없으므로 이 참조는 "CopyLocal"이 아닙니다.
         기본 참조 "System.Formats.Nrbf, Version=9.0.0.0, Culture=neutral, PublicKeyToken=cc7b13ffcd2ddd51"입니다.
             확인된 파일 경로는 "C:\Program Files\dotnet\packs\Microsoft.WindowsDesktop.App.Ref\9.0.12\ref\net9.0\System.Formats.Nrbf.dll"입니다.
             검색 경로 위치 "{RawFileName}"에서 참조를 찾았습니다.
             적어도 하나의 소스 항목에 대해 "Private"이 "false"로 설정되었고, "Private"이 "true"로 설정된 소스 항목이 없으므로 이 참조는 "CopyLocal"이 아닙니다.
         기본 참조 "System.IO.Packaging, Version=9.0.0.0, Culture=neutral, PublicKeyToken=b03f5f7f11d50a3a"입니다.
             확인된 파일 경로는 "C:\Program Files\dotnet\packs\Microsoft.WindowsDesktop.App.Ref\9.0.12\ref\net9.0\System.IO.Packaging.dll"입니다.
             검색 경로 위치 "{RawFileName}"에서 참조를 찾았습니다.
             적어도 하나의 소스 항목에 대해 "Private"이 "false"로 설정되었고, "Private"이 "true"로 설정된 소스 항목이 없으므로 이 참조는 "CopyLocal"이 아닙니다.
         기본 참조 "System.Printing, Version=9.0.0.0, Culture=neutral, PublicKeyToken=31bf3856ad364e35"입니다.
             확인된 파일 경로는 "C:\Program Files\dotnet\packs\Microsoft.WindowsDesktop.App.Ref\9.0.12\ref\net9.0\System.Printing.dll"입니다.
             검색 경로 위치 "{RawFileName}"에서 참조를 찾았습니다.
             적어도 하나의 소스 항목에 대해 "Private"이 "false"로 설정되었고, "Private"이 "true"로 설정된 소스 항목이 없으므로 이 참조는 "CopyLocal"이 아닙니다.
         기본 참조 "System.Resources.Extensions, Version=9.0.0.0, Culture=neutral, PublicKeyToken=cc7b13ffcd2ddd51"입니다.
             확인된 파일 경로는 "C:\Program Files\dotnet\packs\Microsoft.WindowsDesktop.App.Ref\9.0.12\ref\net9.0\System.Resources.Extensions.dll"입니다.
             검색 경로 위치 "{RawFileName}"에서 참조를 찾았습니다.
             적어도 하나의 소스 항목에 대해 "Private"이 "false"로 설정되었고, "Private"이 "true"로 설정된 소스 항목이 없으므로 이 참조는 "CopyLocal"이 아닙니다.
         기본 참조 "System.Security.Cryptography.Pkcs, Version=9.0.0.0, Culture=neutral, PublicKeyToken=b03f5f7f11d50a3a"입니다.
             확인된 파일 경로는 "C:\Program Files\dotnet\packs\Microsoft.WindowsDesktop.App.Ref\9.0.12\ref\net9.0\System.Security.Cryptography.Pkcs.dll"입니다.
             검색 경로 위치 "{RawFileName}"에서 참조를 찾았습니다.
             적어도 하나의 소스 항목에 대해 "Private"이 "false"로 설정되었고, "Private"이 "true"로 설정된 소스 항목이 없으므로 이 참조는 "CopyLocal"이 아닙니다.
         기본 참조 "System.Security.Cryptography.ProtectedData, Version=9.0.0.0, Culture=neutral, PublicKeyToken=b03f5f7f11d50a3a"입니다.
             확인된 파일 경로는 "C:\Program Files\dotnet\packs\Microsoft.WindowsDesktop.App.Ref\9.0.12\ref\net9.0\System.Security.Cryptography.ProtectedData.dll"입니다.
             검색 경로 위치 "{RawFileName}"에서 참조를 찾았습니다.
             적어도 하나의 소스 항목에 대해 "Private"이 "false"로 설정되었고, "Private"이 "true"로 설정된 소스 항목이 없으므로 이 참조는 "CopyLocal"이 아닙니다.
         기본 참조 "System.Security.Cryptography.Xml, Version=9.0.0.0, Culture=neutral, PublicKeyToken=cc7b13ffcd2ddd51"입니다.
             확인된 파일 경로는 "C:\Program Files\dotnet\packs\Microsoft.WindowsDesktop.App.Ref\9.0.12\ref\net9.0\System.Security.Cryptography.Xml.dll"입니다.
             검색 경로 위치 "{RawFileName}"에서 참조를 찾았습니다.
             적어도 하나의 소스 항목에 대해 "Private"이 "false"로 설정되었고, "Private"이 "true"로 설정된 소스 항목이 없으므로 이 참조는 "CopyLocal"이 아닙니다.
         기본 참조 "System.Security.Permissions, Version=9.0.0.0, Culture=neutral, PublicKeyToken=cc7b13ffcd2ddd51"입니다.
             확인된 파일 경로는 "C:\Program Files\dotnet\packs\Microsoft.WindowsDesktop.App.Ref\9.0.12\ref\net9.0\System.Security.Permissions.dll"입니다.
             검색 경로 위치 "{RawFileName}"에서 참조를 찾았습니다.
             적어도 하나의 소스 항목에 대해 "Private"이 "false"로 설정되었고, "Private"이 "true"로 설정된 소스 항목이 없으므로 이 참조는 "CopyLocal"이 아닙니다.
         기본 참조 "System.Threading.AccessControl, Version=9.0.0.0, Culture=neutral, PublicKeyToken=b03f5f7f11d50a3a"입니다.
             확인된 파일 경로는 "C:\Program Files\dotnet\packs\Microsoft.WindowsDesktop.App.Ref\9.0.12\ref\net9.0\System.Threading.AccessControl.dll"입니다.
             검색 경로 위치 "{RawFileName}"에서 참조를 찾았습니다.
             적어도 하나의 소스 항목에 대해 "Private"이 "false"로 설정되었고, "Private"이 "true"로 설정된 소스 항목이 없으므로 이 참조는 "CopyLocal"이 아닙니다.
         기본 참조 "System.Windows.Controls.Ribbon, Version=9.0.0.0, Culture=neutral, PublicKeyToken=b77a5c561934e089"입니다.
             확인된 파일 경로는 "C:\Program Files\dotnet\packs\Microsoft.WindowsDesktop.App.Ref\9.0.12\ref\net9.0\System.Windows.Controls.Ribbon.dll"입니다.
             검색 경로 위치 "{RawFileName}"에서 참조를 찾았습니다.
             적어도 하나의 소스 항목에 대해 "Private"이 "false"로 설정되었고, "Private"이 "true"로 설정된 소스 항목이 없으므로 이 참조는 "CopyLocal"이 아닙니다.
         기본 참조 "System.Windows.Extensions, Version=9.0.0.0, Culture=neutral, PublicKeyToken=cc7b13ffcd2ddd51"입니다.
             확인된 파일 경로는 "C:\Program Files\dotnet\packs\Microsoft.WindowsDesktop.App.Ref\9.0.12\ref\net9.0\System.Windows.Extensions.dll"입니다.
             검색 경로 위치 "{RawFileName}"에서 참조를 찾았습니다.
             적어도 하나의 소스 항목에 대해 "Private"이 "false"로 설정되었고, "Private"이 "true"로 설정된 소스 항목이 없으므로 이 참조는 "CopyLocal"이 아닙니다.
         기본 참조 "System.Windows.Input.Manipulations, Version=9.0.0.0, Culture=neutral, PublicKeyToken=b77a5c561934e089"입니다.
             확인된 파일 경로는 "C:\Program Files\dotnet\packs\Microsoft.WindowsDesktop.App.Ref\9.0.12\ref\net9.0\System.Windows.Input.Manipulations.dll"입니다.
             검색 경로 위치 "{RawFileName}"에서 참조를 찾았습니다.
             적어도 하나의 소스 항목에 대해 "Private"이 "false"로 설정되었고, "Private"이 "true"로 설정된 소스 항목이 없으므로 이 참조는 "CopyLocal"이 아닙니다.
         기본 참조 "System.Windows.Presentation, Version=9.0.0.0, Culture=neutral, PublicKeyToken=b77a5c561934e089"입니다.
             확인된 파일 경로는 "C:\Program Files\dotnet\packs\Microsoft.WindowsDesktop.App.Ref\9.0.12\ref\net9.0\System.Windows.Presentation.dll"입니다.
             검색 경로 위치 "{RawFileName}"에서 참조를 찾았습니다.
             적어도 하나의 소스 항목에 대해 "Private"이 "false"로 설정되었고, "Private"이 "true"로 설정된 소스 항목이 없으므로 이 참조는 "CopyLocal"이 아닙니다.
         기본 참조 "System.Xaml, Version=9.0.0.0, Culture=neutral, PublicKeyToken=b77a5c561934e089"입니다.
             확인된 파일 경로는 "C:\Program Files\dotnet\packs\Microsoft.WindowsDesktop.App.Ref\9.0.12\ref\net9.0\System.Xaml.dll"입니다.
             검색 경로 위치 "{RawFileName}"에서 참조를 찾았습니다.
             적어도 하나의 소스 항목에 대해 "Private"이 "false"로 설정되었고, "Private"이 "true"로 설정된 소스 항목이 없으므로 이 참조는 "CopyLocal"이 아닙니다.
         기본 참조 "UIAutomationClient, Version=9.0.0.0, Culture=neutral, PublicKeyToken=31bf3856ad364e35"입니다.
             확인된 파일 경로는 "C:\Program Files\dotnet\packs\Microsoft.WindowsDesktop.App.Ref\9.0.12\ref\net9.0\UIAutomationClient.dll"입니다.
             검색 경로 위치 "{RawFileName}"에서 참조를 찾았습니다.
             적어도 하나의 소스 항목에 대해 "Private"이 "false"로 설정되었고, "Private"이 "true"로 설정된 소스 항목이 없으므로 이 참조는 "CopyLocal"이 아닙니다.
         기본 참조 "UIAutomationClientSideProviders, Version=9.0.0.0, Culture=neutral, PublicKeyToken=b77a5c561934e089"입니다.
             확인된 파일 경로는 "C:\Program Files\dotnet\packs\Microsoft.WindowsDesktop.App.Ref\9.0.12\ref\net9.0\UIAutomationClientSideProviders.dll"입니다.
             검색 경로 위치 "{RawFileName}"에서 참조를 찾았습니다.
             적어도 하나의 소스 항목에 대해 "Private"이 "false"로 설정되었고, "Private"이 "true"로 설정된 소스 항목이 없으므로 이 참조는 "CopyLocal"이 아닙니다.
         기본 참조 "UIAutomationProvider, Version=9.0.0.0, Culture=neutral, PublicKeyToken=31bf3856ad364e35"입니다.
             확인된 파일 경로는 "C:\Program Files\dotnet\packs\Microsoft.WindowsDesktop.App.Ref\9.0.12\ref\net9.0\UIAutomationProvider.dll"입니다.
             검색 경로 위치 "{RawFileName}"에서 참조를 찾았습니다.
             적어도 하나의 소스 항목에 대해 "Private"이 "false"로 설정되었고, "Private"이 "true"로 설정된 소스 항목이 없으므로 이 참조는 "CopyLocal"이 아닙니다.
         기본 참조 "UIAutomationTypes, Version=9.0.0.0, Culture=neutral, PublicKeyToken=31bf3856ad364e35"입니다.
             확인된 파일 경로는 "C:\Program Files\dotnet\packs\Microsoft.WindowsDesktop.App.Ref\9.0.12\ref\net9.0\UIAutomationTypes.dll"입니다.
             검색 경로 위치 "{RawFileName}"에서 참조를 찾았습니다.
             적어도 하나의 소스 항목에 대해 "Private"이 "false"로 설정되었고, "Private"이 "true"로 설정된 소스 항목이 없으므로 이 참조는 "CopyLocal"이 아닙니다.
         기본 참조 "WindowsBase, Version=9.0.0.0, Culture=neutral, PublicKeyToken=31bf3856ad364e35"입니다.
             확인된 파일 경로는 "C:\Program Files\dotnet\packs\Microsoft.WindowsDesktop.App.Ref\9.0.12\ref\net9.0\WindowsBase.dll"입니다.
             검색 경로 위치 "{RawFileName}"에서 참조를 찾았습니다.
             적어도 하나의 소스 항목에 대해 "Private"이 "false"로 설정되었고, "Private"이 "true"로 설정된 소스 항목이 없으므로 이 참조는 "CopyLocal"이 아닙니다.
         기본 참조 "Microsoft.VisualBasic.Forms, Version=9.0.0.0, Culture=neutral, PublicKeyToken=b03f5f7f11d50a3a"입니다.
             확인된 파일 경로는 "C:\Program Files\dotnet\packs\Microsoft.WindowsDesktop.App.Ref\9.0.12\ref\net9.0\Microsoft.VisualBasic.Forms.dll"입니다.
             검색 경로 위치 "{RawFileName}"에서 참조를 찾았습니다.
             적어도 하나의 소스 항목에 대해 "Private"이 "false"로 설정되었고, "Private"이 "true"로 설정된 소스 항목이 없으므로 이 참조는 "CopyLocal"이 아닙니다.
         기본 참조 "Microsoft.VisualBasic, Version=10.1.0.0, Culture=neutral, PublicKeyToken=b03f5f7f11d50a3a"입니다.
             확인된 파일 경로는 "C:\Program Files\dotnet\packs\Microsoft.WindowsDesktop.App.Ref\9.0.12\ref\net9.0\Microsoft.VisualBasic.dll"입니다.
             검색 경로 위치 "{RawFileName}"에서 참조를 찾았습니다.
             적어도 하나의 소스 항목에 대해 "Private"이 "false"로 설정되었고, "Private"이 "true"로 설정된 소스 항목이 없으므로 이 참조는 "CopyLocal"이 아닙니다.
         기본 참조 "System.Design, Version=9.0.0.0, Culture=neutral, PublicKeyToken=b03f5f7f11d50a3a"입니다.
             확인된 파일 경로는 "C:\Program Files\dotnet\packs\Microsoft.WindowsDesktop.App.Ref\9.0.12\ref\net9.0\System.Design.dll"입니다.
             검색 경로 위치 "{RawFileName}"에서 참조를 찾았습니다.
             적어도 하나의 소스 항목에 대해 "Private"이 "false"로 설정되었고, "Private"이 "true"로 설정된 소스 항목이 없으므로 이 참조는 "CopyLocal"이 아닙니다.
         기본 참조 "System.Drawing.Common, Version=9.0.0.0, Culture=neutral, PublicKeyToken=cc7b13ffcd2ddd51"입니다.
             확인된 파일 경로는 "C:\Program Files\dotnet\packs\Microsoft.WindowsDesktop.App.Ref\9.0.12\ref\net9.0\System.Drawing.Common.dll"입니다.
             검색 경로 위치 "{RawFileName}"에서 참조를 찾았습니다.
             적어도 하나의 소스 항목에 대해 "Private"이 "false"로 설정되었고, "Private"이 "true"로 설정된 소스 항목이 없으므로 이 참조는 "CopyLocal"이 아닙니다.
         기본 참조 "System.Drawing.Design, Version=9.0.0.0, Culture=neutral, PublicKeyToken=b03f5f7f11d50a3a"입니다.
             확인된 파일 경로는 "C:\Program Files\dotnet\packs\Microsoft.WindowsDesktop.App.Ref\9.0.12\ref\net9.0\System.Drawing.Design.dll"입니다.
             검색 경로 위치 "{RawFileName}"에서 참조를 찾았습니다.
             적어도 하나의 소스 항목에 대해 "Private"이 "false"로 설정되었고, "Private"이 "true"로 설정된 소스 항목이 없으므로 이 참조는 "CopyLocal"이 아닙니다.
         기본 참조 "System.Drawing, Version=9.0.0.0, Culture=neutral, PublicKeyToken=b03f5f7f11d50a3a"입니다.
             확인된 파일 경로는 "C:\Program Files\dotnet\packs\Microsoft.WindowsDesktop.App.Ref\9.0.12\ref\net9.0\System.Drawing.dll"입니다.
             검색 경로 위치 "{RawFileName}"에서 참조를 찾았습니다.
             적어도 하나의 소스 항목에 대해 "Private"이 "false"로 설정되었고, "Private"이 "true"로 설정된 소스 항목이 없으므로 이 참조는 "CopyLocal"이 아닙니다.
         기본 참조 "System.Private.Windows.Core, Version=9.0.0.0, Culture=neutral, PublicKeyToken=b77a5c561934e089"입니다.
             확인된 파일 경로는 "C:\Program Files\dotnet\packs\Microsoft.WindowsDesktop.App.Ref\9.0.12\ref\net9.0\System.Private.Windows.Core.dll"입니다.
             검색 경로 위치 "{RawFileName}"에서 참조를 찾았습니다.
             적어도 하나의 소스 항목에 대해 "Private"이 "false"로 설정되었고, "Private"이 "true"로 설정된 소스 항목이 없으므로 이 참조는 "CopyLocal"이 아닙니다.
         기본 참조 "System.Windows.Forms.Design.Editors, Version=9.0.0.0, Culture=neutral, PublicKeyToken=b03f5f7f11d50a3a"입니다.
             확인된 파일 경로는 "C:\Program Files\dotnet\packs\Microsoft.WindowsDesktop.App.Ref\9.0.12\ref\net9.0\System.Windows.Forms.Design.Editors.dll"입니다.
             검색 경로 위치 "{RawFileName}"에서 참조를 찾았습니다.
             적어도 하나의 소스 항목에 대해 "Private"이 "false"로 설정되었고, "Private"이 "true"로 설정된 소스 항목이 없으므로 이 참조는 "CopyLocal"이 아닙니다.
         기본 참조 "System.Windows.Forms.Design, Version=9.0.0.0, Culture=neutral, PublicKeyToken=b77a5c561934e089"입니다.
             확인된 파일 경로는 "C:\Program Files\dotnet\packs\Microsoft.WindowsDesktop.App.Ref\9.0.12\ref\net9.0\System.Windows.Forms.Design.dll"입니다.
             검색 경로 위치 "{RawFileName}"에서 참조를 찾았습니다.
             적어도 하나의 소스 항목에 대해 "Private"이 "false"로 설정되었고, "Private"이 "true"로 설정된 소스 항목이 없으므로 이 참조는 "CopyLocal"이 아닙니다.
         기본 참조 "System.Windows.Forms.Primitives, Version=9.0.0.0, Culture=neutral, PublicKeyToken=b77a5c561934e089"입니다.
             확인된 파일 경로는 "C:\Program Files\dotnet\packs\Microsoft.WindowsDesktop.App.Ref\9.0.12\ref\net9.0\System.Windows.Forms.Primitives.dll"입니다.
             검색 경로 위치 "{RawFileName}"에서 참조를 찾았습니다.
             적어도 하나의 소스 항목에 대해 "Private"이 "false"로 설정되었고, "Private"이 "true"로 설정된 소스 항목이 없으므로 이 참조는 "CopyLocal"이 아닙니다.
         기본 참조 "System.Windows.Forms, Version=9.0.0.0, Culture=neutral, PublicKeyToken=b77a5c561934e089"입니다.
             확인된 파일 경로는 "C:\Program Files\dotnet\packs\Microsoft.WindowsDesktop.App.Ref\9.0.12\ref\net9.0\System.Windows.Forms.dll"입니다.
             검색 경로 위치 "{RawFileName}"에서 참조를 찾았습니다.
             적어도 하나의 소스 항목에 대해 "Private"이 "false"로 설정되었고, "Private"이 "true"로 설정된 소스 항목이 없으므로 이 참조는 "CopyLocal"이 아닙니다.
         기본 참조 "WindowsFormsIntegration, Version=9.0.0.0, Culture=neutral, PublicKeyToken=31bf3856ad364e35"입니다.
             확인된 파일 경로는 "C:\Program Files\dotnet\packs\Microsoft.WindowsDesktop.App.Ref\9.0.12\ref\net9.0\WindowsFormsIntegration.dll"입니다.
             검색 경로 위치 "{RawFileName}"에서 참조를 찾았습니다.
             적어도 하나의 소스 항목에 대해 "Private"이 "false"로 설정되었고, "Private"이 "true"로 설정된 소스 항목이 없으므로 이 참조는 "CopyLocal"이 아닙니다.
       "ResolveAssemblyReference" 작업을 실행했습니다.
   1:7>"ProtoTestTool.csproj" 프로젝트에 "ResolveAssemblyReferences" 대상을 빌드했습니다.
       조건이 잘못되어 "_ErrorOnUnresolvedWindowsSDKAssemblyConflict" 대상을 건너뜁니다. ( '@(ResolveAssemblyReferenceUnresolvedAssemblyConflicts)' != '' )이(가) ( '' != '' )(으)로 확인되었습니다.
       조건이 잘못되어 "GenerateBindingRedirects" 대상을 건너뜁니다. ('$(AutoGenerateBindingRedirects)' == 'true' and '$(GenerateBindingRedirectsOutputType)' == 'true' and '@(SuggestedBindingRedirects)' != '' and '$(DesignTimeBuild)' != 'true' and '$(BuildingProject)' == 'true')이(가) ('' == 'true' and 'true' == 'true' and '' != '' and '' != 'true' and 'true' == 'true')(으)로 확인되었습니다.
       조건이 잘못되어 "GenerateSupportedRuntime" 대상을 건너뜁니다. ('$(GenerateSupportedRuntime)' != 'false' and '$(TargetFrameworkIdentifier)' == '.NETFramework' and '$(HasRuntimeOutput)' == 'true')이(가) ('' != 'false' and '.NETCoreApp' == '.NETFramework' and 'true' == 'true')(으)로 확인되었습니다.
       조건이 잘못되어 "GenerateBindingRedirectsUpdateAppConfig" 대상을 건너뜁니다. ('$(AutoGenerateBindingRedirects)' == 'true' and '$(GenerateBindingRedirectsOutputType)' == 'true')이(가) ('' == 'true' and 'true' == 'true')(으)로 확인되었습니다.
       조건이 잘못되어 "ResolveComReferences" 대상을 건너뜁니다. ('@(COMReference)'!='' or '@(COMFileReference)'!='')이(가) (''!='' or ''!='')(으)로 확인되었습니다.
   1:7>"c:\Work\backup\tcpaop\Tests\ProtoTestTool\ProtoTestTool.csproj" 프로젝트의 "C:\Program Files\dotnet\sdk\9.0.309\Microsoft.Common.CurrentVersion.targets" 파일에 있는 "AfterResolveReferences" 대상("ResolveReferences" 대상이 종속됨):
   1:7>"ProtoTestTool.csproj" 프로젝트에 "AfterResolveReferences" 대상을 빌드했습니다.
   1:7>"c:\Work\backup\tcpaop\Tests\ProtoTestTool\ProtoTestTool.csproj" 프로젝트의 "C:\Program Files\dotnet\sdk\9.0.309\Microsoft.Common.CurrentVersion.targets" 파일에 있는 "ResolveReferences" 대상("_BlockWinMDsOnUnsupportedTFMs" 대상이 종속됨):
   1:7>"ProtoTestTool.csproj" 프로젝트에 "ResolveReferences" 대상을 빌드했습니다.
   1:7>"c:\Work\backup\tcpaop\Tests\ProtoTestTool\ProtoTestTool.csproj" 프로젝트의 "C:\Program Files\dotnet\sdk\9.0.309\Sdks\Microsoft.NET.Sdk\targets\Microsoft.NET.Sdk.targets" 파일에 있는 "_BlockWinMDsOnUnsupportedTFMs" 대상("CoreBuild" 대상이 종속됨):
       "C:\Program Files\dotnet\sdk\9.0.309\Sdks\Microsoft.NET.Sdk\targets\..\tools\net9.0\Microsoft.NET.Build.Tasks.dll" 어셈블리에서 "CheckForUnsupportedWinMDReferences" 작업을 사용합니다.
       "CheckForUnsupportedWinMDReferences" 작업
       "CheckForUnsupportedWinMDReferences" 작업을 실행했습니다.
       조건이 잘못되어 "NETSdkError" 작업을 건너뜁니다. ('$(OutputType)' == 'winmdobj')이(가) ('WinExe' == 'winmdobj')(으)로 확인되었습니다.
   1:7>"ProtoTestTool.csproj" 프로젝트에 "_BlockWinMDsOnUnsupportedTFMs" 대상을 빌드했습니다.
       "ResolveReferences" 대상을 건너뜁니다. 이전에 빌드되었습니다.
       조건이 잘못되어 "SplashScreenValidation" 대상을 건너뜁니다. ('@(SplashScreen)' != '')이(가) ('' != '')(으)로 확인되었습니다.
   1:7>"c:\Work\backup\tcpaop\Tests\ProtoTestTool\ProtoTestTool.csproj" 프로젝트의 "C:\Program Files\dotnet\sdk\9.0.309\Sdks\Microsoft.NET.Sdk.WindowsDesktop\targets\Microsoft.WinFX.targets" 파일에 있는 "MarkupCompilePass1" 대상("PrepareResources" 대상이 종속됨):
       조건이 잘못되어 "Message" 작업을 건너뜁니다. ('$(MSBuildTargetsVerbose)'=='true')이(가) (''=='true')(으)로 확인되었습니다.
       조건이 잘못되어 "Message" 작업을 건너뜁니다. ('$(MSBuildTargetsVerbose)'=='true')이(가) (''=='true')(으)로 확인되었습니다.
       조건이 잘못되어 "Message" 작업을 건너뜁니다. ('$(MSBuildTargetsVerbose)'=='true')이(가) (''=='true')(으)로 확인되었습니다.
       조건이 잘못되어 "Message" 작업을 건너뜁니다. ('$(MSBuildTargetsVerbose)'=='true')이(가) (''=='true')(으)로 확인되었습니다.
       TaskRun 동안 로드된 어셈블리: PresentationBuildTasks, Version=9.0.12.0, Culture=neutral, PublicKeyToken=31bf3856ad364e35(위치: C:\Program Files\dotnet\sdk\9.0.309\Sdks\Microsoft.NET.Sdk.WindowsDesktop\tools\net9.0\PresentationBuildTasks.dll, MVID: c9eb3bf9-d8e9-4b53-b45d-49c87118a832, AssemblyLoadContext: MSBuild plugin C:\Program Files\dotnet\sdk\9.0.309\Sdks\Microsoft.NET.Sdk.WindowsDesktop\tools\net9.0\PresentationBuildTasks.dll)
       "C:\Program Files\dotnet\sdk\9.0.309\Sdks\Microsoft.NET.Sdk.WindowsDesktop\tools\net9.0\PresentationBuildTasks.dll" 어셈블리에서 "MarkupCompilePass1" 작업을 사용합니다.
       "MarkupCompilePass1" 작업
         
         
         Microsoft (R) Build Task 'MarkupCompilePass1' 버전 '9.0.1225.60903'입니다.
         Copyright (c) Microsoft Corporation 2005. All rights reserved.
         
         
         입력: 마크업 ApplicationDefinition 파일: 'c:\Work\backup\tcpaop\Tests\ProtoTestTool\App.xaml'.
         현재 프로젝트 디렉터리는 'c:\Work\backup\tcpaop\Tests\ProtoTestTool\'입니다.
         분석 결과: 'NoRecompile'.
         코드 파일 'c:\Work\backup\tcpaop\Tests\ProtoTestTool\obj\Debug\net9.0-windows\MainWindow.g.cs'이(가) 생성되었습니다.
         BAML 파일 'c:\Work\backup\tcpaop\Tests\ProtoTestTool\obj\Debug\net9.0-windows\MainWindow.baml'이(가) 생성되었습니다.
         코드 파일 'c:\Work\backup\tcpaop\Tests\ProtoTestTool\obj\Debug\net9.0-windows\ScriptEditorWindow.g.cs'이(가) 생성되었습니다.
         BAML 파일 'c:\Work\backup\tcpaop\Tests\ProtoTestTool\obj\Debug\net9.0-windows\ScriptEditorWindow.baml'이(가) 생성되었습니다.
         BAML 파일 'c:\Work\backup\tcpaop\Tests\ProtoTestTool\obj\Debug\net9.0-windows\Themes\DarkTheme.baml'이(가) 생성되었습니다.
         코드 파일 'c:\Work\backup\tcpaop\Tests\ProtoTestTool\obj\Debug\net9.0-windows\WorkspaceDialog.g.cs'이(가) 생성되었습니다.
         BAML 파일 'c:\Work\backup\tcpaop\Tests\ProtoTestTool\obj\Debug\net9.0-windows\WorkspaceDialog.baml'이(가) 생성되었습니다.
         코드 파일 'c:\Work\backup\tcpaop\Tests\ProtoTestTool\obj\Debug\net9.0-windows\App.g.cs'이(가) 생성되었습니다.
         BAML 파일 'c:\Work\backup\tcpaop\Tests\ProtoTestTool\obj\Debug\net9.0-windows\App.baml'이(가) 생성되었습니다.
         마크업 컴파일이 완료되었습니다.
         MarkupCompilePass1에서 BAML 또는 소스 코드 파일을 생성했습니다.
       C:\Program Files\dotnet\sdk\9.0.309\Sdks\Microsoft.NET.Sdk.WindowsDesktop\targets\Microsoft.WinFX.targets(242,15): message : 속성 재할당: $(_RequireMCPass2ForMainAssembly)=C:\Program Files\dotnet\sdk\9.0.309\Sdks\Microsoft.NET.Sdk.WindowsDesktop\targets\Microsoft.WinFX.targets (242,15)의 "False"(이전 값: "false") [c:\Work\backup\tcpaop\Tests\ProtoTestTool\ProtoTestTool.csproj]
       C:\Program Files\dotnet\sdk\9.0.309\Sdks\Microsoft.NET.Sdk.WindowsDesktop\targets\Microsoft.WinFX.targets(243,15): message : 속성 재할당: $(_RequireMCPass2ForSatelliteAssemblyOnly)=C:\Program Files\dotnet\sdk\9.0.309\Sdks\Microsoft.NET.Sdk.WindowsDesktop\targets\Microsoft.WinFX.targets (243,15)의 "False"(이전 값: "false") [c:\Work\backup\tcpaop\Tests\ProtoTestTool\ProtoTestTool.csproj]
       "MarkupCompilePass1" 작업을 실행했습니다.
       조건이 잘못되어 "Message" 작업을 건너뜁니다. ('$(MSBuildTargetsVerbose)'=='true')이(가) (''=='true')(으)로 확인되었습니다.
       조건이 잘못되어 "Message" 작업을 건너뜁니다. ('$(MSBuildTargetsVerbose)'=='true')이(가) (''=='true')(으)로 확인되었습니다.
       조건이 잘못되어 "Message" 작업을 건너뜁니다. ('$(MSBuildTargetsVerbose)'=='true')이(가) (''=='true')(으)로 확인되었습니다.
       조건이 잘못되어 "Message" 작업을 건너뜁니다. ('$(MSBuildTargetsVerbose)'=='true')이(가) (''=='true')(으)로 확인되었습니다.
       조건이 잘못되어 "Message" 작업을 건너뜁니다. ('$(MSBuildTargetsVerbose)'=='true')이(가) (''=='true')(으)로 확인되었습니다.
       조건이 잘못되어 "Message" 작업을 건너뜁니다. ('$(MSBuildTargetsVerbose)'=='true')이(가) (''=='true')(으)로 확인되었습니다.
   1:7>"ProtoTestTool.csproj" 프로젝트에 "MarkupCompilePass1" 대상을 빌드했습니다.
   1:7>"c:\Work\backup\tcpaop\Tests\ProtoTestTool\ProtoTestTool.csproj" 프로젝트의 "C:\Program Files\dotnet\sdk\9.0.309\Sdks\Microsoft.NET.Sdk.WindowsDesktop\targets\Microsoft.WinFX.targets" 파일에 있는 "AfterMarkupCompilePass1" 대상("PrepareResources" 대상이 종속됨):
   1:7>"ProtoTestTool.csproj" 프로젝트에 "AfterMarkupCompilePass1" 대상을 빌드했습니다.
       조건이 잘못되어 "MarkupCompilePass2ForMainAssembly" 대상을 건너뜁니다. ('$(_RequireMCPass2ForMainAssembly)' == 'true' )이(가) ('False' == 'true' )(으)로 확인되었습니다.
   1:7>"c:\Work\backup\tcpaop\Tests\ProtoTestTool\ProtoTestTool.csproj" 프로젝트의 "C:\Program Files\dotnet\sdk\9.0.309\Sdks\Microsoft.NET.Sdk.WindowsDesktop\targets\Microsoft.WinFX.targets" 파일에 있는 "FileClassification" 대상("PrepareResources" 대상이 종속됨):
       "C:\Program Files\dotnet\sdk\9.0.309\Sdks\Microsoft.NET.Sdk.WindowsDesktop\tools\net9.0\PresentationBuildTasks.dll" 어셈블리에서 "FileClassifier" 작업을 사용합니다.
       "FileClassifier" 작업
         
         
         Microsoft (R) Build Task 'FileClassifier' 버전 '9.0.1225.60903'입니다.
         Copyright (c) Microsoft Corporation 2005. All rights reserved.
         
         
       "FileClassifier" 작업을 실행했습니다.
       조건이 잘못되어 "Message" 작업을 건너뜁니다. ('$(MSBuildTargetsVerbose)'=='true')이(가) (''=='true')(으)로 확인되었습니다.
       조건이 잘못되어 "Message" 작업을 건너뜁니다. ('$(MSBuildTargetsVerbose)'=='true')이(가) (''=='true')(으)로 확인되었습니다.
   1:7>"ProtoTestTool.csproj" 프로젝트에 "FileClassification" 대상을 빌드했습니다.
   1:7>"c:\Work\backup\tcpaop\Tests\ProtoTestTool\ProtoTestTool.csproj" 프로젝트의 "C:\Program Files\dotnet\sdk\9.0.309\Sdks\Microsoft.NET.Sdk.WindowsDesktop\targets\Microsoft.WinFX.targets" 파일에 있는 "MainResourcesGeneration" 대상("PrepareResources" 대상이 종속됨):
       해당 입력 파일과 비교하여 출력 파일이 모두 최신 파일이므로 "MainResourcesGeneration" 대상을 건너뜁니다.
       입력 파일: 
           c:\Work\backup\tcpaop\Tests\ProtoTestTool\obj\Debug\net9.0-windows\MainWindow.baml
           c:\Work\backup\tcpaop\Tests\ProtoTestTool\obj\Debug\net9.0-windows\ScriptEditorWindow.baml
           c:\Work\backup\tcpaop\Tests\ProtoTestTool\obj\Debug\net9.0-windows\Themes\DarkTheme.baml
           c:\Work\backup\tcpaop\Tests\ProtoTestTool\obj\Debug\net9.0-windows\WorkspaceDialog.baml
           c:\Work\backup\tcpaop\Tests\ProtoTestTool\obj\Debug\net9.0-windows\App.baml
       출력 파일: obj\Debug\net9.0-windows\ProtoTestTool.g.resources
   1:7>"ProtoTestTool.csproj" 프로젝트에 "MainResourcesGeneration" 대상을 빌드했습니다.
       "ResolvePackageDependenciesForBuild" 대상을 건너뜁니다. 이전에 빌드되었습니다.
       "_HandlePackageFileConflicts" 대상을 건너뜁니다. 이전에 빌드되었습니다.
       조건이 잘못되어 "AssignWinFXEmbeddedResource" 대상을 건너뜁니다. ('@(WinFXEmbeddedResource)' != '')이(가) ('' != '')(으)로 확인되었습니다.
   1:7>"c:\Work\backup\tcpaop\Tests\ProtoTestTool\ProtoTestTool.csproj" 프로젝트의 "C:\Program Files\dotnet\sdk\9.0.309\Roslyn\Microsoft.Managed.Core.targets" 파일에 있는 "CopyAdditionalFiles" 대상("AssignTargetPaths" 대상이 종속됨):
   1:7>"ProtoTestTool.csproj" 프로젝트에 "CopyAdditionalFiles" 대상을 빌드했습니다.
       "ResolvePackageAssets" 대상을 건너뜁니다. 이전에 빌드되었습니다.
       "ResolveFrameworkReferences" 대상을 건너뜁니다. 이전에 빌드되었습니다.
   1:7>"c:\Work\backup\tcpaop\Tests\ProtoTestTool\ProtoTestTool.csproj" 프로젝트의 "C:\Program Files\dotnet\sdk\9.0.309\Sdks\Microsoft.NET.Sdk\targets\Microsoft.NET.Sdk.targets" 파일에 있는 "_GetAppHostPaths" 대상("_ComputeNETCoreBuildOutputFiles" 대상이 종속됨):
       조건이 잘못되어 "NETSdkError" 작업을 건너뜁니다. ('@(_NativeRestoredAppHostNETCore->Count())' > 1)이(가) ('0' > 1)(으)로 확인되었습니다.
   1:7>"ProtoTestTool.csproj" 프로젝트에 "_GetAppHostPaths" 대상을 빌드했습니다.
   1:7>"c:\Work\backup\tcpaop\Tests\ProtoTestTool\ProtoTestTool.csproj" 프로젝트의 "C:\Program Files\dotnet\sdk\9.0.309\Sdks\Microsoft.NET.Sdk\targets\Microsoft.NET.Sdk.targets" 파일에 있는 "_GetAppHostCreationConfiguration" 대상("_ComputeNETCoreBuildOutputFiles" 대상이 종속됨):
   1:7>"ProtoTestTool.csproj" 프로젝트에 "_GetAppHostCreationConfiguration" 대상을 빌드했습니다.
       조건이 잘못되어 "_GetComHostPaths" 대상을 건너뜁니다. ('$(EnableComHosting)' == 'true' and '$(_IsExecutable)' != 'true')이(가) ('' == 'true' and 'true' != 'true')(으)로 확인되었습니다.
       조건이 잘못되어 "_GetIjwHostPaths" 대상을 건너뜁니다. ('$(UseIJWHost)' == 'true')이(가) ('' == 'true')(으)로 확인되었습니다.
   1:7>"c:\Work\backup\tcpaop\Tests\ProtoTestTool\ProtoTestTool.csproj" 프로젝트의 "C:\Program Files\dotnet\sdk\9.0.309\Sdks\Microsoft.NET.Sdk\targets\Microsoft.NET.Sdk.targets" 파일에 있는 "_ComputeNETCoreBuildOutputFiles" 대상("AssignTargetPaths" 대상이 종속됨):
   1:7>"ProtoTestTool.csproj" 프로젝트에 "_ComputeNETCoreBuildOutputFiles" 대상을 빌드했습니다.
   1:7>"c:\Work\backup\tcpaop\Tests\ProtoTestTool\ProtoTestTool.csproj" 프로젝트의 "C:\Program Files\dotnet\sdk\9.0.309\Microsoft.Common.CurrentVersion.targets" 파일에 있는 "AssignTargetPaths" 대상("PrepareResourceNames" 대상이 종속됨):
       "Microsoft.Build.Tasks.Core, Version=15.1.0.0, Culture=neutral, PublicKeyToken=b03f5f7f11d50a3a" 어셈블리에서 "AssignTargetPath" 작업을 사용합니다.
       "AssignTargetPath" 작업
       "AssignTargetPath" 작업을 실행했습니다.
       "AssignTargetPath" 작업
       "AssignTargetPath" 작업을 실행했습니다.
       "AssignTargetPath" 작업
       "AssignTargetPath" 작업을 실행했습니다.
       "AssignTargetPath" 작업
       "AssignTargetPath" 작업을 실행했습니다.
       조건이 잘못되어 "AssignTargetPath" 작업을 건너뜁니다. ('@(_DeploymentBaseManifestWithTargetPath)'=='' and '%(None.Extension)'=='.manifest')이(가) (''=='' and '.log'=='.manifest')(으)로 확인되었습니다.
       조건이 잘못되어 "AssignTargetPath" 작업을 건너뜁니다. ('@(_DeploymentBaseManifestWithTargetPath)'=='' and '%(None.Extension)'=='.manifest')이(가) (''=='' and '.csx'=='.manifest')(으)로 확인되었습니다.
       조건이 잘못되어 "AssignTargetPath" 작업을 건너뜁니다. ('@(_DeploymentBaseManifestWithTargetPath)'=='' and '%(None.Extension)'=='.manifest')이(가) (''=='' and '.md'=='.manifest')(으)로 확인되었습니다.
       조건이 잘못되어 "AssignTargetPath" 작업을 건너뜁니다. ('@(_DeploymentBaseManifestWithTargetPath)'=='' and '%(None.Extension)'=='.manifest')이(가) (''=='' and '.exe'=='.manifest')(으)로 확인되었습니다.
   1:7>"ProtoTestTool.csproj" 프로젝트에 "AssignTargetPaths" 대상을 빌드했습니다.
       "AssignTargetPaths" 대상을 건너뜁니다. 이전에 빌드되었습니다.
   1:7>"c:\Work\backup\tcpaop\Tests\ProtoTestTool\ProtoTestTool.csproj" 프로젝트의 "C:\Program Files\dotnet\sdk\9.0.309\Microsoft.Common.CurrentVersion.targets" 파일에 있는 "SplitResourcesByCulture" 대상("PrepareResourceNames" 대상이 종속됨):
       조건이 잘못되어 "MSBuildInternalMessage" 작업을 건너뜁니다. ('@(ResxWithNoCulture)'!='')이(가) (''!='')(으)로 확인되었습니다.
       조건이 잘못되어 "MSBuildInternalMessage" 작업을 건너뜁니다. ('@(ResxWithCulture)'!='')이(가) (''!='')(으)로 확인되었습니다.
       조건이 잘못되어 "MSBuildInternalMessage" 작업을 건너뜁니다. ('@(NonResxWithCulture)'!='')이(가) (''!='')(으)로 확인되었습니다.
       조건이 잘못되어 "MSBuildInternalMessage" 작업을 건너뜁니다. ('@(NonResxWithNoCulture)'!='')이(가) (''!='')(으)로 확인되었습니다.
       "Microsoft.Build.Tasks.Core, Version=15.1.0.0, Culture=neutral, PublicKeyToken=b03f5f7f11d50a3a" 어셈블리에서 "AssignCulture" 작업을 사용합니다.
       "AssignCulture" 작업
         ""의 문화권을 "obj\Debug\net9.0-windows\ProtoTestTool.g.resources" 파일에 지정했습니다.
       "AssignCulture" 작업을 실행했습니다.
   1:7>"ProtoTestTool.csproj" 프로젝트에 "SplitResourcesByCulture" 대상을 빌드했습니다.
   1:7>"c:\Work\backup\tcpaop\Tests\ProtoTestTool\ProtoTestTool.csproj" 프로젝트의 "C:\Program Files\dotnet\sdk\9.0.309\Microsoft.CSharp.CurrentVersion.targets" 파일에 있는 "CreateManifestResourceNames" 대상("PrepareResourceNames" 대상이 종속됨):
       "Microsoft.Build.Tasks.Core, Version=15.1.0.0, Culture=neutral, PublicKeyToken=b03f5f7f11d50a3a" 어셈블리에서 "CreateCSharpManifestResourceName" 작업을 사용합니다.
       "CreateCSharpManifestResourceName" 작업
         루트 네임스페이스가 'ProtoTestTool'입니다.
         리소스 파일 'obj\Debug\net9.0-windows\ProtoTestTool.g.resources'은(는) 다른 파일에 종속되지 않습니다.
         리소스 파일 'obj\Debug\net9.0-windows\ProtoTestTool.g.resources'은(는) 매니페스트 리소스 이름 'ProtoTestTool.obj.Debug.net9._0_windows.ProtoTestTool.g.resources'을(를) 가져옵니다.
       "CreateCSharpManifestResourceName" 작업을 실행했습니다.
       조건이 잘못되어 "CreateCSharpManifestResourceName" 작업을 건너뜁니다. ('%(EmbeddedResource.ManifestResourceName)' == '' and '%(EmbeddedResource.WithCulture)' == 'true' and '%(EmbeddedResource.Type)' == 'Non-Resx')이(가) ('' == '' and 'false' == 'true' and 'Resx' == 'Non-Resx')(으)로 확인되었습니다.
   1:7>"ProtoTestTool.csproj" 프로젝트에 "CreateManifestResourceNames" 대상을 빌드했습니다.
   1:7>"c:\Work\backup\tcpaop\Tests\ProtoTestTool\ProtoTestTool.csproj" 프로젝트의 "C:\Program Files\dotnet\sdk\9.0.309\Microsoft.Common.CurrentVersion.targets" 파일에 있는 "CreateCustomManifestResourceNames" 대상("PrepareResourceNames" 대상이 종속됨):
   1:7>"ProtoTestTool.csproj" 프로젝트에 "CreateCustomManifestResourceNames" 대상을 빌드했습니다.
   1:7>"c:\Work\backup\tcpaop\Tests\ProtoTestTool\ProtoTestTool.csproj" 프로젝트의 "C:\Program Files\dotnet\sdk\9.0.309\Microsoft.Common.CurrentVersion.targets" 파일에 있는 "PrepareResourceNames" 대상("PrepareResources" 대상이 종속됨):
   1:7>"ProtoTestTool.csproj" 프로젝트에 "PrepareResourceNames" 대상을 빌드했습니다.
       "ResolveAssemblyReferences" 대상을 건너뜁니다. 이전에 빌드되었습니다.
       "SplitResourcesByCulture" 대상을 건너뜁니다. 이전에 빌드되었습니다.
   1:7>"c:\Work\backup\tcpaop\Tests\ProtoTestTool\ProtoTestTool.csproj" 프로젝트의 "C:\Program Files\dotnet\sdk\9.0.309\Microsoft.Common.CurrentVersion.targets" 파일에 있는 "BeforeResGen" 대상("ResGen" 대상이 종속됨):
   1:7>"ProtoTestTool.csproj" 프로젝트에 "BeforeResGen" 대상을 빌드했습니다.
       "ResolveReferences" 대상을 건너뜁니다. 이전에 빌드되었습니다.
   1:7>"c:\Work\backup\tcpaop\Tests\ProtoTestTool\ProtoTestTool.csproj" 프로젝트의 "C:\Program Files\dotnet\sdk\9.0.309\Microsoft.Common.CurrentVersion.targets" 파일에 있는 "FindReferenceAssembliesForReferences" 대상("CoreResGen" 대상이 종속됨):
   1:7>"ProtoTestTool.csproj" 프로젝트에 "FindReferenceAssembliesForReferences" 대상을 빌드했습니다.
   1:7>"c:\Work\backup\tcpaop\Tests\ProtoTestTool\ProtoTestTool.csproj" 프로젝트의 "C:\Program Files\dotnet\sdk\9.0.309\Microsoft.Common.CurrentVersion.targets" 파일에 있는 "CoreResGen" 대상("ResGen" 대상이 종속됨):
       조건이 잘못되어 "GenerateResource" 작업을 건너뜁니다. ('%(EmbeddedResource.Type)' == 'Resx' and '%(EmbeddedResource.GenerateResource)' != 'false' and '$(GenerateResourceMSBuildRuntime)' != 'CLR2')이(가) ('Resx' == 'Resx' and 'false' != 'false' and 'CurrentRuntime' != 'CLR2')(으)로 확인되었습니다.
       조건이 잘못되어 "GenerateResource" 작업을 건너뜁니다. ('%(EmbeddedResource.Type)' == 'Resx' and '%(EmbeddedResource.GenerateResource)' != 'false' and '$(GenerateResourceMSBuildRuntime)' == 'CLR2')이(가) ('Resx' == 'Resx' and 'false' != 'false' and 'CurrentRuntime' == 'CLR2')(으)로 확인되었습니다.
   1:7>"ProtoTestTool.csproj" 프로젝트에 "CoreResGen" 대상을 빌드했습니다.
   1:7>"c:\Work\backup\tcpaop\Tests\ProtoTestTool\ProtoTestTool.csproj" 프로젝트의 "C:\Program Files\dotnet\sdk\9.0.309\Microsoft.Common.CurrentVersion.targets" 파일에 있는 "AfterResGen" 대상("ResGen" 대상이 종속됨):
   1:7>"ProtoTestTool.csproj" 프로젝트에 "AfterResGen" 대상을 빌드했습니다.
   1:7>"c:\Work\backup\tcpaop\Tests\ProtoTestTool\ProtoTestTool.csproj" 프로젝트의 "C:\Program Files\dotnet\sdk\9.0.309\Microsoft.Common.CurrentVersion.targets" 파일에 있는 "ResGen" 대상("PrepareResources" 대상이 종속됨):
   1:7>"ProtoTestTool.csproj" 프로젝트에 "ResGen" 대상을 빌드했습니다.
       조건이 잘못되어 "CompileLicxFiles" 대상을 건너뜁니다. ('@(_LicxFile)'!='')이(가) (''!='')(으)로 확인되었습니다.
   1:7>"c:\Work\backup\tcpaop\Tests\ProtoTestTool\ProtoTestTool.csproj" 프로젝트의 "C:\Program Files\dotnet\sdk\9.0.309\Microsoft.Common.CurrentVersion.targets" 파일에 있는 "PrepareResources" 대상("CoreBuild" 대상이 종속됨):
   1:7>"ProtoTestTool.csproj" 프로젝트에 "PrepareResources" 대상을 빌드했습니다.
       조건이 잘못되어 "ResolveKeySource" 대상을 건너뜁니다. ($(SignManifests) == 'true' or $(SignAssembly) == 'true')이(가) ( == 'true' or false == 'true')(으)로 확인되었습니다.
       "ResolveReferences" 대상을 건너뜁니다. 이전에 빌드되었습니다.
       조건이 잘못되어 "ResolveKeySource" 대상을 건너뜁니다. ($(SignManifests) == 'true' or $(SignAssembly) == 'true')이(가) ( == 'true' or false == 'true')(으)로 확인되었습니다.
       조건이 잘못되어 "ResolveComReferences" 대상을 건너뜁니다. ('@(COMReference)'!='' or '@(COMFileReference)'!='')이(가) (''!='' or ''!='')(으)로 확인되었습니다.
       조건이 잘못되어 "ResolveNativeReferences" 대상을 건너뜁니다. ('@(NativeReference)'!='')이(가) (''!='')(으)로 확인되었습니다.
       조건이 잘못되어 "_SetExternalWin32ManifestProperties" 대상을 건너뜁니다. ('$(GenerateClickOnceManifests)'=='true' or '@(NativeReference)'!='' or '@(ResolvedIsolatedComModules)'!='')이(가) (''=='true' or ''!='' or ''!='')(으)로 확인되었습니다.
   1:7>"c:\Work\backup\tcpaop\Tests\ProtoTestTool\ProtoTestTool.csproj" 프로젝트의 "C:\Program Files\dotnet\sdk\9.0.309\Microsoft.Common.CurrentVersion.targets" 파일에 있는 "_SetEmbeddedWin32ManifestProperties" 대상("SetWin32ManifestProperties" 대상이 종속됨):
       "Microsoft.Build.Tasks.Core, Version=15.1.0.0, Culture=neutral, PublicKeyToken=b03f5f7f11d50a3a" 어셈블리에서 "GetFrameworkPath" 작업을 사용합니다.
       "GetFrameworkPath" 작업
       "GetFrameworkPath" 작업을 실행했습니다.
   1:7>"ProtoTestTool.csproj" 프로젝트에 "_SetEmbeddedWin32ManifestProperties" 대상을 빌드했습니다.
   1:7>"c:\Work\backup\tcpaop\Tests\ProtoTestTool\ProtoTestTool.csproj" 프로젝트의 "C:\Program Files\dotnet\sdk\9.0.309\Microsoft.Common.CurrentVersion.targets" 파일에 있는 "SetWin32ManifestProperties" 대상("Compile" 대상이 종속됨):
   1:7>"ProtoTestTool.csproj" 프로젝트에 "SetWin32ManifestProperties" 대상을 빌드했습니다.
       조건이 잘못되어 "_SetPreferNativeArm64Win32ManifestProperties" 대상을 건너뜁니다. ( '$(PreferNativeArm64)'=='true' and '$(NoWin32Manifest)'!='true')이(가) ( 'false'=='true' and ''!='true')(으)로 확인되었습니다.
       "FindReferenceAssembliesForReferences" 대상을 건너뜁니다. 이전에 빌드되었습니다.
   1:7>"c:\Work\backup\tcpaop\Tests\ProtoTestTool\ProtoTestTool.csproj" 프로젝트의 "C:\Program Files\dotnet\sdk\9.0.309\Microsoft.Common.CurrentVersion.targets" 파일에 있는 "_GenerateCompileInputs" 대상("Compile" 대상이 종속됨):
       조건이 잘못되어 "MSBuildInternalMessage" 작업을 건너뜁니다. ('@(ManifestResourceWithNoCulture)'!='' and '%(ManifestResourceWithNoCulture.EmittedForCompatibilityOnly)'=='')이(가) ('obj\Debug\net9.0-windows\ProtoTestTool.g.resources'!='' and 'true'=='')(으)로 확인되었습니다.
       조건이 잘못되어 "MSBuildInternalMessage" 작업을 건너뜁니다. ('@(ManifestNonResxWithNoCultureOnDisk)'!='' and '%(ManifestNonResxWithNoCultureOnDisk.EmittedForCompatibilityOnly)'=='')이(가) (''!='' and ''=='')(으)로 확인되었습니다.
   1:7>"ProtoTestTool.csproj" 프로젝트에 "_GenerateCompileInputs" 대상을 빌드했습니다.
       "PrepareForBuild" 대상을 건너뜁니다. 이전에 빌드되었습니다.
   1:7>"c:\Work\backup\tcpaop\Tests\ProtoTestTool\ProtoTestTool.csproj" 프로젝트의 "C:\Program Files\dotnet\sdk\9.0.309\Roslyn\Microsoft.Managed.Core.targets" 파일에 있는 "GenerateMSBuildEditorConfigFileShouldRun" 대상("GenerateMSBuildEditorConfigFile" 대상이 종속됨):
   1:7>"ProtoTestTool.csproj" 프로젝트에 "GenerateMSBuildEditorConfigFileShouldRun" 대상을 빌드했습니다.
   1:7>"c:\Work\backup\tcpaop\Tests\ProtoTestTool\ProtoTestTool.csproj" 프로젝트의 "C:\Program Files\dotnet\sdk\9.0.309\Sdks\Microsoft.NET.Sdk\codestyle\cs\build\Microsoft.CodeAnalysis.CSharp.CodeStyle.targets" 파일에 있는 "AddGlobalAnalyzerConfigForPackage_MicrosoftCodeAnalysisCSharpCodeStyle" 대상("GenerateMSBuildEditorConfigFileCore" 대상이 종속됨):
   1:7>"ProtoTestTool.csproj" 프로젝트에 "AddGlobalAnalyzerConfigForPackage_MicrosoftCodeAnalysisCSharpCodeStyle" 대상을 빌드했습니다.
   1:7>"c:\Work\backup\tcpaop\Tests\ProtoTestTool\ProtoTestTool.csproj" 프로젝트의 "C:\Program Files\dotnet\sdk\9.0.309\Roslyn\Microsoft.Managed.Core.targets" 파일에 있는 "GenerateMSBuildEditorConfigFileCore" 대상("GenerateMSBuildEditorConfigFile" 대상이 종속됨):
       "GenerateMSBuildEditorConfigFileCore" 대상을 모두 빌드하고 있습니다.
       입력 파일을 지정하지 않았습니다.
       "C:\Program Files\dotnet\sdk\9.0.309\Roslyn\Microsoft.Build.Tasks.CodeAnalysis.dll" 어셈블리에서 "GenerateMSBuildEditorConfig" 작업을 사용합니다.
       "GenerateMSBuildEditorConfig" 작업
       "GenerateMSBuildEditorConfig" 작업을 실행했습니다.
   1:7>"ProtoTestTool.csproj" 프로젝트에 "GenerateMSBuildEditorConfigFileCore" 대상을 빌드했습니다.
   1:7>"c:\Work\backup\tcpaop\Tests\ProtoTestTool\ProtoTestTool.csproj" 프로젝트의 "C:\Program Files\dotnet\sdk\9.0.309\Roslyn\Microsoft.Managed.Core.targets" 파일에 있는 "GenerateMSBuildEditorConfigFile" 대상("BeforeCompile" 대상이 종속됨):
   1:7>"ProtoTestTool.csproj" 프로젝트에 "GenerateMSBuildEditorConfigFile" 대상을 빌드했습니다.
       "PrepareForBuild" 대상을 건너뜁니다. 이전에 빌드되었습니다.
       "GetReferenceAssemblyPaths" 대상을 건너뜁니다. 이전에 빌드되었습니다.
   1:7>"c:\Work\backup\tcpaop\Tests\ProtoTestTool\ProtoTestTool.csproj" 프로젝트의 "C:\Program Files\dotnet\sdk\9.0.309\Microsoft.CSharp.CurrentVersion.targets" 파일에 있는 "_SetTargetFrameworkMonikerAttribute" 대상("GenerateTargetFrameworkMonikerAttribute" 대상이 종속됨):
   1:7>"ProtoTestTool.csproj" 프로젝트에 "_SetTargetFrameworkMonikerAttribute" 대상을 빌드했습니다.
   1:7>"c:\Work\backup\tcpaop\Tests\ProtoTestTool\ProtoTestTool.csproj" 프로젝트의 "C:\Program Files\dotnet\sdk\9.0.309\Microsoft.Common.CurrentVersion.targets" 파일에 있는 "GenerateTargetFrameworkMonikerAttribute" 대상("BeforeCompile" 대상이 종속됨):
       해당 입력 파일과 비교하여 출력 파일이 모두 최신 파일이므로 "GenerateTargetFrameworkMonikerAttribute" 대상을 건너뜁니다.
       입력 파일: C:\Program Files\dotnet\sdk\9.0.309\Microsoft.Common.targets
       출력 파일: obj\Debug\net9.0-windows\.NETCoreApp,Version=v9.0.AssemblyAttributes.cs
   1:7>"ProtoTestTool.csproj" 프로젝트에 "GenerateTargetFrameworkMonikerAttribute" 대상을 빌드했습니다.
       조건이 잘못되어 "GenerateAdditionalSources" 대상을 건너뜁니다. ('@(AssemblyAttributes)' != '' and '$(GenerateAdditionalSources)' == 'true')이(가) ('' != '' and '' == 'true')(으)로 확인되었습니다.
       조건이 잘못되어 "Protobuf_Compile" 대상을 건너뜁니다. ( '@(Protobuf)' != '' )이(가) ( '' != '' )(으)로 확인되었습니다.
   1:7>"c:\Work\backup\tcpaop\Tests\ProtoTestTool\ProtoTestTool.csproj" 프로젝트의 "C:\Users\kentz\.nuget\packages\grpc.tools\2.60.0\build\_protobuf\Google.Protobuf.Tools.targets" 파일에 있는 "_Protobuf_Compile_BeforeCsCompile" 대상("BeforeCompile" 대상이 종속됨):
   1:7>"ProtoTestTool.csproj" 프로젝트에 "_Protobuf_Compile_BeforeCsCompile" 대상을 빌드했습니다.
       "PrepareForBuild" 대상을 건너뜁니다. 이전에 빌드되었습니다.
   1:7>"c:\Work\backup\tcpaop\Tests\ProtoTestTool\ProtoTestTool.csproj" 프로젝트의 "C:\Program Files\dotnet\sdk\9.0.309\Sdks\Microsoft.NET.Sdk\targets\Microsoft.NET.GenerateAssemblyInfo.targets" 파일에 있는 "GetAssemblyVersion" 대상("GetAssemblyAttributes" 대상이 종속됨):
       "C:\Program Files\dotnet\sdk\9.0.309\Sdks\Microsoft.NET.Sdk\targets\..\tools\net9.0\Microsoft.NET.Build.Tasks.dll" 어셈블리에서 "GetAssemblyVersion" 작업을 사용합니다.
       "GetAssemblyVersion" 작업
       "GetAssemblyVersion" 작업을 실행했습니다.
   1:7>"ProtoTestTool.csproj" 프로젝트에 "GetAssemblyVersion" 대상을 빌드했습니다.
   1:7>"c:\Work\backup\tcpaop\Tests\ProtoTestTool\ProtoTestTool.csproj" 프로젝트의 "C:\Program Files\dotnet\sdk\9.0.309\Sdks\Microsoft.Build.Tasks.Git\build\Microsoft.Build.Tasks.Git.targets" 파일에 있는 "InitializeSourceControlInformationFromSourceControlManager" 대상("_InitializeSourceControlInformationFromSourceControlManager" 대상이 종속됨):
       "C:\Program Files\dotnet\sdk\9.0.309\Sdks\Microsoft.Build.Tasks.Git\build\..\tools\core\Microsoft.Build.Tasks.Git.dll" 어셈블리에서 "Microsoft.Build.Tasks.Git.LocateRepository" 작업을 사용합니다.
       "Microsoft.Build.Tasks.Git.LocateRepository" 작업
         SourceLink: Repository instance not found in cache: '*:c:\Work\backup\tcpaop\.git'
       "Microsoft.Build.Tasks.Git.LocateRepository" 작업을 실행했습니다.
   1:7>"ProtoTestTool.csproj" 프로젝트에 "InitializeSourceControlInformationFromSourceControlManager" 대상을 빌드했습니다.
   1:7>"c:\Work\backup\tcpaop\Tests\ProtoTestTool\ProtoTestTool.csproj" 프로젝트의 "C:\Program Files\dotnet\sdk\9.0.309\Sdks\Microsoft.SourceLink.Common\build\InitializeSourceControlInformation.targets" 파일에 있는 "_SourceLinkHasSingleProvider" 대상("_InitializeSourceControlInformationFromSourceControlManager" 대상이 종속됨):
       TaskRun 동안 로드된 어셈블리: Microsoft.SourceLink.Common, Version=9.0.13.6405, Culture=neutral, PublicKeyToken=31bf3856ad364e35(위치: C:\Program Files\dotnet\sdk\9.0.309\Sdks\Microsoft.SourceLink.Common\tools\core\Microsoft.SourceLink.Common.dll, MVID: b737e86a-ca3c-4b45-bf24-9dcece2da902, AssemblyLoadContext: MSBuild plugin C:\Program Files\dotnet\sdk\9.0.309\Sdks\Microsoft.SourceLink.Common\tools\core\Microsoft.SourceLink.Common.dll)
       "C:\Program Files\dotnet\sdk\9.0.309\Sdks\Microsoft.SourceLink.Common\build\..\tools\core\Microsoft.SourceLink.Common.dll" 어셈블리에서 "Microsoft.SourceLink.Common.SourceLinkHasSingleProvider" 작업을 사용합니다.
       "Microsoft.SourceLink.Common.SourceLinkHasSingleProvider" 작업
       "Microsoft.SourceLink.Common.SourceLinkHasSingleProvider" 작업을 실행했습니다.
   1:7>"ProtoTestTool.csproj" 프로젝트에 "_SourceLinkHasSingleProvider" 대상을 빌드했습니다.
   1:7>"c:\Work\backup\tcpaop\Tests\ProtoTestTool\ProtoTestTool.csproj" 프로젝트의 "C:\Program Files\dotnet\sdk\9.0.309\Sdks\Microsoft.SourceLink.GitHub\build\Microsoft.SourceLink.GitHub.targets" 파일에 있는 "TranslateGitHubUrlsInSourceControlInformation" 대상("_InitializeSourceControlInformationFromSourceControlManager" 대상이 종속됨):
       TaskRun 동안 로드된 어셈블리: Microsoft.SourceLink.GitHub, Version=9.0.13.6405, Culture=neutral, PublicKeyToken=31bf3856ad364e35(위치: C:\Program Files\dotnet\sdk\9.0.309\Sdks\Microsoft.SourceLink.GitHub\tools\core\Microsoft.SourceLink.GitHub.dll, MVID: dcfcc76f-2801-4749-a196-3261e0b82328, AssemblyLoadContext: MSBuild plugin C:\Program Files\dotnet\sdk\9.0.309\Sdks\Microsoft.SourceLink.GitHub\tools\core\Microsoft.SourceLink.GitHub.dll)
       "C:\Program Files\dotnet\sdk\9.0.309\Sdks\Microsoft.SourceLink.GitHub\build\..\tools\core\Microsoft.SourceLink.GitHub.dll" 어셈블리에서 "Microsoft.SourceLink.GitHub.TranslateRepositoryUrls" 작업을 사용합니다.
       "Microsoft.SourceLink.GitHub.TranslateRepositoryUrls" 작업
       "Microsoft.SourceLink.GitHub.TranslateRepositoryUrls" 작업을 실행했습니다.
   1:7>"ProtoTestTool.csproj" 프로젝트에 "TranslateGitHubUrlsInSourceControlInformation" 대상을 빌드했습니다.
   1:7>"c:\Work\backup\tcpaop\Tests\ProtoTestTool\ProtoTestTool.csproj" 프로젝트의 "C:\Program Files\dotnet\sdk\9.0.309\Sdks\Microsoft.SourceLink.GitLab\build\Microsoft.SourceLink.GitLab.targets" 파일에 있는 "TranslateGitLabUrlsInSourceControlInformation" 대상("_InitializeSourceControlInformationFromSourceControlManager" 대상이 종속됨):
       TaskRun 동안 로드된 어셈블리: Microsoft.SourceLink.GitLab, Version=9.0.13.6405, Culture=neutral, PublicKeyToken=31bf3856ad364e35(위치: C:\Program Files\dotnet\sdk\9.0.309\Sdks\Microsoft.SourceLink.GitLab\tools\core\Microsoft.SourceLink.GitLab.dll, MVID: 71803912-a96a-40e8-89cc-8ab80b4d8780, AssemblyLoadContext: MSBuild plugin C:\Program Files\dotnet\sdk\9.0.309\Sdks\Microsoft.SourceLink.GitLab\tools\core\Microsoft.SourceLink.GitLab.dll)
       "C:\Program Files\dotnet\sdk\9.0.309\Sdks\Microsoft.SourceLink.GitLab\build\..\tools\core\Microsoft.SourceLink.GitLab.dll" 어셈블리에서 "Microsoft.SourceLink.GitLab.TranslateRepositoryUrls" 작업을 사용합니다.
       "Microsoft.SourceLink.GitLab.TranslateRepositoryUrls" 작업
       "Microsoft.SourceLink.GitLab.TranslateRepositoryUrls" 작업을 실행했습니다.
   1:7>"ProtoTestTool.csproj" 프로젝트에 "TranslateGitLabUrlsInSourceControlInformation" 대상을 빌드했습니다.
   1:7>"c:\Work\backup\tcpaop\Tests\ProtoTestTool\ProtoTestTool.csproj" 프로젝트의 "C:\Program Files\dotnet\sdk\9.0.309\Sdks\Microsoft.SourceLink.AzureRepos.Git\build\Microsoft.SourceLink.AzureRepos.Git.targets" 파일에 있는 "TranslateAzureReposGitUrlsInSourceControlInformation" 대상("_InitializeSourceControlInformationFromSourceControlManager" 대상이 종속됨):
       TaskRun 동안 로드된 어셈블리: Microsoft.SourceLink.AzureRepos.Git, Version=9.0.13.6405, Culture=neutral, PublicKeyToken=31bf3856ad364e35(위치: C:\Program Files\dotnet\sdk\9.0.309\Sdks\Microsoft.SourceLink.AzureRepos.Git\tools\core\Microsoft.SourceLink.AzureRepos.Git.dll, MVID: cf8da110-31ff-4488-a59f-daf0972c92fd, AssemblyLoadContext: MSBuild plugin C:\Program Files\dotnet\sdk\9.0.309\Sdks\Microsoft.SourceLink.AzureRepos.Git\tools\core\Microsoft.SourceLink.AzureRepos.Git.dll)
       "C:\Program Files\dotnet\sdk\9.0.309\Sdks\Microsoft.SourceLink.AzureRepos.Git\build\..\tools\core\Microsoft.SourceLink.AzureRepos.Git.dll" 어셈블리에서 "Microsoft.SourceLink.AzureRepos.Git.TranslateRepositoryUrls" 작업을 사용합니다.
       "Microsoft.SourceLink.AzureRepos.Git.TranslateRepositoryUrls" 작업
       "Microsoft.SourceLink.AzureRepos.Git.TranslateRepositoryUrls" 작업을 실행했습니다.
   1:7>"ProtoTestTool.csproj" 프로젝트에 "TranslateAzureReposGitUrlsInSourceControlInformation" 대상을 빌드했습니다.
   1:7>"c:\Work\backup\tcpaop\Tests\ProtoTestTool\ProtoTestTool.csproj" 프로젝트의 "C:\Program Files\dotnet\sdk\9.0.309\Sdks\Microsoft.SourceLink.Bitbucket.Git\build\Microsoft.SourceLink.Bitbucket.Git.targets" 파일에 있는 "TranslateBitbucketGitUrlsInSourceControlInformation" 대상("_InitializeSourceControlInformationFromSourceControlManager" 대상이 종속됨):
       TaskRun 동안 로드된 어셈블리: Microsoft.SourceLink.Bitbucket.Git, Version=9.0.13.6405, Culture=neutral, PublicKeyToken=31bf3856ad364e35(위치: C:\Program Files\dotnet\sdk\9.0.309\Sdks\Microsoft.SourceLink.Bitbucket.Git\tools\core\Microsoft.SourceLink.Bitbucket.Git.dll, MVID: e344109e-dfc0-47ba-8843-e4aca636aaaa, AssemblyLoadContext: MSBuild plugin C:\Program Files\dotnet\sdk\9.0.309\Sdks\Microsoft.SourceLink.Bitbucket.Git\tools\core\Microsoft.SourceLink.Bitbucket.Git.dll)
       "C:\Program Files\dotnet\sdk\9.0.309\Sdks\Microsoft.SourceLink.Bitbucket.Git\build\..\tools\core\Microsoft.SourceLink.Bitbucket.Git.dll" 어셈블리에서 "Microsoft.SourceLink.Bitbucket.Git.TranslateRepositoryUrls" 작업을 사용합니다.
       "Microsoft.SourceLink.Bitbucket.Git.TranslateRepositoryUrls" 작업
       "Microsoft.SourceLink.Bitbucket.Git.TranslateRepositoryUrls" 작업을 실행했습니다.
   1:7>"ProtoTestTool.csproj" 프로젝트에 "TranslateBitbucketGitUrlsInSourceControlInformation" 대상을 빌드했습니다.
   1:7>"c:\Work\backup\tcpaop\Tests\ProtoTestTool\ProtoTestTool.csproj" 프로젝트의 "C:\Program Files\dotnet\sdk\9.0.309\Sdks\Microsoft.SourceLink.Common\build\InitializeSourceControlInformation.targets" 파일에 있는 "SourceControlManagerPublishTranslatedUrls" 대상("_InitializeSourceControlInformationFromSourceControlManager" 대상이 종속됨):
   1:7>"ProtoTestTool.csproj" 프로젝트에 "SourceControlManagerPublishTranslatedUrls" 대상을 빌드했습니다.
   1:7>"c:\Work\backup\tcpaop\Tests\ProtoTestTool\ProtoTestTool.csproj" 프로젝트의 "C:\Program Files\dotnet\sdk\9.0.309\Sdks\Microsoft.SourceLink.Common\build\InitializeSourceControlInformation.targets" 파일에 있는 "_InitializeSourceControlInformationFromSourceControlManager" 대상("InitializeSourceControlInformation" 대상이 종속됨):
   1:7>"ProtoTestTool.csproj" 프로젝트에 "_InitializeSourceControlInformationFromSourceControlManager" 대상을 빌드했습니다.
   1:7>"c:\Work\backup\tcpaop\Tests\ProtoTestTool\ProtoTestTool.csproj" 프로젝트의 "C:\Program Files\dotnet\sdk\9.0.309\Microsoft.Common.CurrentVersion.targets" 파일에 있는 "InitializeSourceControlInformation" 대상("GetAssemblyAttributes" 대상이 종속됨):
   1:7>"ProtoTestTool.csproj" 프로젝트에 "InitializeSourceControlInformation" 대상을 빌드했습니다.
       "GetAssemblyVersion" 대상을 건너뜁니다. 이전에 빌드되었습니다.
       "InitializeSourceControlInformation" 대상을 건너뜁니다. 이전에 빌드되었습니다.
   1:7>"c:\Work\backup\tcpaop\Tests\ProtoTestTool\ProtoTestTool.csproj" 프로젝트의 "C:\Program Files\dotnet\sdk\9.0.309\Sdks\Microsoft.NET.Sdk\targets\Microsoft.NET.GenerateAssemblyInfo.targets" 파일에 있는 "AddSourceRevisionToInformationalVersion" 대상("GetAssemblyAttributes" 대상이 종속됨):
       C:\Program Files\dotnet\sdk\9.0.309\Sdks\Microsoft.NET.Sdk\targets\Microsoft.NET.GenerateAssemblyInfo.targets(70,7): message : 속성 재할당: $(InformationalVersion)=C:\Program Files\dotnet\sdk\9.0.309\Sdks\Microsoft.NET.Sdk\targets\Microsoft.NET.GenerateAssemblyInfo.targets (70,7)의 "1.0.0+518c631a3325607f7f45bf710704a5924e2b7157"(이전 값: "1.0.0") [c:\Work\backup\tcpaop\Tests\ProtoTestTool\ProtoTestTool.csproj]
   1:7>"ProtoTestTool.csproj" 프로젝트에 "AddSourceRevisionToInformationalVersion" 대상을 빌드했습니다.
       조건이 잘못되어 "_GetUserSecretsAssemblyAttribute" 대상을 건너뜁니다. ( '$(UserSecretsId)' != '' AND '$(GenerateUserSecretsAttribute)' != 'false' AND '$(GeneratedUserSecretsAttributeFile)' == '' )이(가) ( '' != '' AND '' != 'false' AND '' == '' )(으)로 확인되었습니다.
   1:7>"c:\Work\backup\tcpaop\Tests\ProtoTestTool\ProtoTestTool.csproj" 프로젝트의 "C:\Program Files\dotnet\sdk\9.0.309\Sdks\Microsoft.NET.Sdk\targets\Microsoft.NET.GenerateAssemblyInfo.targets" 파일에 있는 "GetAssemblyAttributes" 대상("CreateGeneratedAssemblyInfoInputsCacheFile" 대상이 종속됨):
   1:7>"ProtoTestTool.csproj" 프로젝트에 "GetAssemblyAttributes" 대상을 빌드했습니다.
   1:7>"c:\Work\backup\tcpaop\Tests\ProtoTestTool\ProtoTestTool.csproj" 프로젝트의 "C:\Program Files\dotnet\sdk\9.0.309\Sdks\Microsoft.NET.Sdk\targets\Microsoft.NET.GenerateAssemblyInfo.targets" 파일에 있는 "CreateGeneratedAssemblyInfoInputsCacheFile" 대상("CoreGenerateAssemblyInfo" 대상이 종속됨):
       "Microsoft.Build.Tasks.Core, Version=15.1.0.0, Culture=neutral, PublicKeyToken=b03f5f7f11d50a3a" 어셈블리에서 "Hash" 작업을 사용합니다.
       "Hash" 작업
       "Hash" 작업을 실행했습니다.
       "WriteLinesToFile" 작업
         콘텐츠가 변경되지 않아 "obj\Debug\net9.0-windows\ProtoTestTool.AssemblyInfoInputs.cache" 파일에 쓰기를 건너뜁니다.
       "WriteLinesToFile" 작업을 실행했습니다.
   1:7>"ProtoTestTool.csproj" 프로젝트에 "CreateGeneratedAssemblyInfoInputsCacheFile" 대상을 빌드했습니다.
   1:7>"c:\Work\backup\tcpaop\Tests\ProtoTestTool\ProtoTestTool.csproj" 프로젝트의 "C:\Program Files\dotnet\sdk\9.0.309\Sdks\Microsoft.NET.Sdk\targets\Microsoft.NET.GenerateAssemblyInfo.targets" 파일에 있는 "CoreGenerateAssemblyInfo" 대상("GenerateAssemblyInfo" 대상이 종속됨):
       해당 입력 파일과 비교하여 출력 파일이 모두 최신 파일이므로 "CoreGenerateAssemblyInfo" 대상을 건너뜁니다.
       입력 파일: obj\Debug\net9.0-windows\ProtoTestTool.AssemblyInfoInputs.cache
       출력 파일: obj\Debug\net9.0-windows\ProtoTestTool.AssemblyInfo.cs
   1:7>"ProtoTestTool.csproj" 프로젝트에 "CoreGenerateAssemblyInfo" 대상을 빌드했습니다.
   1:7>"c:\Work\backup\tcpaop\Tests\ProtoTestTool\ProtoTestTool.csproj" 프로젝트의 "C:\Program Files\dotnet\sdk\9.0.309\Sdks\Microsoft.NET.Sdk\targets\Microsoft.NET.GenerateAssemblyInfo.targets" 파일에 있는 "GenerateAssemblyInfo" 대상("BeforeCompile" 대상이 종속됨):
   1:7>"ProtoTestTool.csproj" 프로젝트에 "GenerateAssemblyInfo" 대상을 빌드했습니다.
   1:7>"c:\Work\backup\tcpaop\Tests\ProtoTestTool\ProtoTestTool.csproj" 프로젝트의 "C:\Program Files\dotnet\sdk\9.0.309\Microsoft.Common.CurrentVersion.targets" 파일에 있는 "BeforeCompile" 대상("Compile" 대상이 종속됨):
   1:7>"ProtoTestTool.csproj" 프로젝트에 "BeforeCompile" 대상을 빌드했습니다.
       조건이 잘못되어 "_TimeStampBeforeCompile" 대상을 건너뜁니다. ('$(RunPostBuildEvent)'=='OnOutputUpdated' or ('$(RegisterForComInterop)'=='true' and '$(OutputType)'=='library'))이(가) (''=='OnOutputUpdated' or (''=='true' and 'WinExe'=='library'))(으)로 확인되었습니다.
       "ResolveAssemblyReferences" 대상을 건너뜁니다. 이전에 빌드되었습니다.
       "_GenerateCompileInputs" 대상을 건너뜁니다. 이전에 빌드되었습니다.
   1:7>"c:\Work\backup\tcpaop\Tests\ProtoTestTool\ProtoTestTool.csproj" 프로젝트의 "C:\Program Files\dotnet\sdk\9.0.309\Microsoft.Common.CurrentVersion.targets" 파일에 있는 "_GenerateCompileDependencyCache" 대상("Compile" 대상이 종속됨):
       "Hash" 작업
       "Hash" 작업을 실행했습니다.
       "WriteLinesToFile" 작업
         콘텐츠가 변경되지 않아 "obj\Debug\net9.0-windows\ProtoTestTool.csproj.CoreCompileInputs.cache" 파일에 쓰기를 건너뜁니다.
       "WriteLinesToFile" 작업을 실행했습니다.
   1:7>"ProtoTestTool.csproj" 프로젝트에 "_GenerateCompileDependencyCache" 대상을 빌드했습니다.
       조건이 잘못되어 "_ComputeNonExistentFileProperty" 대상을 건너뜁니다. (('$(BuildingInsideVisualStudio)' == 'true') and ('$(BuildingOutOfProcess)' != 'true') and (('$(BuildingProject)' == 'false') or ('$(UseHostCompilerIfAvailable)' == 'true')))이(가) (('' == 'true') and ('' != 'true') and (('true' == 'false') or ('true' == 'true')))(으)로 확인되었습니다.
       조건이 잘못되어 "ResolveCodeAnalysisRuleSet" 대상을 건너뜁니다. ('$(CodeAnalysisRuleSet)' != '')이(가) ('' != '')(으)로 확인되었습니다.
       조건이 잘못되어 "ShimReferencePathsWhenCommonTargetsDoesNotUnderstandReferenceAssemblies" 대상을 건너뜁니다. ('@(ReferencePathWithRefAssemblies)' == '')이(가) ('C:\Program Files\dotnet\packs\Microsoft.WindowsDesktop.App.Ref\9.0.12\ref\net9.0\Accessibility.dll;C:\Users\kentz\.nuget\packages\dotnet.script.core\1.6.0\lib\net9.0\Dotnet.Script.Core.dll;C:\Users\kentz\.nuget\packages\dotnet.script.dependencymodel\1.6.0\lib\netstandard2.0\Dotnet.Script.DependencyModel.dll;...' == '')(으)로 확인되었습니다.
   1:7>"c:\Work\backup\tcpaop\Tests\ProtoTestTool\ProtoTestTool.csproj" 프로젝트의 "C:\Program Files\dotnet\sdk\9.0.309\Roslyn\Microsoft.Managed.Core.targets" 파일에 있는 "_BeforeVBCSCoreCompile" 대상("CoreCompile" 대상이 종속됨):
   1:7>"ProtoTestTool.csproj" 프로젝트에 "_BeforeVBCSCoreCompile" 대상을 빌드했습니다.
       조건이 잘못되어 "AdjustDefaultPlatformTargetForNetFrameworkExeWithNoNativeCopyLocalItems" 대상을 건너뜁니다. ('$(_UsingDefaultPlatformTarget)' == 'true' and
                            '$(_UsingDefaultRuntimeIdentifier)' == 'true')이(가) ('true' == 'true' and
                            '' == 'true')(으)로 확인되었습니다.
       조건이 잘못되어 "_DisableDiagnosticTracing" 대상을 건너뜁니다. ('$(DisableDiagnosticTracing)' == 'true')이(가) ('' == 'true')(으)로 확인되었습니다.
       조건이 잘못되어 "ShimReferencePathsWhenCommonTargetsDoesNotUnderstandReferenceAssemblies" 대상을 건너뜁니다. ('@(ReferencePathWithRefAssemblies)' == '')이(가) ('C:\Program Files\dotnet\packs\Microsoft.WindowsDesktop.App.Ref\9.0.12\ref\net9.0\Accessibility.dll;C:\Users\kentz\.nuget\packages\dotnet.script.core\1.6.0\lib\net9.0\Dotnet.Script.Core.dll;C:\Users\kentz\.nuget\packages\dotnet.script.dependencymodel\1.6.0\lib\netstandard2.0\Dotnet.Script.DependencyModel.dll;...' == '')(으)로 확인되었습니다.
   1:7>"c:\Work\backup\tcpaop\Tests\ProtoTestTool\ProtoTestTool.csproj" 프로젝트의 "C:\Program Files\dotnet\sdk\9.0.309\Roslyn\Microsoft.Managed.Core.targets" 파일에 있는 "_ComputeSkipAnalyzers" 대상("CoreCompile" 대상이 종속됨):
       조건이 잘못되어 "ShowMessageForImplicitlySkipAnalyzers" 작업을 건너뜁니다. ('$(_ImplicitlySkipAnalyzers)' == 'true')이(가) ('' == 'true')(으)로 확인되었습니다.
   1:7>"ProtoTestTool.csproj" 프로젝트에 "_ComputeSkipAnalyzers" 대상을 빌드했습니다.
       조건이 잘못되어 "_SetPathMapFromSourceRoots" 대상을 건너뜁니다. ('$(DeterministicSourcePaths)' == 'true')이(가) ('' == 'true')(으)로 확인되었습니다.
       조건이 잘못되어 "CreateCompilerGeneratedFilesOutputPath" 대상을 건너뜁니다. ('$(EmitCompilerGeneratedFiles)' == 'true' and !('$(DesignTimeBuild)' == 'true' OR '$(BuildingProject)' != 'true'))이(가) ('false' == 'true' and !('' == 'true' OR 'true' != 'true'))(으)로 확인되었습니다.
   1:7>"c:\Work\backup\tcpaop\Tests\ProtoTestTool\ProtoTestTool.csproj" 프로젝트의 "C:\Users\kentz\.nuget\packages\microsoft.codeanalysis.analyzers\3.3.4\buildTransitive\Microsoft.CodeAnalysis.Analyzers.targets" 파일에 있는 "AddGlobalAnalyzerConfigForPackage_MicrosoftCodeAnalysisAnalyzers" 대상("CoreCompile" 대상이 종속됨):
   1:7>"ProtoTestTool.csproj" 프로젝트에 "AddGlobalAnalyzerConfigForPackage_MicrosoftCodeAnalysisAnalyzers" 대상을 빌드했습니다.
       조건이 잘못되어 "AddGlobalAnalyzerConfigForPackage_MicrosoftCodeAnalysisAnalyzersCorrectness" 대상을 건너뜁니다. ('$(SkipGlobalAnalyzerConfigForPackage)' != 'true' and ('$(AnalysisLevelCorrectness)' != '' or '$(AnalysisModeCorrectness)' != ''))이(가) ('' != 'true' and ('' != '' or '' != ''))(으)로 확인되었습니다.
       조건이 잘못되어 "AddGlobalAnalyzerConfigForPackage_MicrosoftCodeAnalysisAnalyzersLibrary" 대상을 건너뜁니다. ('$(SkipGlobalAnalyzerConfigForPackage)' != 'true' and ('$(AnalysisLevelLibrary)' != '' or '$(AnalysisModeLibrary)' != ''))이(가) ('' != 'true' and ('' != '' or '' != ''))(으)로 확인되었습니다.
       조건이 잘못되어 "AddGlobalAnalyzerConfigForPackage_MicrosoftCodeAnalysisAnalyzersMicrosoftCodeAnalysisCompatibility" 대상을 건너뜁니다. ('$(SkipGlobalAnalyzerConfigForPackage)' != 'true' and ('$(AnalysisLevelMicrosoftCodeAnalysisCompatibility)' != '' or '$(AnalysisModeMicrosoftCodeAnalysisCompatibility)' != ''))이(가) ('' != 'true' and ('' != '' or '' != ''))(으)로 확인되었습니다.
       조건이 잘못되어 "AddGlobalAnalyzerConfigForPackage_MicrosoftCodeAnalysisAnalyzersMicrosoftCodeAnalysisCorrectness" 대상을 건너뜁니다. ('$(SkipGlobalAnalyzerConfigForPackage)' != 'true' and ('$(AnalysisLevelMicrosoftCodeAnalysisCorrectness)' != '' or '$(AnalysisModeMicrosoftCodeAnalysisCorrectness)' != ''))이(가) ('' != 'true' and ('' != '' or '' != ''))(으)로 확인되었습니다.
       조건이 잘못되어 "AddGlobalAnalyzerConfigForPackage_MicrosoftCodeAnalysisAnalyzersMicrosoftCodeAnalysisDesign" 대상을 건너뜁니다. ('$(SkipGlobalAnalyzerConfigForPackage)' != 'true' and ('$(AnalysisLevelMicrosoftCodeAnalysisDesign)' != '' or '$(AnalysisModeMicrosoftCodeAnalysisDesign)' != ''))이(가) ('' != 'true' and ('' != '' or '' != ''))(으)로 확인되었습니다.
       조건이 잘못되어 "AddGlobalAnalyzerConfigForPackage_MicrosoftCodeAnalysisAnalyzersMicrosoftCodeAnalysisDocumentation" 대상을 건너뜁니다. ('$(SkipGlobalAnalyzerConfigForPackage)' != 'true' and ('$(AnalysisLevelMicrosoftCodeAnalysisDocumentation)' != '' or '$(AnalysisModeMicrosoftCodeAnalysisDocumentation)' != ''))이(가) ('' != 'true' and ('' != '' or '' != ''))(으)로 확인되었습니다.
       조건이 잘못되어 "AddGlobalAnalyzerConfigForPackage_MicrosoftCodeAnalysisAnalyzersMicrosoftCodeAnalysisLocalization" 대상을 건너뜁니다. ('$(SkipGlobalAnalyzerConfigForPackage)' != 'true' and ('$(AnalysisLevelMicrosoftCodeAnalysisLocalization)' != '' or '$(AnalysisModeMicrosoftCodeAnalysisLocalization)' != ''))이(가) ('' != 'true' and ('' != '' or '' != ''))(으)로 확인되었습니다.
       조건이 잘못되어 "AddGlobalAnalyzerConfigForPackage_MicrosoftCodeAnalysisAnalyzersMicrosoftCodeAnalysisPerformance" 대상을 건너뜁니다. ('$(SkipGlobalAnalyzerConfigForPackage)' != 'true' and ('$(AnalysisLevelMicrosoftCodeAnalysisPerformance)' != '' or '$(AnalysisModeMicrosoftCodeAnalysisPerformance)' != ''))이(가) ('' != 'true' and ('' != '' or '' != ''))(으)로 확인되었습니다.
       조건이 잘못되어 "AddGlobalAnalyzerConfigForPackage_MicrosoftCodeAnalysisAnalyzersMicrosoftCodeAnalysisReleaseTracking" 대상을 건너뜁니다. ('$(SkipGlobalAnalyzerConfigForPackage)' != 'true' and ('$(AnalysisLevelMicrosoftCodeAnalysisReleaseTracking)' != '' or '$(AnalysisModeMicrosoftCodeAnalysisReleaseTracking)' != ''))이(가) ('' != 'true' and ('' != '' or '' != ''))(으)로 확인되었습니다.
   1:7>"c:\Work\backup\tcpaop\Tests\ProtoTestTool\ProtoTestTool.csproj" 프로젝트의 "C:\Users\kentz\.nuget\packages\microsoft.codeanalysis.analyzers\3.3.4\buildTransitive\Microsoft.CodeAnalysis.Analyzers.targets" 파일에 있는 "AddAllResxFilesAsAdditionalFiles" 대상("CoreCompile" 대상이 종속됨):
   1:7>"ProtoTestTool.csproj" 프로젝트에 "AddAllResxFilesAsAdditionalFiles" 대상을 빌드했습니다.
       조건이 잘못되어 "_CheckMicrosoftNetSdkCompilersToolsetPackageExists" 대상을 건너뜁니다. ('$(_NeedToDownloadMicrosoftNetSdkCompilersToolsetPackage)' == 'true' and '$(DesignTimeBuild)' != 'true')이(가) ('' == 'true' and '' != 'true')(으)로 확인되었습니다.
       "BeforeCompile" 대상을 건너뜁니다. 이전에 빌드되었습니다.
       "InitializeSourceControlInformationFromSourceControlManager" 대상을 건너뜁니다. 이전에 빌드되었습니다.
   1:7>"c:\Work\backup\tcpaop\Tests\ProtoTestTool\ProtoTestTool.csproj" 프로젝트의 "C:\Program Files\dotnet\sdk\9.0.309\Sdks\Microsoft.Build.Tasks.Git\build\Microsoft.Build.Tasks.Git.targets" 파일에 있는 "SetEmbeddedFilesFromSourceControlManagerUntrackedFiles" 대상("_SetEmbeddedFilesFromSourceControlManagerUntrackedFiles" 대상이 종속됨):
       "C:\Program Files\dotnet\sdk\9.0.309\Sdks\Microsoft.Build.Tasks.Git\build\..\tools\core\Microsoft.Build.Tasks.Git.dll" 어셈블리에서 "Microsoft.Build.Tasks.Git.GetUntrackedFiles" 작업을 사용합니다.
       "Microsoft.Build.Tasks.Git.GetUntrackedFiles" 작업
         SourceLink: Reusing cached git repository information.
       "Microsoft.Build.Tasks.Git.GetUntrackedFiles" 작업을 실행했습니다.
   1:7>"ProtoTestTool.csproj" 프로젝트에 "SetEmbeddedFilesFromSourceControlManagerUntrackedFiles" 대상을 빌드했습니다.
   1:7>"c:\Work\backup\tcpaop\Tests\ProtoTestTool\ProtoTestTool.csproj" 프로젝트의 "C:\Program Files\dotnet\sdk\9.0.309\Sdks\Microsoft.SourceLink.Common\build\Microsoft.SourceLink.Common.targets" 파일에 있는 "_SetEmbeddedFilesFromSourceControlManagerUntrackedFiles" 대상("CoreCompile" 대상이 종속됨):
   1:7>"ProtoTestTool.csproj" 프로젝트에 "_SetEmbeddedFilesFromSourceControlManagerUntrackedFiles" 대상을 빌드했습니다.
       "InitializeSourceControlInformation" 대상을 건너뜁니다. 이전에 빌드되었습니다.
   1:7>"c:\Work\backup\tcpaop\Tests\ProtoTestTool\ProtoTestTool.csproj" 프로젝트의 "C:\Program Files\dotnet\sdk\9.0.309\Sdks\Microsoft.SourceLink.Common\build\Microsoft.SourceLink.Common.targets" 파일에 있는 "_SetSourceLinkFilePath" 대상("_GenerateSourceLinkFile" 대상이 종속됨):
   1:7>"ProtoTestTool.csproj" 프로젝트에 "_SetSourceLinkFilePath" 대상을 빌드했습니다.
       "InitializeSourceControlInformation" 대상을 건너뜁니다. 이전에 빌드되었습니다.
   1:7>"c:\Work\backup\tcpaop\Tests\ProtoTestTool\ProtoTestTool.csproj" 프로젝트의 "C:\Program Files\dotnet\sdk\9.0.309\Roslyn\Microsoft.Managed.Core.targets" 파일에 있는 "_InitializeSourceRootMappedPathsFromSourceControl" 대상("InitializeSourceRootMappedPaths" 대상이 종속됨):
   1:7>"ProtoTestTool.csproj" 프로젝트에 "_InitializeSourceRootMappedPathsFromSourceControl" 대상을 빌드했습니다.
   1:7>"c:\Work\backup\tcpaop\Tests\ProtoTestTool\ProtoTestTool.csproj" 프로젝트의 "C:\Program Files\dotnet\sdk\9.0.309\Roslyn\Microsoft.Managed.Core.targets" 파일에 있는 "InitializeSourceRootMappedPaths" 대상("_InitializeSourceRootMappedPathsOpt" 대상이 종속됨):
       "C:\Program Files\dotnet\sdk\9.0.309\Roslyn\Microsoft.Build.Tasks.CodeAnalysis.dll" 어셈블리에서 "Microsoft.CodeAnalysis.BuildTasks.MapSourceRoots" 작업을 사용합니다.
       "Microsoft.CodeAnalysis.BuildTasks.MapSourceRoots" 작업
       "Microsoft.CodeAnalysis.BuildTasks.MapSourceRoots" 작업을 실행했습니다.
   1:7>"ProtoTestTool.csproj" 프로젝트에 "InitializeSourceRootMappedPaths" 대상을 빌드했습니다.
   1:7>"c:\Work\backup\tcpaop\Tests\ProtoTestTool\ProtoTestTool.csproj" 프로젝트의 "C:\Program Files\dotnet\sdk\9.0.309\Sdks\Microsoft.SourceLink.Common\build\Microsoft.SourceLink.Common.targets" 파일에 있는 "_InitializeSourceRootMappedPathsOpt" 대상("_GenerateSourceLinkFile" 대상이 종속됨):
   1:7>"ProtoTestTool.csproj" 프로젝트에 "_InitializeSourceRootMappedPathsOpt" 대상을 빌드했습니다.
   1:7>"c:\Work\backup\tcpaop\Tests\ProtoTestTool\ProtoTestTool.csproj" 프로젝트의 "C:\Program Files\dotnet\sdk\9.0.309\Sdks\Microsoft.SourceLink.GitHub\build\Microsoft.SourceLink.GitHub.targets" 파일에 있는 "_InitializeGitHubSourceLinkUrl" 대상("_GenerateSourceLinkFile" 대상이 종속됨):
       "_InitializeGitHubSourceLinkUrl" 대상을 모두 빌드하고 있습니다.
       입력 파일을 지정하지 않았습니다.
       "C:\Program Files\dotnet\sdk\9.0.309\Sdks\Microsoft.SourceLink.GitHub\build\..\tools\core\Microsoft.SourceLink.GitHub.dll" 어셈블리에서 "Microsoft.SourceLink.GitHub.GetSourceLinkUrl" 작업을 사용합니다.
       "Microsoft.SourceLink.GitHub.GetSourceLinkUrl" 작업
       "Microsoft.SourceLink.GitHub.GetSourceLinkUrl" 작업을 실행했습니다.
   1:7>"ProtoTestTool.csproj" 프로젝트에 "_InitializeGitHubSourceLinkUrl" 대상을 빌드했습니다.
   1:7>"c:\Work\backup\tcpaop\Tests\ProtoTestTool\ProtoTestTool.csproj" 프로젝트의 "C:\Program Files\dotnet\sdk\9.0.309\Sdks\Microsoft.SourceLink.GitHub\build\Microsoft.SourceLink.GitHub.targets" 파일에 있는 "_InitializeGitHubSourceLinkUrl" 대상("_GenerateSourceLinkFile" 대상이 종속됨):
       "_InitializeGitHubSourceLinkUrl" 대상을 모두 빌드하고 있습니다.
       입력 파일을 지정하지 않았습니다.
       "Microsoft.SourceLink.GitHub.GetSourceLinkUrl" 작업
       "Microsoft.SourceLink.GitHub.GetSourceLinkUrl" 작업을 실행했습니다.
   1:7>"ProtoTestTool.csproj" 프로젝트에 "_InitializeGitHubSourceLinkUrl" 대상을 빌드했습니다.
   1:7>"c:\Work\backup\tcpaop\Tests\ProtoTestTool\ProtoTestTool.csproj" 프로젝트의 "C:\Program Files\dotnet\sdk\9.0.309\Sdks\Microsoft.SourceLink.GitLab\build\Microsoft.SourceLink.GitLab.targets" 파일에 있는 "_InitializeGitLabSourceLinkUrl" 대상("_GenerateSourceLinkFile" 대상이 종속됨):
       "_InitializeGitLabSourceLinkUrl" 대상을 모두 빌드하고 있습니다.
       입력 파일을 지정하지 않았습니다.
       "C:\Program Files\dotnet\sdk\9.0.309\Sdks\Microsoft.SourceLink.GitLab\build\..\tools\core\Microsoft.SourceLink.GitLab.dll" 어셈블리에서 "Microsoft.SourceLink.GitLab.GetSourceLinkUrl" 작업을 사용합니다.
       "Microsoft.SourceLink.GitLab.GetSourceLinkUrl" 작업
       "Microsoft.SourceLink.GitLab.GetSourceLinkUrl" 작업을 실행했습니다.
   1:7>"ProtoTestTool.csproj" 프로젝트에 "_InitializeGitLabSourceLinkUrl" 대상을 빌드했습니다.
   1:7>"c:\Work\backup\tcpaop\Tests\ProtoTestTool\ProtoTestTool.csproj" 프로젝트의 "C:\Program Files\dotnet\sdk\9.0.309\Sdks\Microsoft.SourceLink.GitLab\build\Microsoft.SourceLink.GitLab.targets" 파일에 있는 "_InitializeGitLabSourceLinkUrl" 대상("_GenerateSourceLinkFile" 대상이 종속됨):
       "_InitializeGitLabSourceLinkUrl" 대상을 모두 빌드하고 있습니다.
       입력 파일을 지정하지 않았습니다.
       "Microsoft.SourceLink.GitLab.GetSourceLinkUrl" 작업
       "Microsoft.SourceLink.GitLab.GetSourceLinkUrl" 작업을 실행했습니다.
   1:7>"ProtoTestTool.csproj" 프로젝트에 "_InitializeGitLabSourceLinkUrl" 대상을 빌드했습니다.
   1:7>"c:\Work\backup\tcpaop\Tests\ProtoTestTool\ProtoTestTool.csproj" 프로젝트의 "C:\Program Files\dotnet\sdk\9.0.309\Sdks\Microsoft.SourceLink.AzureRepos.Git\build\Microsoft.SourceLink.AzureRepos.Git.targets" 파일에 있는 "_InitializeAzureReposGitSourceLinkUrl" 대상("_GenerateSourceLinkFile" 대상이 종속됨):
       "_InitializeAzureReposGitSourceLinkUrl" 대상을 모두 빌드하고 있습니다.
       입력 파일을 지정하지 않았습니다.
       "C:\Program Files\dotnet\sdk\9.0.309\Sdks\Microsoft.SourceLink.AzureRepos.Git\build\..\tools\core\Microsoft.SourceLink.AzureRepos.Git.dll" 어셈블리에서 "Microsoft.SourceLink.AzureRepos.Git.GetSourceLinkUrl" 작업을 사용합니다.
       "Microsoft.SourceLink.AzureRepos.Git.GetSourceLinkUrl" 작업
       "Microsoft.SourceLink.AzureRepos.Git.GetSourceLinkUrl" 작업을 실행했습니다.
   1:7>"ProtoTestTool.csproj" 프로젝트에 "_InitializeAzureReposGitSourceLinkUrl" 대상을 빌드했습니다.
   1:7>"c:\Work\backup\tcpaop\Tests\ProtoTestTool\ProtoTestTool.csproj" 프로젝트의 "C:\Program Files\dotnet\sdk\9.0.309\Sdks\Microsoft.SourceLink.AzureRepos.Git\build\Microsoft.SourceLink.AzureRepos.Git.targets" 파일에 있는 "_InitializeAzureReposGitSourceLinkUrl" 대상("_GenerateSourceLinkFile" 대상이 종속됨):
       "_InitializeAzureReposGitSourceLinkUrl" 대상을 모두 빌드하고 있습니다.
       입력 파일을 지정하지 않았습니다.
       "Microsoft.SourceLink.AzureRepos.Git.GetSourceLinkUrl" 작업
       "Microsoft.SourceLink.AzureRepos.Git.GetSourceLinkUrl" 작업을 실행했습니다.
   1:7>"ProtoTestTool.csproj" 프로젝트에 "_InitializeAzureReposGitSourceLinkUrl" 대상을 빌드했습니다.
   1:7>"c:\Work\backup\tcpaop\Tests\ProtoTestTool\ProtoTestTool.csproj" 프로젝트의 "C:\Program Files\dotnet\sdk\9.0.309\Sdks\Microsoft.SourceLink.Bitbucket.Git\build\Microsoft.SourceLink.Bitbucket.Git.targets" 파일에 있는 "_InitializeBitbucketGitSourceLinkUrl" 대상("_GenerateSourceLinkFile" 대상이 종속됨):
       "_InitializeBitbucketGitSourceLinkUrl" 대상을 모두 빌드하고 있습니다.
       입력 파일을 지정하지 않았습니다.
       "C:\Program Files\dotnet\sdk\9.0.309\Sdks\Microsoft.SourceLink.Bitbucket.Git\build\..\tools\core\Microsoft.SourceLink.Bitbucket.Git.dll" 어셈블리에서 "Microsoft.SourceLink.Bitbucket.Git.GetSourceLinkUrl" 작업을 사용합니다.
       "Microsoft.SourceLink.Bitbucket.Git.GetSourceLinkUrl" 작업
       "Microsoft.SourceLink.Bitbucket.Git.GetSourceLinkUrl" 작업을 실행했습니다.
   1:7>"ProtoTestTool.csproj" 프로젝트에 "_InitializeBitbucketGitSourceLinkUrl" 대상을 빌드했습니다.
   1:7>"c:\Work\backup\tcpaop\Tests\ProtoTestTool\ProtoTestTool.csproj" 프로젝트의 "C:\Program Files\dotnet\sdk\9.0.309\Sdks\Microsoft.SourceLink.Bitbucket.Git\build\Microsoft.SourceLink.Bitbucket.Git.targets" 파일에 있는 "_InitializeBitbucketGitSourceLinkUrl" 대상("_GenerateSourceLinkFile" 대상이 종속됨):
       "_InitializeBitbucketGitSourceLinkUrl" 대상을 모두 빌드하고 있습니다.
       입력 파일을 지정하지 않았습니다.
       "Microsoft.SourceLink.Bitbucket.Git.GetSourceLinkUrl" 작업
       "Microsoft.SourceLink.Bitbucket.Git.GetSourceLinkUrl" 작업을 실행했습니다.
   1:7>"ProtoTestTool.csproj" 프로젝트에 "_InitializeBitbucketGitSourceLinkUrl" 대상을 빌드했습니다.
   1:7>"c:\Work\backup\tcpaop\Tests\ProtoTestTool\ProtoTestTool.csproj" 프로젝트의 "C:\Program Files\dotnet\sdk\9.0.309\Sdks\Microsoft.SourceLink.Common\build\Microsoft.SourceLink.Common.targets" 파일에 있는 "_GenerateSourceLinkFile" 대상("GenerateSourceLinkFile" 대상이 종속됨):
       "_GenerateSourceLinkFile" 대상을 모두 빌드하고 있습니다.
       입력 파일을 지정하지 않았습니다.
       "C:\Program Files\dotnet\sdk\9.0.309\Sdks\Microsoft.SourceLink.Common\build\..\tools\core\Microsoft.SourceLink.Common.dll" 어셈블리에서 "Microsoft.SourceLink.Common.GenerateSourceLinkFile" 작업을 사용합니다.
       "Microsoft.SourceLink.Common.GenerateSourceLinkFile" 작업
         TaskRun (Microsoft.SourceLink.Common.GenerateSourceLinkFile) 동안 로드된 어셈블리: Microsoft.SourceLink.Common.resources, Version=9.0.13.6405, Culture=ko, PublicKeyToken=31bf3856ad364e35(위치: C:\Program Files\dotnet\sdk\9.0.309\Sdks\Microsoft.SourceLink.Common\tools\core\ko\Microsoft.SourceLink.Common.resources.dll, MVID: d749272e-084f-4d6c-87fd-e1c7c786eab5, AssemblyLoadContext: MSBuild plugin C:\Program Files\dotnet\sdk\9.0.309\Sdks\Microsoft.SourceLink.Common\tools\core\Microsoft.SourceLink.Common.dll)
         Source Link가 비어 있습니다. 파일 'obj\Debug\net9.0-windows\ProtoTestTool.sourcelink.json'이(가) 없습니다.
       "Microsoft.SourceLink.Common.GenerateSourceLinkFile" 작업을 실행했습니다.
   1:7>"ProtoTestTool.csproj" 프로젝트에 "_GenerateSourceLinkFile" 대상을 빌드했습니다.
   1:7>"c:\Work\backup\tcpaop\Tests\ProtoTestTool\ProtoTestTool.csproj" 프로젝트의 "C:\Program Files\dotnet\sdk\9.0.309\Sdks\Microsoft.SourceLink.Common\build\Microsoft.SourceLink.Common.targets" 파일에 있는 "GenerateSourceLinkFile" 대상("CoreCompile" 대상이 종속됨):
   1:7>"ProtoTestTool.csproj" 프로젝트에 "GenerateSourceLinkFile" 대상을 빌드했습니다.
   1:7>"c:\Work\backup\tcpaop\Tests\ProtoTestTool\ProtoTestTool.csproj" 프로젝트의 "C:\Program Files\dotnet\sdk\9.0.309\Sdks\Microsoft.NET.Sdk\analyzers\build\Microsoft.CodeAnalysis.NetAnalyzers.targets" 파일에 있는 "AddGlobalAnalyzerConfigForPackage_MicrosoftCodeAnalysisNetAnalyzers" 대상("CoreCompile" 대상이 종속됨):
   1:7>"ProtoTestTool.csproj" 프로젝트에 "AddGlobalAnalyzerConfigForPackage_MicrosoftCodeAnalysisNetAnalyzers" 대상을 빌드했습니다.
       조건이 잘못되어 "AddGlobalAnalyzerConfigForPackage_MicrosoftCodeAnalysisNetAnalyzersDesign" 대상을 건너뜁니다. ('$(SkipGlobalAnalyzerConfigForPackage)' != 'true' and ('$(AnalysisLevelDesign)' != '' or '$(AnalysisModeDesign)' != ''))이(가) ('' != 'true' and ('' != '' or '' != ''))(으)로 확인되었습니다.
       조건이 잘못되어 "AddGlobalAnalyzerConfigForPackage_MicrosoftCodeAnalysisNetAnalyzersDocumentation" 대상을 건너뜁니다. ('$(SkipGlobalAnalyzerConfigForPackage)' != 'true' and ('$(AnalysisLevelDocumentation)' != '' or '$(AnalysisModeDocumentation)' != ''))이(가) ('' != 'true' and ('' != '' or '' != ''))(으)로 확인되었습니다.
       조건이 잘못되어 "AddGlobalAnalyzerConfigForPackage_MicrosoftCodeAnalysisNetAnalyzersGlobalization" 대상을 건너뜁니다. ('$(SkipGlobalAnalyzerConfigForPackage)' != 'true' and ('$(AnalysisLevelGlobalization)' != '' or '$(AnalysisModeGlobalization)' != ''))이(가) ('' != 'true' and ('' != '' or '' != ''))(으)로 확인되었습니다.
       조건이 잘못되어 "AddGlobalAnalyzerConfigForPackage_MicrosoftCodeAnalysisNetAnalyzersInteroperability" 대상을 건너뜁니다. ('$(SkipGlobalAnalyzerConfigForPackage)' != 'true' and ('$(AnalysisLevelInteroperability)' != '' or '$(AnalysisModeInteroperability)' != ''))이(가) ('' != 'true' and ('' != '' or '' != ''))(으)로 확인되었습니다.
       조건이 잘못되어 "AddGlobalAnalyzerConfigForPackage_MicrosoftCodeAnalysisNetAnalyzersMaintainability" 대상을 건너뜁니다. ('$(SkipGlobalAnalyzerConfigForPackage)' != 'true' and ('$(AnalysisLevelMaintainability)' != '' or '$(AnalysisModeMaintainability)' != ''))이(가) ('' != 'true' and ('' != '' or '' != ''))(으)로 확인되었습니다.
       조건이 잘못되어 "AddGlobalAnalyzerConfigForPackage_MicrosoftCodeAnalysisNetAnalyzersNaming" 대상을 건너뜁니다. ('$(SkipGlobalAnalyzerConfigForPackage)' != 'true' and ('$(AnalysisLevelNaming)' != '' or '$(AnalysisModeNaming)' != ''))이(가) ('' != 'true' and ('' != '' or '' != ''))(으)로 확인되었습니다.
       조건이 잘못되어 "AddGlobalAnalyzerConfigForPackage_MicrosoftCodeAnalysisNetAnalyzersPerformance" 대상을 건너뜁니다. ('$(SkipGlobalAnalyzerConfigForPackage)' != 'true' and ('$(AnalysisLevelPerformance)' != '' or '$(AnalysisModePerformance)' != ''))이(가) ('' != 'true' and ('' != '' or '' != ''))(으)로 확인되었습니다.
       조건이 잘못되어 "AddGlobalAnalyzerConfigForPackage_MicrosoftCodeAnalysisNetAnalyzersReliability" 대상을 건너뜁니다. ('$(SkipGlobalAnalyzerConfigForPackage)' != 'true' and ('$(AnalysisLevelReliability)' != '' or '$(AnalysisModeReliability)' != ''))이(가) ('' != 'true' and ('' != '' or '' != ''))(으)로 확인되었습니다.
       조건이 잘못되어 "AddGlobalAnalyzerConfigForPackage_MicrosoftCodeAnalysisNetAnalyzersSecurity" 대상을 건너뜁니다. ('$(SkipGlobalAnalyzerConfigForPackage)' != 'true' and ('$(AnalysisLevelSecurity)' != '' or '$(AnalysisModeSecurity)' != ''))이(가) ('' != 'true' and ('' != '' or '' != ''))(으)로 확인되었습니다.
       조건이 잘못되어 "AddGlobalAnalyzerConfigForPackage_MicrosoftCodeAnalysisNetAnalyzersUsage" 대상을 건너뜁니다. ('$(SkipGlobalAnalyzerConfigForPackage)' != 'true' and ('$(AnalysisLevelUsage)' != '' or '$(AnalysisModeUsage)' != ''))이(가) ('' != 'true' and ('' != '' or '' != ''))(으)로 확인되었습니다.
       조건이 잘못되어 "_CodeAnalysisTreatWarningsAsErrors" 대상을 건너뜁니다. ('$(DesignTimeBuild)' == 'true' OR '$(BuildingProject)' != 'true')이(가) ('' == 'true' OR 'true' != 'true')(으)로 확인되었습니다.
   1:7>"c:\Work\backup\tcpaop\Tests\ProtoTestTool\ProtoTestTool.csproj" 프로젝트의 "C:\Program Files\dotnet\sdk\9.0.309\Sdks\Microsoft.NET.Sdk.WindowsDesktop\targets\Microsoft.WinFX.targets" 파일에 있는 "RemoveDuplicateAnalyzers" 대상("CoreCompile" 대상이 종속됨):
   1:7>"ProtoTestTool.csproj" 프로젝트에 "RemoveDuplicateAnalyzers" 대상을 빌드했습니다.
   1:7>"c:\Work\backup\tcpaop\Tests\ProtoTestTool\ProtoTestTool.csproj" 프로젝트의 "C:\Program Files\dotnet\sdk\9.0.309\Roslyn\Microsoft.CSharp.Core.targets" 파일에 있는 "CoreCompile" 대상("Compile" 대상이 종속됨):
       "CoreCompile" 대상을 모두 빌드하고 있습니다.
       입력 파일 "MainWindow.Scripting.cs"이(가) 출력 파일 "obj\Debug\net9.0-windows\ProtoTestTool.pdb"보다 최신 파일입니다.
       C:\Program Files\dotnet\sdk\9.0.309\Roslyn\Microsoft.CSharp.Core.targets(66,7): message : 속성 재할당: $(NoWarn)=C:\Program Files\dotnet\sdk\9.0.309\Roslyn\Microsoft.CSharp.Core.targets (66,7)의 "1701;1702;1701;1702"(이전 값: "1701;1702") [c:\Work\backup\tcpaop\Tests\ProtoTestTool\ProtoTestTool.csproj]
       "C:\Program Files\dotnet\sdk\9.0.309\Roslyn\Microsoft.Build.Tasks.CodeAnalysis.dll" 어셈블리에서 "Csc" 작업을 사용합니다.
       "Csc" 작업
         C:\Program Files\dotnet\dotnet.exe exec "C:\Program Files\dotnet\sdk\9.0.309\Roslyn\bincore\csc.dll" /noconfig /unsafe- /checked- /nowarn:1701,1702,1701,1702 /fullpaths /nostdlib+ /errorreport:prompt /warn:9 /define:TRACE;DEBUG;NET;NET9_0;NETCOREAPP;WINDOWS;WINDOWS7_0;NET5_0_OR_GREATER;NET6_0_OR_GREATER;NET7_0_OR_GREATER;NET8_0_OR_GREATER;NET9_0_OR_GREATER;NETCOREAPP3_0_OR_GREATER;NETCOREAPP3_1_OR_GREATER;WINDOWS7_0_OR_GREATER /highentropyva+ /nullable:enable /reference:"C:\Program Files\dotnet\packs\Microsoft.WindowsDesktop.App.Ref\9.0.12\ref\net9.0\Accessibility.dll" /reference:C:\Users\kentz\.nuget\packages\dotnet.script.core\1.6.0\lib\net9.0\Dotnet.Script.Core.dll /reference:C:\Users\kentz\.nuget\packages\dotnet.script.dependencymodel\1.6.0\lib\netstandard2.0\Dotnet.Script.DependencyModel.dll /reference:C:\Users\kentz\.nuget\packages\dotnet.script.dependencymodel.nuget\1.6.0\lib\netstandard2.0\Dotnet.Script.DependencyModel.NuGet.dll /reference:C:\Users\kentz\.nuget\packages\gapotchenko.fx\2024.1.3\lib\net9.0\Gapotchenko.FX.dll /reference:C:\Users\kentz\.nuget\packages\gapotchenko.fx.reflection.loader\2024.1.3\lib\net5.0\Gapotchenko.FX.Reflection.Loader.dll /reference:C:\Users\kentz\.nuget\packages\google.protobuf\3.28.2\lib\net5.0\Google.Protobuf.dll /reference:C:\Users\kentz\.nuget\packages\avalonedit\6.3.0.90\lib\net7.0-windows7.0\ICSharpCode.AvalonEdit.dll /reference:C:\Users\kentz\.nuget\packages\microsoft.bcl.asyncinterfaces\6.0.0\lib\netstandard2.1\Microsoft.Bcl.AsyncInterfaces.dll /reference:C:\Users\kentz\.nuget\packages\microsoft.codeanalysis.analyzerutilities\3.3.0\lib\netstandard2.0\Microsoft.CodeAnalysis.AnalyzerUtilities.dll /reference:C:\Users\kentz\.nuget\packages\microsoft.codeanalysis.csharp\4.12.0\lib\net8.0\Microsoft.CodeAnalysis.CSharp.dll /reference:C:\Users\kentz\.nuget\packages\microsoft.codeanalysis.csharp.features\4.12.0\lib\net8.0\Microsoft.CodeAnalysis.CSharp.Features.dll /reference:C:\Users\kentz\.nuget\packages\microsoft.codeanalysis.csharp.scripting\4.12.0\lib\net8.0\Microsoft.CodeAnalysis.CSharp.Scripting.dll /reference:C:\Users\kentz\.nuget\packages\microsoft.codeanalysis.csharp.workspaces\4.12.0\lib\net8.0\Microsoft.CodeAnalysis.CSharp.Workspaces.dll /reference:C:\Users\kentz\.nuget\packages\microsoft.codeanalysis.common\4.12.0\lib\net8.0\Microsoft.CodeAnalysis.dll /reference:C:\Users\kentz\.nuget\packages\microsoft.codeanalysis.elfie\1.0.0\lib\netstandard2.0\Microsoft.CodeAnalysis.Elfie.dll /reference:C:\Users\kentz\.nuget\packages\microsoft.codeanalysis.features\4.12.0\lib\net8.0\Microsoft.CodeAnalysis.Features.dll /reference:C:\Users\kentz\.nuget\packages\roslynpad.roslyn\4.12.1\lib\net8.0\Microsoft.CodeAnalysis.LanguageServer.Protocol.dll /reference:C:\Users\kentz\.nuget\packages\microsoft.codeanalysis.scripting.common\4.12.0\lib\net8.0\Microsoft.CodeAnalysis.Scripting.dll /reference:C:\Users\kentz\.nuget\packages\microsoft.codeanalysis.workspaces.common\4.12.0\lib\net8.0\Microsoft.CodeAnalysis.Workspaces.dll /reference:"C:\Program Files\dotnet\packs\Microsoft.NETCore.App.Ref\9.0.12\ref\net9.0\Microsoft.CSharp.dll" /reference:C:\Users\kentz\.nuget\packages\microsoft.data.sqlite.core\10.0.2\lib\net8.0\Microsoft.Data.Sqlite.dll /reference:C:\Users\kentz\.nuget\packages\microsoft.diasymreader\2.0.0\lib\netstandard2.0\Microsoft.DiaSymReader.dll /reference:C:\Users\kentz\.nuget\packages\microsoft.dotnet.platformabstractions\3.1.6\lib\netstandard2.0\Microsoft.DotNet.PlatformAbstractions.dll /reference:C:\Users\kentz\.nuget\packages\microsoft.extensions.configuration.abstractions\9.0.6\lib\net9.0\Microsoft.Extensions.Configuration.Abstractions.dll /reference:C:\Users\kentz\.nuget\packages\microsoft.extensions.configuration.binder\9.0.6\lib\net9.0\Microsoft.Extensions.Configuration.Binder.dll /reference:C:\Users\kentz\.nuget\packages\microsoft.extensions.configuration\9.0.6\lib\net9.0\Microsoft.Extensions.Configuration.dll /reference:C:\Users\kentz\.nuget\packages\microsoft.extensions.dependencyinjection.abstractions\9.0.6\lib\net9.0\Microsoft.Extensions.DependencyInjection.Abstractions.dll /reference:C:\Users\kentz\.nuget\packages\microsoft.extensions.dependencyinjection\9.0.6\lib\net9.0\Microsoft.Extensions.DependencyInjection.dll /reference:C:\Users\kentz\.nuget\packages\microsoft.extensions.logging.abstractions\9.0.6\lib\net9.0\Microsoft.Extensions.Logging.Abstractions.dll /reference:C:\Users\kentz\.nuget\packages\microsoft.extensions.logging.configuration\9.0.6\lib\net9.0\Microsoft.Extensions.Logging.Configuration.dll /reference:C:\Users\kentz\.nuget\packages\microsoft.extensions.logging.console\9.0.6\lib\net9.0\Microsoft.Extensions.Logging.Console.dll /reference:C:\Users\kentz\.nuget\packages\microsoft.extensions.logging\9.0.6\lib\net9.0\Microsoft.Extensions.Logging.dll /reference:C:\Users\kentz\.nuget\packages\microsoft.extensions.options.configurationextensions\9.0.6\lib\net9.0\Microsoft.Extensions.Options.ConfigurationExtensions.dll /reference:C:\Users\kentz\.nuget\packages\microsoft.extensions.options\9.0.6\lib\net9.0\Microsoft.Extensions.Options.dll /reference:C:\Users\kentz\.nuget\packages\microsoft.extensions.primitives\9.0.6\lib\net9.0\Microsoft.Extensions.Primitives.dll /reference:"C:\Program Files\dotnet\packs\Microsoft.NETCore.App.Ref\9.0.12\ref\net9.0\Microsoft.VisualBasic.Core.dll" /reference:"C:\Program Files\dotnet\packs\Microsoft.WindowsDesktop.App.Ref\9.0.12\ref\net9.0\Microsoft.VisualBasic.dll" /reference:"C:\Program Files\dotnet\packs\Microsoft.WindowsDesktop.App.Ref\9.0.12\ref\net9.0\Microsoft.VisualBasic.Forms.dll" /reference:C:\Users\kentz\.nuget\packages\microsoft.visualstudio.threading\17.12.19\lib\net6.0-windows7.0\Microsoft.VisualStudio.Threading.dll /reference:C:\Users\kentz\.nuget\packages\microsoft.visualstudio.validation\17.8.8\lib\net6.0\Microsoft.VisualStudio.Validation.dll /reference:"C:\Program Files\dotnet\packs\Microsoft.NETCore.App.Ref\9.0.12\ref\net9.0\Microsoft.Win32.Primitives.dll" /reference:"C:\Program Files\dotnet\packs\Microsoft.WindowsDesktop.App.Ref\9.0.12\ref\net9.0\Microsoft.Win32.Registry.AccessControl.dll" /reference:"C:\Program Files\dotnet\packs\Microsoft.NETCore.App.Ref\9.0.12\ref\net9.0\Microsoft.Win32.Registry.dll" /reference:"C:\Program Files\dotnet\packs\Microsoft.WindowsDesktop.App.Ref\9.0.12\ref\net9.0\Microsoft.Win32.SystemEvents.dll" /reference:"C:\Program Files\dotnet\packs\Microsoft.NETCore.App.Ref\9.0.12\ref\net9.0\mscorlib.dll" /reference:C:\Users\kentz\.nuget\packages\netcoreserver\8.0.7\lib\net8.0\NetCoreServer.dll /reference:"C:\Program Files\dotnet\packs\Microsoft.NETCore.App.Ref\9.0.12\ref\net9.0\netstandard.dll" /reference:C:\Users\kentz\.nuget\packages\newtonsoft.json\13.0.3\lib\net6.0\Newtonsoft.Json.dll /reference:C:\Users\kentz\.nuget\packages\nuget.common\6.10.0\lib\netstandard2.0\NuGet.Common.dll /reference:C:\Users\kentz\.nuget\packages\nuget.configuration\6.10.0\lib\netstandard2.0\NuGet.Configuration.dll /reference:C:\Users\kentz\.nuget\packages\nuget.dependencyresolver.core\6.10.0\lib\net5.0\NuGet.DependencyResolver.Core.dll /reference:C:\Users\kentz\.nuget\packages\nuget.frameworks\6.10.0\lib\netstandard2.0\NuGet.Frameworks.dll /reference:C:\Users\kentz\.nuget\packages\nuget.librarymodel\6.10.0\lib\netstandard2.0\NuGet.LibraryModel.dll /reference:C:\Users\kentz\.nuget\packages\nuget.packaging\6.10.0\lib\net5.0\NuGet.Packaging.dll /reference:C:\Users\kentz\.nuget\packages\nuget.projectmodel\6.10.0\lib\net5.0\NuGet.ProjectModel.dll /reference:C:\Users\kentz\.nuget\packages\nuget.protocol\6.10.0\lib\net5.0\NuGet.Protocol.dll /reference:C:\Users\kentz\.nuget\packages\nuget.versioning\6.10.0\lib\netstandard2.0\NuGet.Versioning.dll /reference:"C:\Program Files\dotnet\packs\Microsoft.WindowsDesktop.App.Ref\9.0.12\ref\net9.0\PresentationCore.dll" /reference:"C:\Program Files\dotnet\packs\Microsoft.WindowsDesktop.App.Ref\9.0.12\ref\net9.0\PresentationFramework.Aero.dll" /reference:"C:\Program Files\dotnet\packs\Microsoft.WindowsDesktop.App.Ref\9.0.12\ref\net9.0\PresentationFramework.Aero2.dll" /reference:"C:\Program Files\dotnet\packs\Microsoft.WindowsDesktop.App.Ref\9.0.12\ref\net9.0\PresentationFramework.AeroLite.dll" /reference:"C:\Program Files\dotnet\packs\Microsoft.WindowsDesktop.App.Ref\9.0.12\ref\net9.0\PresentationFramework.Classic.dll" /reference:"C:\Program Files\dotnet\packs\Microsoft.WindowsDesktop.App.Ref\9.0.12\ref\net9.0\PresentationFramework.dll" /reference:"C:\Program Files\dotnet\packs\Microsoft.WindowsDesktop.App.Ref\9.0.12\ref\net9.0\PresentationFramework.Luna.dll" /reference:"C:\Program Files\dotnet\packs\Microsoft.WindowsDesktop.App.Ref\9.0.12\ref\net9.0\PresentationFramework.Royale.dll" /reference:"C:\Program Files\dotnet\packs\Microsoft.WindowsDesktop.App.Ref\9.0.12\ref\net9.0\PresentationUI.dll" /reference:"C:\Program Files\dotnet\packs\Microsoft.WindowsDesktop.App.Ref\9.0.12\ref\net9.0\ReachFramework.dll" /reference:C:\Users\kentz\.nuget\packages\readline\2.0.1\lib\netstandard2.0\ReadLine.dll /reference:C:\Users\kentz\.nuget\packages\roslynpad.editor.windows\4.12.1\lib\net8.0-windows7.0\RoslynPad.Editor.Windows.dll /reference:C:\Users\kentz\.nuget\packages\roslynpad.roslyn\4.12.1\lib\net8.0\RoslynPad.Roslyn.dll /reference:C:\Users\kentz\.nuget\packages\roslynpad.roslyn.windows\4.12.1\lib\net8.0-windows7.0\RoslynPad.Roslyn.Windows.dll /reference:C:\Users\kentz\.nuget\packages\roslynpad.themes\4.12.1\lib\net8.0\RoslynPad.Themes.dll /reference:C:\Users\kentz\.nuget\packages\sqlitepclraw.bundle_e_sqlite3\2.1.11\lib\netstandard2.0\SQLitePCLRaw.batteries_v2.dll /reference:C:\Users\kentz\.nuget\packages\sqlitepclraw.core\2.1.11\lib\netstandard2.0\SQLitePCLRaw.core.dll /reference:C:\Users\kentz\.nuget\packages\sqlitepclraw.provider.e_sqlite3\2.1.11\lib\net6.0-windows7.0\SQLitePCLRaw.provider.e_sqlite3.dll /reference:"C:\Program Files\dotnet\packs\Microsoft.NETCore.App.Ref\9.0.12\ref\net9.0\System.AppContext.dll" /reference:"C:\Program Files\dotnet\packs\Microsoft.NETCore.App.Ref\9.0.12\ref\net9.0\System.Buffers.dll" /reference:"C:\Program Files\dotnet\packs\Microsoft.WindowsDesktop.App.Ref\9.0.12\ref\net9.0\System.CodeDom.dll" /reference:"C:\Program Files\dotnet\packs\Microsoft.NETCore.App.Ref\9.0.12\ref\net9.0\System.Collections.Concurrent.dll" /reference:"C:\Program Files\dotnet\packs\Microsoft.NETCore.App.Ref\9.0.12\ref\net9.0\System.Collections.dll" /reference:"C:\Program Files\dotnet\packs\Microsoft.NETCore.App.Ref\9.0.12\ref\net9.0\System.Collections.Immutable.dll" /reference:"C:\Program Files\dotnet\packs\Microsoft.NETCore.App.Ref\9.0.12\ref\net9.0\System.Collections.NonGeneric.dll" /reference:"C:\Program Files\dotnet\packs\Microsoft.NETCore.App.Ref\9.0.12\ref\net9.0\System.Collections.Specialized.dll" /reference:"C:\Program Files\dotnet\packs\Microsoft.NETCore.App.Ref\9.0.12\ref\net9.0\System.ComponentModel.Annotations.dll" /reference:"C:\Program Files\dotnet\packs\Microsoft.NETCore.App.Ref\9.0.12\ref\net9.0\System.ComponentModel.DataAnnotations.dll" /reference:"C:\Program Files\dotnet\packs\Microsoft.NETCore.App.Ref\9.0.12\ref\net9.0\System.ComponentModel.dll" /reference:"C:\Program Files\dotnet\packs\Microsoft.NETCore.App.Ref\9.0.12\ref\net9.0\System.ComponentModel.EventBasedAsync.dll" /reference:"C:\Program Files\dotnet\packs\Microsoft.NETCore.App.Ref\9.0.12\ref\net9.0\System.ComponentModel.Primitives.dll" /reference:"C:\Program Files\dotnet\packs\Microsoft.NETCore.App.Ref\9.0.12\ref\net9.0\System.ComponentModel.TypeConverter.dll" /reference:C:\Users\kentz\.nuget\packages\system.composition.attributedmodel\9.0.1\lib\net9.0\System.Composition.AttributedModel.dll /reference:C:\Users\kentz\.nuget\packages\system.composition.convention\9.0.1\lib\net9.0\System.Composition.Convention.dll /reference:C:\Users\kentz\.nuget\packages\system.composition.hosting\9.0.1\lib\net9.0\System.Composition.Hosting.dll /reference:C:\Users\kentz\.nuget\packages\system.composition.runtime\9.0.1\lib\net9.0\System.Composition.Runtime.dll /reference:C:\Users\kentz\.nuget\packages\system.composition.typedparts\9.0.1\lib\net9.0\System.Composition.TypedParts.dll /reference:"C:\Program Files\dotnet\packs\Microsoft.WindowsDesktop.App.Ref\9.0.12\ref\net9.0\System.Configuration.ConfigurationManager.dll" /reference:"C:\Program Files\dotnet\packs\Microsoft.NETCore.App.Ref\9.0.12\ref\net9.0\System.Configuration.dll" /reference:"C:\Program Files\dotnet\packs\Microsoft.NETCore.App.Ref\9.0.12\ref\net9.0\System.Console.dll" /reference:"C:\Program Files\dotnet\packs\Microsoft.NETCore.App.Ref\9.0.12\ref\net9.0\System.Core.dll" /reference:"C:\Program Files\dotnet\packs\Microsoft.NETCore.App.Ref\9.0.12\ref\net9.0\System.Data.Common.dll" /reference:"C:\Program Files\dotnet\packs\Microsoft.NETCore.App.Ref\9.0.12\ref\net9.0\System.Data.DataSetExtensions.dll" /reference:"C:\Program Files\dotnet\packs\Microsoft.NETCore.App.Ref\9.0.12\ref\net9.0\System.Data.dll" /reference:"C:\Program Files\dotnet\packs\Microsoft.WindowsDesktop.App.Ref\9.0.12\ref\net9.0\System.Design.dll" /reference:"C:\Program Files\dotnet\packs\Microsoft.NETCore.App.Ref\9.0.12\ref\net9.0\System.Diagnostics.Contracts.dll" /reference:"C:\Program Files\dotnet\packs\Microsoft.NETCore.App.Ref\9.0.12\ref\net9.0\System.Diagnostics.Debug.dll" /reference:"C:\Program Files\dotnet\packs\Microsoft.NETCore.App.Ref\9.0.12\ref\net9.0\System.Diagnostics.DiagnosticSource.dll" /reference:"C:\Program Files\dotnet\packs\Microsoft.WindowsDesktop.App.Ref\9.0.12\ref\net9.0\System.Diagnostics.EventLog.dll" /reference:"C:\Program Files\dotnet\packs\Microsoft.NETCore.App.Ref\9.0.12\ref\net9.0\System.Diagnostics.FileVersionInfo.dll" /reference:"C:\Program Files\dotnet\packs\Microsoft.WindowsDesktop.App.Ref\9.0.12\ref\net9.0\System.Diagnostics.PerformanceCounter.dll" /reference:"C:\Program Files\dotnet\packs\Microsoft.NETCore.App.Ref\9.0.12\ref\net9.0\System.Diagnostics.Process.dll" /reference:"C:\Program Files\dotnet\packs\Microsoft.NETCore.App.Ref\9.0.12\ref\net9.0\System.Diagnostics.StackTrace.dll" /reference:"C:\Program Files\dotnet\packs\Microsoft.NETCore.App.Ref\9.0.12\ref\net9.0\System.Diagnostics.TextWriterTraceListener.dll" /reference:"C:\Program Files\dotnet\packs\Microsoft.NETCore.App.Ref\9.0.12\ref\net9.0\System.Diagnostics.Tools.dll" /reference:"C:\Program Files\dotnet\packs\Microsoft.NETCore.App.Ref\9.0.12\ref\net9.0\System.Diagnostics.TraceSource.dll" /reference:"C:\Program Files\dotnet\packs\Microsoft.NETCore.App.Ref\9.0.12\ref\net9.0\System.Diagnostics.Tracing.dll" /reference:"C:\Program Files\dotnet\packs\Microsoft.WindowsDesktop.App.Ref\9.0.12\ref\net9.0\System.DirectoryServices.dll" /reference:"C:\Program Files\dotnet\packs\Microsoft.NETCore.App.Ref\9.0.12\ref\net9.0\System.dll" /reference:"C:\Program Files\dotnet\packs\Microsoft.WindowsDesktop.App.Ref\9.0.12\ref\net9.0\System.Drawing.Common.dll" /reference:"C:\Program Files\dotnet\packs\Microsoft.WindowsDesktop.App.Ref\9.0.12\ref\net9.0\System.Drawing.Design.dll" /reference:"C:\Program Files\dotnet\packs\Microsoft.WindowsDesktop.App.Ref\9.0.12\ref\net9.0\System.Drawing.dll" /reference:"C:\Program Files\dotnet\packs\Microsoft.NETCore.App.Ref\9.0.12\ref\net9.0\System.Drawing.Primitives.dll" /reference:"C:\Program Files\dotnet\packs\Microsoft.NETCore.App.Ref\9.0.12\ref\net9.0\System.Dynamic.Runtime.dll" /reference:"C:\Program Files\dotnet\packs\Microsoft.NETCore.App.Ref\9.0.12\ref\net9.0\System.Formats.Asn1.dll" /reference:"C:\Program Files\dotnet\packs\Microsoft.WindowsDesktop.App.Ref\9.0.12\ref\net9.0\System.Formats.Nrbf.dll" /reference:"C:\Program Files\dotnet\packs\Microsoft.NETCore.App.Ref\9.0.12\ref\net9.0\System.Formats.Tar.dll" /reference:"C:\Program Files\dotnet\packs\Microsoft.NETCore.App.Ref\9.0.12\ref\net9.0\System.Globalization.Calendars.dll" /reference:"C:\Program Files\dotnet\packs\Microsoft.NETCore.App.Ref\9.0.12\ref\net9.0\System.Globalization.dll" /reference:"C:\Program Files\dotnet\packs\Microsoft.NETCore.App.Ref\9.0.12\ref\net9.0\System.Globalization.Extensions.dll" /reference:"C:\Program Files\dotnet\packs\Microsoft.NETCore.App.Ref\9.0.12\ref\net9.0\System.IO.Compression.Brotli.dll" /reference:"C:\Program Files\dotnet\packs\Microsoft.NETCore.App.Ref\9.0.12\ref\net9.0\System.IO.Compression.dll" /reference:"C:\Program Files\dotnet\packs\Microsoft.NETCore.App.Ref\9.0.12\ref\net9.0\System.IO.Compression.FileSystem.dll" /reference:"C:\Program Files\dotnet\packs\Microsoft.NETCore.App.Ref\9.0.12\ref\net9.0\System.IO.Compression.ZipFile.dll" /reference:"C:\Program Files\dotnet\packs\Microsoft.NETCore.App.Ref\9.0.12\ref\net9.0\System.IO.dll" /reference:"C:\Program Files\dotnet\packs\Microsoft.NETCore.App.Ref\9.0.12\ref\net9.0\System.IO.FileSystem.AccessControl.dll" /reference:"C:\Program Files\dotnet\packs\Microsoft.NETCore.App.Ref\9.0.12\ref\net9.0\System.IO.FileSystem.dll" /reference:"C:\Program Files\dotnet\packs\Microsoft.NETCore.App.Ref\9.0.12\ref\net9.0\System.IO.FileSystem.DriveInfo.dll" /reference:"C:\Program Files\dotnet\packs\Microsoft.NETCore.App.Ref\9.0.12\ref\net9.0\System.IO.FileSystem.Primitives.dll" /reference:"C:\Program Files\dotnet\packs\Microsoft.NETCore.App.Ref\9.0.12\ref\net9.0\System.IO.FileSystem.Watcher.dll" /reference:"C:\Program Files\dotnet\packs\Microsoft.NETCore.App.Ref\9.0.12\ref\net9.0\System.IO.IsolatedStorage.dll" /reference:"C:\Program Files\dotnet\packs\Microsoft.NETCore.App.Ref\9.0.12\ref\net9.0\System.IO.MemoryMappedFiles.dll" /reference:"C:\Program Files\dotnet\packs\Microsoft.WindowsDesktop.App.Ref\9.0.12\ref\net9.0\System.IO.Packaging.dll" /reference:"C:\Program Files\dotnet\packs\Microsoft.NETCore.App.Ref\9.0.12\ref\net9.0\System.IO.Pipelines.dll" /reference:"C:\Program Files\dotnet\packs\Microsoft.NETCore.App.Ref\9.0.12\ref\net9.0\System.IO.Pipes.AccessControl.dll" /reference:"C:\Program Files\dotnet\packs\Microsoft.NETCore.App.Ref\9.0.12\ref\net9.0\System.IO.Pipes.dll" /reference:"C:\Program Files\dotnet\packs\Microsoft.NETCore.App.Ref\9.0.12\ref\net9.0\System.IO.UnmanagedMemoryStream.dll" /reference:C:\Users\kentz\.nuget\packages\system.linq.async\6.0.1\ref\net6.0\System.Linq.Async.dll /reference:"C:\Program Files\dotnet\packs\Microsoft.NETCore.App.Ref\9.0.12\ref\net9.0\System.Linq.dll" /reference:"C:\Program Files\dotnet\packs\Microsoft.NETCore.App.Ref\9.0.12\ref\net9.0\System.Linq.Expressions.dll" /reference:"C:\Program Files\dotnet\packs\Microsoft.NETCore.App.Ref\9.0.12\ref\net9.0\System.Linq.Parallel.dll" /reference:"C:\Program Files\dotnet\packs\Microsoft.NETCore.App.Ref\9.0.12\ref\net9.0\System.Linq.Queryable.dll" /reference:"C:\Program Files\dotnet\packs\Microsoft.NETCore.App.Ref\9.0.12\ref\net9.0\System.Memory.dll" /reference:"C:\Program Files\dotnet\packs\Microsoft.NETCore.App.Ref\9.0.12\ref\net9.0\System.Net.dll" /reference:"C:\Program Files\dotnet\packs\Microsoft.NETCore.App.Ref\9.0.12\ref\net9.0\System.Net.Http.dll" /reference:"C:\Program Files\dotnet\packs\Microsoft.NETCore.App.Ref\9.0.12\ref\net9.0\System.Net.Http.Json.dll" /reference:"C:\Program Files\dotnet\packs\Microsoft.NETCore.App.Ref\9.0.12\ref\net9.0\System.Net.HttpListener.dll" /reference:"C:\Program Files\dotnet\packs\Microsoft.NETCore.App.Ref\9.0.12\ref\net9.0\System.Net.Mail.dll" /reference:"C:\Program Files\dotnet\packs\Microsoft.NETCore.App.Ref\9.0.12\ref\net9.0\System.Net.NameResolution.dll" /reference:"C:\Program Files\dotnet\packs\Microsoft.NETCore.App.Ref\9.0.12\ref\net9.0\System.Net.NetworkInformation.dll" /reference:"C:\Program Files\dotnet\packs\Microsoft.NETCore.App.Ref\9.0.12\ref\net9.0\System.Net.Ping.dll" /reference:"C:\Program Files\dotnet\packs\Microsoft.NETCore.App.Ref\9.0.12\ref\net9.0\System.Net.Primitives.dll" /reference:"C:\Program Files\dotnet\packs\Microsoft.NETCore.App.Ref\9.0.12\ref\net9.0\System.Net.Quic.dll" /reference:"C:\Program Files\dotnet\packs\Microsoft.NETCore.App.Ref\9.0.12\ref\net9.0\System.Net.Requests.dll" /reference:"C:\Program Files\dotnet\packs\Microsoft.NETCore.App.Ref\9.0.12\ref\net9.0\System.Net.Security.dll" /reference:"C:\Program Files\dotnet\packs\Microsoft.NETCore.App.Ref\9.0.12\ref\net9.0\System.Net.ServicePoint.dll" /reference:"C:\Program Files\dotnet\packs\Microsoft.NETCore.App.Ref\9.0.12\ref\net9.0\System.Net.Sockets.dll" /reference:"C:\Program Files\dotnet\packs\Microsoft.NETCore.App.Ref\9.0.12\ref\net9.0\System.Net.WebClient.dll" /reference:"C:\Program Files\dotnet\packs\Microsoft.NETCore.App.Ref\9.0.12\ref\net9.0\System.Net.WebHeaderCollection.dll" /reference:"C:\Program Files\dotnet\packs\Microsoft.NETCore.App.Ref\9.0.12\ref\net9.0\System.Net.WebProxy.dll" /reference:"C:\Program Files\dotnet\packs\Microsoft.NETCore.App.Ref\9.0.12\ref\net9.0\System.Net.WebSockets.Client.dll" /reference:"C:\Program Files\dotnet\packs\Microsoft.NETCore.App.Ref\9.0.12\ref\net9.0\System.Net.WebSockets.dll" /reference:"C:\Program Files\dotnet\packs\Microsoft.NETCore.App.Ref\9.0.12\ref\net9.0\System.Numerics.dll" /reference:"C:\Program Files\dotnet\packs\Microsoft.NETCore.App.Ref\9.0.12\ref\net9.0\System.Numerics.Vectors.dll" /reference:"C:\Program Files\dotnet\packs\Microsoft.NETCore.App.Ref\9.0.12\ref\net9.0\System.ObjectModel.dll" /reference:"C:\Program Files\dotnet\packs\Microsoft.WindowsDesktop.App.Ref\9.0.12\ref\net9.0\System.Printing.dll" /reference:"C:\Program Files\dotnet\packs\Microsoft.WindowsDesktop.App.Ref\9.0.12\ref\net9.0\System.Private.Windows.Core.dll" /reference:C:\Users\kentz\.nuget\packages\system.reactive\6.0.1\lib\net6.0\System.Reactive.dll /reference:C:\Users\kentz\.nuget\packages\system.reactive.linq\6.0.1\lib\netstandard2.0\System.Reactive.Linq.dll /reference:"C:\Program Files\dotnet\packs\Microsoft.NETCore.App.Ref\9.0.12\ref\net9.0\System.Reflection.DispatchProxy.dll" /reference:"C:\Program Files\dotnet\packs\Microsoft.NETCore.App.Ref\9.0.12\ref\net9.0\System.Reflection.dll" /reference:"C:\Program Files\dotnet\packs\Microsoft.NETCore.App.Ref\9.0.12\ref\net9.0\System.Reflection.Emit.dll" /reference:"C:\Program Files\dotnet\packs\Microsoft.NETCore.App.Ref\9.0.12\ref\net9.0\System.Reflection.Emit.ILGeneration.dll" /reference:"C:\Program Files\dotnet\packs\Microsoft.NETCore.App.Ref\9.0.12\ref\net9.0\System.Reflection.Emit.Lightweight.dll" /reference:"C:\Program Files\dotnet\packs\Microsoft.NETCore.App.Ref\9.0.12\ref\net9.0\System.Reflection.Extensions.dll" /reference:"C:\Program Files\dotnet\packs\Microsoft.NETCore.App.Ref\9.0.12\ref\net9.0\System.Reflection.Metadata.dll" /reference:C:\Users\kentz\.nuget\packages\system.reflection.metadataloadcontext\9.0.1\lib\net9.0\System.Reflection.MetadataLoadContext.dll /reference:"C:\Program Files\dotnet\packs\Microsoft.NETCore.App.Ref\9.0.12\ref\net9.0\System.Reflection.Primitives.dll" /reference:"C:\Program Files\dotnet\packs\Microsoft.NETCore.App.Ref\9.0.12\ref\net9.0\System.Reflection.TypeExtensions.dll" /reference:"C:\Program Files\dotnet\packs\Microsoft.WindowsDesktop.App.Ref\9.0.12\ref\net9.0\System.Resources.Extensions.dll" /reference:"C:\Program Files\dotnet\packs\Microsoft.NETCore.App.Ref\9.0.12\ref\net9.0\System.Resources.Reader.dll" /reference:"C:\Program Files\dotnet\packs\Microsoft.NETCore.App.Ref\9.0.12\ref\net9.0\System.Resources.ResourceManager.dll" /reference:"C:\Program Files\dotnet\packs\Microsoft.NETCore.App.Ref\9.0.12\ref\net9.0\System.Resources.Writer.dll" /reference:"C:\Program Files\dotnet\packs\Microsoft.NETCore.App.Ref\9.0.12\ref\net9.0\System.Runtime.CompilerServices.Unsafe.dll" /reference:"C:\Program Files\dotnet\packs\Microsoft.NETCore.App.Ref\9.0.12\ref\net9.0\System.Runtime.CompilerServices.VisualC.dll" /reference:"C:\Program Files\dotnet\packs\Microsoft.NETCore.App.Ref\9.0.12\ref\net9.0\System.Runtime.dll" /reference:"C:\Program Files\dotnet\packs\Microsoft.NETCore.App.Ref\9.0.12\ref\net9.0\System.Runtime.Extensions.dll" /reference:"C:\Program Files\dotnet\packs\Microsoft.NETCore.App.Ref\9.0.12\ref\net9.0\System.Runtime.Handles.dll" /reference:"C:\Program Files\dotnet\packs\Microsoft.NETCore.App.Ref\9.0.12\ref\net9.0\System.Runtime.InteropServices.dll" /reference:"C:\Program Files\dotnet\packs\Microsoft.NETCore.App.Ref\9.0.12\ref\net9.0\System.Runtime.InteropServices.JavaScript.dll" /reference:"C:\Program Files\dotnet\packs\Microsoft.NETCore.App.Ref\9.0.12\ref\net9.0\System.Runtime.InteropServices.RuntimeInformation.dll" /reference:"C:\Program Files\dotnet\packs\Microsoft.NETCore.App.Ref\9.0.12\ref\net9.0\System.Runtime.Intrinsics.dll" /reference:"C:\Program Files\dotnet\packs\Microsoft.NETCore.App.Ref\9.0.12\ref\net9.0\System.Runtime.Loader.dll" /reference:"C:\Program Files\dotnet\packs\Microsoft.NETCore.App.Ref\9.0.12\ref\net9.0\System.Runtime.Numerics.dll" /reference:"C:\Program Files\dotnet\packs\Microsoft.NETCore.App.Ref\9.0.12\ref\net9.0\System.Runtime.Serialization.dll" /reference:"C:\Program Files\dotnet\packs\Microsoft.NETCore.App.Ref\9.0.12\ref\net9.0\System.Runtime.Serialization.Formatters.dll" /reference:"C:\Program Files\dotnet\packs\Microsoft.NETCore.App.Ref\9.0.12\ref\net9.0\System.Runtime.Serialization.Json.dll" /reference:"C:\Program Files\dotnet\packs\Microsoft.NETCore.App.Ref\9.0.12\ref\net9.0\System.Runtime.Serialization.Primitives.dll" /reference:"C:\Program Files\dotnet\packs\Microsoft.NETCore.App.Ref\9.0.12\ref\net9.0\System.Runtime.Serialization.Xml.dll" /reference:"C:\Program Files\dotnet\packs\Microsoft.NETCore.App.Ref\9.0.12\ref\net9.0\System.Security.AccessControl.dll" /reference:"C:\Program Files\dotnet\packs\Microsoft.NETCore.App.Ref\9.0.12\ref\net9.0\System.Security.Claims.dll" /reference:"C:\Program Files\dotnet\packs\Microsoft.NETCore.App.Ref\9.0.12\ref\net9.0\System.Security.Cryptography.Algorithms.dll" /reference:"C:\Program Files\dotnet\packs\Microsoft.NETCore.App.Ref\9.0.12\ref\net9.0\System.Security.Cryptography.Cng.dll" /reference:"C:\Program Files\dotnet\packs\Microsoft.NETCore.App.Ref\9.0.12\ref\net9.0\System.Security.Cryptography.Csp.dll" /reference:"C:\Program Files\dotnet\packs\Microsoft.NETCore.App.Ref\9.0.12\ref\net9.0\System.Security.Cryptography.dll" /reference:"C:\Program Files\dotnet\packs\Microsoft.NETCore.App.Ref\9.0.12\ref\net9.0\System.Security.Cryptography.Encoding.dll" /reference:"C:\Program Files\dotnet\packs\Microsoft.NETCore.App.Ref\9.0.12\ref\net9.0\System.Security.Cryptography.OpenSsl.dll" /reference:"C:\Program Files\dotnet\packs\Microsoft.WindowsDesktop.App.Ref\9.0.12\ref\net9.0\System.Security.Cryptography.Pkcs.dll" /reference:"C:\Program Files\dotnet\packs\Microsoft.NETCore.App.Ref\9.0.12\ref\net9.0\System.Security.Cryptography.Primitives.dll" /reference:"C:\Program Files\dotnet\packs\Microsoft.WindowsDesktop.App.Ref\9.0.12\ref\net9.0\System.Security.Cryptography.ProtectedData.dll" /reference:"C:\Program Files\dotnet\packs\Microsoft.NETCore.App.Ref\9.0.12\ref\net9.0\System.Security.Cryptography.X509Certificates.dll" /reference:"C:\Program Files\dotnet\packs\Microsoft.WindowsDesktop.App.Ref\9.0.12\ref\net9.0\System.Security.Cryptography.Xml.dll" /reference:"C:\Program Files\dotnet\packs\Microsoft.NETCore.App.Ref\9.0.12\ref\net9.0\System.Security.dll" /reference:"C:\Program Files\dotnet\packs\Microsoft.WindowsDesktop.App.Ref\9.0.12\ref\net9.0\System.Security.Permissions.dll" /reference:"C:\Program Files\dotnet\packs\Microsoft.NETCore.App.Ref\9.0.12\ref\net9.0\System.Security.Principal.dll" /reference:"C:\Program Files\dotnet\packs\Microsoft.NETCore.App.Ref\9.0.12\ref\net9.0\System.Security.Principal.Windows.dll" /reference:"C:\Program Files\dotnet\packs\Microsoft.NETCore.App.Ref\9.0.12\ref\net9.0\System.Security.SecureString.dll" /reference:"C:\Program Files\dotnet\packs\Microsoft.NETCore.App.Ref\9.0.12\ref\net9.0\System.ServiceModel.Web.dll" /reference:"C:\Program Files\dotnet\packs\Microsoft.NETCore.App.Ref\9.0.12\ref\net9.0\System.ServiceProcess.dll" /reference:"C:\Program Files\dotnet\packs\Microsoft.NETCore.App.Ref\9.0.12\ref\net9.0\System.Text.Encoding.CodePages.dll" /reference:"C:\Program Files\dotnet\packs\Microsoft.NETCore.App.Ref\9.0.12\ref\net9.0\System.Text.Encoding.dll" /reference:"C:\Program Files\dotnet\packs\Microsoft.NETCore.App.Ref\9.0.12\ref\net9.0\System.Text.Encoding.Extensions.dll" /reference:"C:\Program Files\dotnet\packs\Microsoft.NETCore.App.Ref\9.0.12\ref\net9.0\System.Text.Encodings.Web.dll" /reference:"C:\Program Files\dotnet\packs\Microsoft.NETCore.App.Ref\9.0.12\ref\net9.0\System.Text.Json.dll" /reference:"C:\Program Files\dotnet\packs\Microsoft.NETCore.App.Ref\9.0.12\ref\net9.0\System.Text.RegularExpressions.dll" /reference:"C:\Program Files\dotnet\packs\Microsoft.WindowsDesktop.App.Ref\9.0.12\ref\net9.0\System.Threading.AccessControl.dll" /reference:"C:\Program Files\dotnet\packs\Microsoft.NETCore.App.Ref\9.0.12\ref\net9.0\System.Threading.Channels.dll" /reference:"C:\Program Files\dotnet\packs\Microsoft.NETCore.App.Ref\9.0.12\ref\net9.0\System.Threading.dll" /reference:"C:\Program Files\dotnet\packs\Microsoft.NETCore.App.Ref\9.0.12\ref\net9.0\System.Threading.Overlapped.dll" /reference:"C:\Program Files\dotnet\packs\Microsoft.NETCore.App.Ref\9.0.12\ref\net9.0\System.Threading.Tasks.Dataflow.dll" /reference:"C:\Program Files\dotnet\packs\Microsoft.NETCore.App.Ref\9.0.12\ref\net9.0\System.Threading.Tasks.dll" /reference:"C:\Program Files\dotnet\packs\Microsoft.NETCore.App.Ref\9.0.12\ref\net9.0\System.Threading.Tasks.Extensions.dll" /reference:"C:\Program Files\dotnet\packs\Microsoft.NETCore.App.Ref\9.0.12\ref\net9.0\System.Threading.Tasks.Parallel.dll" /reference:"C:\Program Files\dotnet\packs\Microsoft.NETCore.App.Ref\9.0.12\ref\net9.0\System.Threading.Thread.dll" /reference:"C:\Program Files\dotnet\packs\Microsoft.NETCore.App.Ref\9.0.12\ref\net9.0\System.Threading.ThreadPool.dll" /reference:"C:\Program Files\dotnet\packs\Microsoft.NETCore.App.Ref\9.0.12\ref\net9.0\System.Threading.Timer.dll" /reference:"C:\Program Files\dotnet\packs\Microsoft.NETCore.App.Ref\9.0.12\ref\net9.0\System.Transactions.dll" /reference:"C:\Program Files\dotnet\packs\Microsoft.NETCore.App.Ref\9.0.12\ref\net9.0\System.Transactions.Local.dll" /reference:"C:\Program Files\dotnet\packs\Microsoft.NETCore.App.Ref\9.0.12\ref\net9.0\System.ValueTuple.dll" /reference:"C:\Program Files\dotnet\packs\Microsoft.NETCore.App.Ref\9.0.12\ref\net9.0\System.Web.dll" /reference:"C:\Program Files\dotnet\packs\Microsoft.NETCore.App.Ref\9.0.12\ref\net9.0\System.Web.HttpUtility.dll" /reference:"C:\Program Files\dotnet\packs\Microsoft.WindowsDesktop.App.Ref\9.0.12\ref\net9.0\System.Windows.Controls.Ribbon.dll" /reference:"C:\Program Files\dotnet\packs\Microsoft.NETCore.App.Ref\9.0.12\ref\net9.0\System.Windows.dll" /reference:"C:\Program Files\dotnet\packs\Microsoft.WindowsDesktop.App.Ref\9.0.12\ref\net9.0\System.Windows.Extensions.dll" /reference:"C:\Program Files\dotnet\packs\Microsoft.WindowsDesktop.App.Ref\9.0.12\ref\net9.0\System.Windows.Forms.Design.dll" /reference:"C:\Program Files\dotnet\packs\Microsoft.WindowsDesktop.App.Ref\9.0.12\ref\net9.0\System.Windows.Forms.Design.Editors.dll" /reference:"C:\Program Files\dotnet\packs\Microsoft.WindowsDesktop.App.Ref\9.0.12\ref\net9.0\System.Windows.Forms.dll" /reference:"C:\Program Files\dotnet\packs\Microsoft.WindowsDesktop.App.Ref\9.0.12\ref\net9.0\System.Windows.Forms.Primitives.dll" /reference:"C:\Program Files\dotnet\packs\Microsoft.WindowsDesktop.App.Ref\9.0.12\ref\net9.0\System.Windows.Input.Manipulations.dll" /reference:"C:\Program Files\dotnet\packs\Microsoft.WindowsDesktop.App.Ref\9.0.12\ref\net9.0\System.Windows.Presentation.dll" /reference:"C:\Program Files\dotnet\packs\Microsoft.WindowsDesktop.App.Ref\9.0.12\ref\net9.0\System.Xaml.dll" /reference:"C:\Program Files\dotnet\packs\Microsoft.NETCore.App.Ref\9.0.12\ref\net9.0\System.Xml.dll" /reference:"C:\Program Files\dotnet\packs\Microsoft.NETCore.App.Ref\9.0.12\ref\net9.0\System.Xml.Linq.dll" /reference:"C:\Program Files\dotnet\packs\Microsoft.NETCore.App.Ref\9.0.12\ref\net9.0\System.Xml.ReaderWriter.dll" /reference:"C:\Program Files\dotnet\packs\Microsoft.NETCore.App.Ref\9.0.12\ref\net9.0\System.Xml.Serialization.dll" /reference:"C:\Program Files\dotnet\packs\Microsoft.NETCore.App.Ref\9.0.12\ref\net9.0\System.Xml.XDocument.dll" /reference:"C:\Program Files\dotnet\packs\Microsoft.NETCore.App.Ref\9.0.12\ref\net9.0\System.Xml.XmlDocument.dll" /reference:"C:\Program Files\dotnet\packs\Microsoft.NETCore.App.Ref\9.0.12\ref\net9.0\System.Xml.XmlSerializer.dll" /reference:"C:\Program Files\dotnet\packs\Microsoft.NETCore.App.Ref\9.0.12\ref\net9.0\System.Xml.XPath.dll" /reference:"C:\Program Files\dotnet\packs\Microsoft.NETCore.App.Ref\9.0.12\ref\net9.0\System.Xml.XPath.XDocument.dll" /reference:"C:\Program Files\dotnet\packs\Microsoft.WindowsDesktop.App.Ref\9.0.12\ref\net9.0\UIAutomationClient.dll" /reference:"C:\Program Files\dotnet\packs\Microsoft.WindowsDesktop.App.Ref\9.0.12\ref\net9.0\UIAutomationClientSideProviders.dll" /reference:"C:\Program Files\dotnet\packs\Microsoft.WindowsDesktop.App.Ref\9.0.12\ref\net9.0\UIAutomationProvider.dll" /reference:"C:\Program Files\dotnet\packs\Microsoft.WindowsDesktop.App.Ref\9.0.12\ref\net9.0\UIAutomationTypes.dll" /reference:"C:\Program Files\dotnet\packs\Microsoft.WindowsDesktop.App.Ref\9.0.12\ref\net9.0\WindowsBase.dll" /reference:"C:\Program Files\dotnet\packs\Microsoft.WindowsDesktop.App.Ref\9.0.12\ref\net9.0\WindowsFormsIntegration.dll" /debug+ /debug:portable /filealign:512 /optimize- /out:obj\Debug\net9.0-windows\ProtoTestTool.dll /refout:obj\Debug\net9.0-windows\refint\ProtoTestTool.dll /resource:obj\Debug\net9.0-windows\ProtoTestTool.g.resources /target:winexe /warnaserror- /utf8output /deterministic+ /langversion:13.0 /embed:obj\Debug\net9.0-windows\ProtoTestTool.GlobalUsings.g.cs /embed:c:\Work\backup\tcpaop\Tests\ProtoTestTool\obj\Debug\net9.0-windows\MainWindow.g.cs /embed:c:\Work\backup\tcpaop\Tests\ProtoTestTool\obj\Debug\net9.0-windows\ScriptEditorWindow.g.cs /embed:c:\Work\backup\tcpaop\Tests\ProtoTestTool\obj\Debug\net9.0-windows\WorkspaceDialog.g.cs /embed:c:\Work\backup\tcpaop\Tests\ProtoTestTool\obj\Debug\net9.0-windows\App.g.cs /embed:"obj\Debug\net9.0-windows\.NETCoreApp,Version=v9.0.AssemblyAttributes.cs" /embed:obj\Debug\net9.0-windows\ProtoTestTool.AssemblyInfo.cs /analyzerconfig:obj\Debug\net9.0-windows\ProtoTestTool.GeneratedMSBuildEditorConfig.editorconfig /analyzerconfig:"C:\Program Files\dotnet\sdk\9.0.309\Sdks\Microsoft.NET.Sdk\analyzers\build\config\analysislevel_9_default.globalconfig" /analyzer:"C:\Program Files\dotnet\sdk\9.0.309\Sdks\Microsoft.NET.Sdk\targets\..\analyzers\Microsoft.CodeAnalysis.CSharp.NetAnalyzers.dll" /analyzer:"C:\Program Files\dotnet\sdk\9.0.309\Sdks\Microsoft.NET.Sdk\targets\..\analyzers\Microsoft.CodeAnalysis.NetAnalyzers.dll" /analyzer:C:\Users\kentz\.nuget\packages\microsoft.codeanalysis.analyzers\3.3.4\analyzers\dotnet\cs\Microsoft.CodeAnalysis.Analyzers.dll /analyzer:C:\Users\kentz\.nuget\packages\microsoft.codeanalysis.analyzers\3.3.4\analyzers\dotnet\cs\Microsoft.CodeAnalysis.CSharp.Analyzers.dll /analyzer:C:\Users\kentz\.nuget\packages\microsoft.extensions.logging.abstractions\9.0.6\analyzers\dotnet\roslyn4.4\cs\Microsoft.Extensions.Logging.Generators.dll /analyzer:C:\Users\kentz\.nuget\packages\microsoft.extensions.options\9.0.6\analyzers\dotnet\roslyn4.4\cs\Microsoft.Extensions.Options.SourceGeneration.dll /analyzer:C:\Users\kentz\.nuget\packages\microsoft.visualstudio.threading.analyzers\17.12.19\analyzers\cs\Microsoft.VisualStudio.Threading.Analyzers.CSharp.dll /analyzer:C:\Users\kentz\.nuget\packages\microsoft.visualstudio.threading.analyzers\17.12.19\analyzers\cs\Microsoft.VisualStudio.Threading.Analyzers.CodeFixes.dll /analyzer:C:\Users\kentz\.nuget\packages\microsoft.visualstudio.threading.analyzers\17.12.19\analyzers\cs\Microsoft.VisualStudio.Threading.Analyzers.dll /analyzer:"C:\Program Files\dotnet\packs\Microsoft.NETCore.App.Ref\9.0.12\analyzers/dotnet/cs/Microsoft.Interop.ComInterfaceGenerator.dll" /analyzer:"C:\Program Files\dotnet\packs\Microsoft.NETCore.App.Ref\9.0.12\analyzers/dotnet/cs/Microsoft.Interop.JavaScript.JSImportGenerator.dll" /analyzer:"C:\Program Files\dotnet\packs\Microsoft.NETCore.App.Ref\9.0.12\analyzers/dotnet/cs/Microsoft.Interop.LibraryImportGenerator.dll" /analyzer:"C:\Program Files\dotnet\packs\Microsoft.NETCore.App.Ref\9.0.12\analyzers/dotnet/cs/Microsoft.Interop.SourceGeneration.dll" /analyzer:"C:\Program Files\dotnet\packs\Microsoft.NETCore.App.Ref\9.0.12\analyzers/dotnet/cs/System.Text.Json.SourceGeneration.dll" /analyzer:"C:\Program Files\dotnet\packs\Microsoft.NETCore.App.Ref\9.0.12\analyzers/dotnet/cs/System.Text.RegularExpressions.Generator.dll" /analyzer:"C:\Program Files\dotnet\packs\Microsoft.WindowsDesktop.App.Ref\9.0.12\analyzers/dotnet/System.Windows.Forms.Analyzers.dll" /analyzer:"C:\Program Files\dotnet\packs\Microsoft.WindowsDesktop.App.Ref\9.0.12\analyzers/dotnet/cs/System.Windows.Forms.Analyzers.CSharp.dll" /analyzer:"C:\Program Files\dotnet\packs\Microsoft.WindowsDesktop.App.Ref\9.0.12\analyzers/dotnet/cs/System.Windows.Forms.Analyzers.CodeFixes.CSharp.dll" App.xaml.cs GlobalSettings.cs MainWindow.Scripting.cs MainWindow.xaml.cs Network\ObjectInitializer.cs Network\PacketConvertor.cs Network\ProtoLoaderManager.cs Network\ProxyInterceptorPipeline.cs Network\ProxySession.cs Network\ReverseProxyServer.cs Network\SimpleTcpClient.cs Network\UpstreamClient.cs ProtoCompiler.cs Roslyn\RoslynService.cs ScriptContract\ClientPacketContext.cs ScriptContract\IClientApi.cs ScriptContract\IClientPacketInterceptor.cs ScriptContract\IHeader.cs ScriptContract\IPacket.cs ScriptContract\IPacketCodec.cs ScriptContract\IPacketRegistry.cs ScriptContract\IProxyApi.cs ScriptContract\IProxyPacketInterceptor.cs ScriptContract\IScriptLogger.cs ScriptContract\IScriptStateStore.cs ScriptContract\Packet.cs ScriptContract\PacketDirection.cs ScriptContract\ProxyPacketContext.cs ScriptContract\ScriptGlobals.cs ScriptContract\ScriptStateStore.cs ScriptEditorWindow.xaml.cs ScriptLoader.cs WorkspaceConfig.cs WorkspaceDialog.xaml.cs obj\Debug\net9.0-windows\ProtoTestTool.GlobalUsings.g.cs c:\Work\backup\tcpaop\Tests\ProtoTestTool\obj\Debug\net9.0-windows\MainWindow.g.cs c:\Work\backup\tcpaop\Tests\ProtoTestTool\obj\Debug\net9.0-windows\ScriptEditorWindow.g.cs c:\Work\backup\tcpaop\Tests\ProtoTestTool\obj\Debug\net9.0-windows\WorkspaceDialog.g.cs c:\Work\backup\tcpaop\Tests\ProtoTestTool\obj\Debug\net9.0-windows\App.g.cs "obj\Debug\net9.0-windows\.NETCoreApp,Version=v9.0.AssemblyAttributes.cs" obj\Debug\net9.0-windows\ProtoTestTool.AssemblyInfo.cs /warnaserror+:NU1605,SYSLIB0011
         TaskRun (Microsoft.CodeAnalysis.BuildTasks.Csc) 동안 로드된 어셈블리: System.IO.Pipes, Version=9.0.0.0, Culture=neutral, PublicKeyToken=b03f5f7f11d50a3a(위치: C:\Program Files\dotnet\shared\Microsoft.NETCore.App\9.0.12\System.IO.Pipes.dll, MVID: b6155d69-6cf1-4fd5-b204-cb8ab3385adf, AssemblyLoadContext: Default)
         TaskRun (Microsoft.CodeAnalysis.BuildTasks.Csc) 동안 로드된 어셈블리: System.Threading.Overlapped, Version=9.0.0.0, Culture=neutral, PublicKeyToken=b03f5f7f11d50a3a(위치: C:\Program Files\dotnet\shared\Microsoft.NETCore.App\9.0.12\System.Threading.Overlapped.dll, MVID: 65a20f08-9e6c-435c-8197-e9c99167ad25, AssemblyLoadContext: Default)
         TaskRun (Microsoft.CodeAnalysis.BuildTasks.Csc) 동안 로드된 어셈블리: System.Security.AccessControl, Version=9.0.0.0, Culture=neutral, PublicKeyToken=b03f5f7f11d50a3a(위치: C:\Program Files\dotnet\shared\Microsoft.NETCore.App\9.0.12\System.Security.AccessControl.dll, MVID: c6d81a9d-7faa-4bf3-ad1b-f910bb484e1d, AssemblyLoadContext: Default)
         Microsoft (R) Visual C# 컴파일러 버전 4.14.0-3.25570.7 (8cafac47)
         Copyright (C) Microsoft Corporation. All rights reserved.
   1:7>c:\Work\backup\tcpaop\Tests\ProtoTestTool\MainWindow.xaml.cs(77,28): warning CS1998: 이 비동기 메서드에는 'await' 연산자가 없으며 메서드가 동시에 실행됩니다. 'await' 연산자를 사용하여 비블로킹 API 호출을 대기하거나, 'await Task.Run(...)'을 사용하여 백그라운드 스레드에서 CPU 바인딩된 작업을 수행하세요. [c:\Work\backup\tcpaop\Tests\ProtoTestTool\ProtoTestTool.csproj]
   1:7>c:\Work\backup\tcpaop\Tests\ProtoTestTool\ScriptEditorWindow.xaml.cs(18,58): warning CS0067: 'ScriptEditorWindow.OnCompilationSuccess' 이벤트가 사용되지 않았습니다. [c:\Work\backup\tcpaop\Tests\ProtoTestTool\ProtoTestTool.csproj]
   1:7>c:\Work\backup\tcpaop\Tests\ProtoTestTool\ScriptEditorWindow.xaml.cs(30,28): warning VSTHRD100: Avoid "async void" methods, because any exceptions not handled by the method will crash the process (https://github.com/Microsoft/vs-threading/blob/main/doc/analyzers/VSTHRD100.md) [c:\Work\backup\tcpaop\Tests\ProtoTestTool\ProtoTestTool.csproj]
   1:7>c:\Work\backup\tcpaop\Tests\ProtoTestTool\MainWindow.xaml.cs(473,22): warning VSTHRD200: Avoid "Async" suffix in names of methods that do not return an awaitable type (https://github.com/Microsoft/vs-threading/blob/main/doc/analyzers/VSTHRD200.md) [c:\Work\backup\tcpaop\Tests\ProtoTestTool\ProtoTestTool.csproj]
   1:7>c:\Work\backup\tcpaop\Tests\ProtoTestTool\MainWindow.xaml.cs(370,21): warning VSTHRD110: Observe the awaitable result of this method call by awaiting it, assigning to a variable, or passing it to another method (https://github.com/Microsoft/vs-threading/blob/main/doc/analyzers/VSTHRD110.md) [c:\Work\backup\tcpaop\Tests\ProtoTestTool\ProtoTestTool.csproj]
         CompilerServer: server - server processed compilation - ProtoTestTool (net9.0-windows)
       "Csc" 작업을 실행했습니다.
       조건이 잘못되어 "CallTarget" 작업을 건너뜁니다. ('$(TargetsTriggeredByCompilation)' != '')이(가) ('' != '')(으)로 확인되었습니다.
   1:7>"ProtoTestTool.csproj" 프로젝트에 "CoreCompile" 대상을 빌드했습니다.
       조건이 잘못되어 "_TouchLastBuildWithSkipAnalyzers" 대상을 건너뜁니다. ('$(_SkipAnalyzers)' == 'true')이(가) ('' == 'true')(으)로 확인되었습니다.
       조건이 잘못되어 "_TimeStampAfterCompile" 대상을 건너뜁니다. ('$(RunPostBuildEvent)'=='OnOutputUpdated' or ('$(RegisterForComInterop)'=='true' and '$(OutputType)'=='library'))이(가) (''=='OnOutputUpdated' or (''=='true' and 'WinExe'=='library'))(으)로 확인되었습니다.
   1:7>"c:\Work\backup\tcpaop\Tests\ProtoTestTool\ProtoTestTool.csproj" 프로젝트의 "C:\Program Files\dotnet\sdk\9.0.309\Microsoft.Common.CurrentVersion.targets" 파일에 있는 "AfterCompile" 대상("Compile" 대상이 종속됨):
   1:7>"ProtoTestTool.csproj" 프로젝트에 "AfterCompile" 대상을 빌드했습니다.
       "_GetAppHostPaths" 대상을 건너뜁니다. 이전에 빌드되었습니다.
       "_GetAppHostCreationConfiguration" 대상을 건너뜁니다. 이전에 빌드되었습니다.
       "CoreCompile" 대상을 건너뜁니다. 이전에 빌드되었습니다.
   1:7>"c:\Work\backup\tcpaop\Tests\ProtoTestTool\ProtoTestTool.csproj" 프로젝트의 "C:\Program Files\dotnet\sdk\9.0.309\Sdks\Microsoft.NET.Sdk\targets\Microsoft.NET.Sdk.targets" 파일에 있는 "_CreateAppHost" 대상("Compile" 대상이 종속됨):
       "_CreateAppHost" 대상을 모두 빌드하고 있습니다.
       입력 파일 "obj\Debug\net9.0-windows\ProtoTestTool.dll"이(가) 출력 파일 "c:\Work\backup\tcpaop\Tests\ProtoTestTool\obj\Debug\net9.0-windows\apphost.exe"보다 최신 파일입니다.
       "C:\Program Files\dotnet\sdk\9.0.309\Sdks\Microsoft.NET.Sdk\targets\..\tools\net9.0\Microsoft.NET.Build.Tasks.dll" 어셈블리에서 "CreateAppHost" 작업을 사용합니다.
       "CreateAppHost" 작업
       "CreateAppHost" 작업을 실행했습니다.
   1:7>"ProtoTestTool.csproj" 프로젝트에 "_CreateAppHost" 대상을 빌드했습니다.
       조건이 잘못되어 "_CreateComHost" 대상을 건너뜁니다. ('$(ComputeNETCoreBuildOutputFiles)' == 'true' and
                            '$(ComHostIntermediatePath)' != '' and
                            Exists('@(IntermediateAssembly)') and
                            Exists('$(ComHostSourcePath)'))이(가) ('true' == 'true' and
                            '' != '' and
                            Exists('obj\Debug\net9.0-windows\ProtoTestTool.dll') and
                            Exists('C:\Program Files\dotnet\packs\Microsoft.NETCore.App.Host.win-x64\9.0.12\runtimes\win-x64\native\comhost.dll'))(으)로 확인되었습니다.
       조건이 잘못되어 "_GetIjwHostPaths" 대상을 건너뜁니다. ('$(UseIJWHost)' == 'true')이(가) ('' == 'true')(으)로 확인되었습니다.
       조건이 잘못되어 "PrepareResourcesForSatelliteAssemblies" 대상을 건너뜁니다. ('$(UICulture)' != '')이(가) ('' != '')(으)로 확인되었습니다.
       조건이 잘못되어 "MergeLocalizationDirectives" 대상을 건너뜁니다. ('@(GeneratedLocalizationFiles)' !='')이(가) ('' !='')(으)로 확인되었습니다.
   1:7>"c:\Work\backup\tcpaop\Tests\ProtoTestTool\ProtoTestTool.csproj" 프로젝트의 "C:\Program Files\dotnet\sdk\9.0.309\Sdks\Microsoft.NET.Sdk.WindowsDesktop\targets\Microsoft.WinFX.targets" 파일에 있는 "AfterCompileWinFX" 대상("_AfterCompileWinFXInternal" 대상이 종속됨):
   1:7>"ProtoTestTool.csproj" 프로젝트에 "AfterCompileWinFX" 대상을 빌드했습니다.
   1:7>"c:\Work\backup\tcpaop\Tests\ProtoTestTool\ProtoTestTool.csproj" 프로젝트의 "C:\Program Files\dotnet\sdk\9.0.309\Sdks\Microsoft.NET.Sdk.WindowsDesktop\targets\Microsoft.WinFX.targets" 파일에 있는 "_AfterCompileWinFXInternal" 대상("Compile" 대상이 종속됨):
   1:7>"ProtoTestTool.csproj" 프로젝트에 "_AfterCompileWinFXInternal" 대상을 빌드했습니다.
   1:7>"c:\Work\backup\tcpaop\Tests\ProtoTestTool\ProtoTestTool.csproj" 프로젝트의 "C:\Program Files\dotnet\sdk\9.0.309\Microsoft.Common.CurrentVersion.targets" 파일에 있는 "Compile" 대상("CoreBuild" 대상이 종속됨):
   1:7>"ProtoTestTool.csproj" 프로젝트에 "Compile" 대상을 빌드했습니다.
       조건이 잘못되어 "ExportWindowsMDFile" 대상을 건너뜁니다. ('$(ExportWinMDFile)' == 'true')이(가) ('' == 'true')(으)로 확인되었습니다.
       조건이 잘못되어 "UnmanagedUnregistration" 대상을 건너뜁니다. ((('$(_AssemblyTimestampBeforeCompile)' != '$(_AssemblyTimestampAfterCompile)' or '$(RegisterForComInterop)' != 'true' or '$(OutputType)' != 'library') or
                           ('$(_AssemblyTimestampBeforeCompile)' == '')) and
                          Exists('@(_UnmanagedRegistrationCache)'))이(가) ((('' != '' or '' != 'true' or 'WinExe' != 'library') or
                           ('' == '')) and
                          Exists('obj\ProtoTestTool.csproj.UnmanagedRegistration.cache'))(으)로 확인되었습니다.
       조건이 잘못되어 "GenerateSerializationAssemblies" 대상을 건너뜁니다. ('$(_SGenGenerateSerializationAssembliesConfig)' == 'On' or ('@(WebReferenceUrl)'!='' and '$(_SGenGenerateSerializationAssembliesConfig)' == 'Auto'))이(가) ('Off' == 'On' or (''!='' and 'Off' == 'Auto'))(으)로 확인되었습니다.
   1:7>"c:\Work\backup\tcpaop\Tests\ProtoTestTool\ProtoTestTool.csproj" 프로젝트의 "C:\Program Files\dotnet\sdk\9.0.309\Microsoft.Common.CurrentVersion.targets" 파일에 있는 "_GenerateSatelliteAssemblyInputs" 대상("CreateSatelliteAssemblies" 대상이 종속됨):
       조건이 잘못되어 "MSBuildInternalMessage" 작업을 건너뜁니다. ('@(ManifestResourceWithCulture)'!='' and '%(ManifestResourceWithCulture.EmittedForCompatibilityOnly)'=='')이(가) (''!='' and ''=='')(으)로 확인되었습니다.
       조건이 잘못되어 "MSBuildInternalMessage" 작업을 건너뜁니다. ('@(ManifestNonResxWithCultureOnDisk)'!='' and '%(ManifestNonResxWithCultureOnDisk.EmittedForCompatibilityOnly)'=='')이(가) (''!='' and ''=='')(으)로 확인되었습니다.
   1:7>"ProtoTestTool.csproj" 프로젝트에 "_GenerateSatelliteAssemblyInputs" 대상을 빌드했습니다.
       "CreateManifestResourceNames" 대상을 건너뜁니다. 이전에 빌드되었습니다.
   1:7>"c:\Work\backup\tcpaop\Tests\ProtoTestTool\ProtoTestTool.csproj" 프로젝트의 "C:\Program Files\dotnet\sdk\9.0.309\Microsoft.Common.CurrentVersion.targets" 파일에 있는 "ComputeIntermediateSatelliteAssemblies" 대상("CreateSatelliteAssemblies" 대상이 종속됨):
   1:7>"ProtoTestTool.csproj" 프로젝트에 "ComputeIntermediateSatelliteAssemblies" 대상을 빌드했습니다.
       조건이 잘못되어 "GenerateSatelliteAssemblies" 대상을 건너뜁니다. ('@(_SatelliteAssemblyResourceInputs)' != '' and '$(GenerateSatelliteAssembliesForCore)' != 'true')이(가) ('' != '' and 'true' != 'true')(으)로 확인되었습니다.
       조건이 잘못되어 "CoreGenerateSatelliteAssemblies" 대상을 건너뜁니다. ('@(_SatelliteAssemblyResourceInputs)' != ''  and '$(GenerateSatelliteAssembliesForCore)' == 'true' )이(가) ('' != ''  and 'true' == 'true' )(으)로 확인되었습니다.
   1:7>"c:\Work\backup\tcpaop\Tests\ProtoTestTool\ProtoTestTool.csproj" 프로젝트의 "C:\Program Files\dotnet\sdk\9.0.309\Microsoft.Common.CurrentVersion.targets" 파일에 있는 "CreateSatelliteAssemblies" 대상("CoreBuild" 대상이 종속됨):
   1:7>"ProtoTestTool.csproj" 프로젝트에 "CreateSatelliteAssemblies" 대상을 빌드했습니다.
       조건이 잘못되어 "GenerateManifests" 대상을 건너뜁니다. ('$(GenerateClickOnceManifests)'=='true' or '@(NativeReference)'!='' or '@(ResolvedIsolatedComModules)'!='' or '$(GenerateAppxManifest)' == 'true')이(가) (''=='true' or ''!='' or ''!='' or '' == 'true')(으)로 확인되었습니다.
   1:7>"c:\Work\backup\tcpaop\Tests\ProtoTestTool\ProtoTestTool.csproj" 프로젝트의 "C:\Program Files\dotnet\sdk\9.0.309\Microsoft.Common.CurrentVersion.targets" 파일에 있는 "GetTargetPathWithTargetPlatformMoniker" 대상("GetTargetPath" 대상이 종속됨):
   1:7>"ProtoTestTool.csproj" 프로젝트에 "GetTargetPathWithTargetPlatformMoniker" 대상을 빌드했습니다.
   1:7>"c:\Work\backup\tcpaop\Tests\ProtoTestTool\ProtoTestTool.csproj" 프로젝트의 "C:\Program Files\dotnet\sdk\9.0.309\Microsoft.Common.CurrentVersion.targets" 파일에 있는 "GetTargetPath" 대상("CoreBuild" 대상이 종속됨):
   1:7>"ProtoTestTool.csproj" 프로젝트에 "GetTargetPath" 대상을 빌드했습니다.
       "ComputeIntermediateSatelliteAssemblies" 대상을 건너뜁니다. 이전에 빌드되었습니다.
   1:7>"c:\Work\backup\tcpaop\Tests\ProtoTestTool\ProtoTestTool.csproj" 프로젝트의 "C:\Program Files\dotnet\sdk\9.0.309\Microsoft.Common.CurrentVersion.targets" 파일에 있는 "_CopyFilesMarkedCopyLocal" 대상("CopyFilesToOutputDirectory" 대상이 종속됨):
       "Microsoft.Build.Tasks.Core, Version=15.1.0.0, Culture=neutral, PublicKeyToken=b03f5f7f11d50a3a" 어셈블리에서 "Copy" 작업을 사용합니다.
       "Copy" 작업
         "SkipUnchangedFiles" 매개 변수가 프로젝트에 "true"(으)로 설정되었고 파일 크기와 타임스탬프가 일치하기 때문에 "C:\Users\kentz\.nuget\packages\dotnet.script.dependencymodel.nuget\1.6.0\lib\netstandard2.0\Dotnet.Script.DependencyModel.NuGet.dll" 파일에서 "bin\Debug\net9.0-windows\Dotnet.Script.DependencyModel.NuGet.dll" 파일로 복사할 수 없습니다.
         "SkipUnchangedFiles" 매개 변수가 프로젝트에 "true"(으)로 설정되었고 파일 크기와 타임스탬프가 일치하기 때문에 "C:\Users\kentz\.nuget\packages\avalonedit\6.3.0.90\lib\net7.0-windows7.0\ICSharpCode.AvalonEdit.dll" 파일에서 "bin\Debug\net9.0-windows\ICSharpCode.AvalonEdit.dll" 파일로 복사할 수 없습니다.
         "SkipUnchangedFiles" 매개 변수가 프로젝트에 "true"(으)로 설정되었고 파일 크기와 타임스탬프가 일치하기 때문에 "C:\Users\kentz\.nuget\packages\dotnet.script.core\1.6.0\lib\net9.0\Dotnet.Script.Core.dll" 파일에서 "bin\Debug\net9.0-windows\Dotnet.Script.Core.dll" 파일로 복사할 수 없습니다.
         "SkipUnchangedFiles" 매개 변수가 프로젝트에 "true"(으)로 설정되었고 파일 크기와 타임스탬프가 일치하기 때문에 "C:\Users\kentz\.nuget\packages\dotnet.script.dependencymodel\1.6.0\lib\netstandard2.0\Dotnet.Script.DependencyModel.dll" 파일에서 "bin\Debug\net9.0-windows\Dotnet.Script.DependencyModel.dll" 파일로 복사할 수 없습니다.
         "SkipUnchangedFiles" 매개 변수가 프로젝트에 "true"(으)로 설정되었고 파일 크기와 타임스탬프가 일치하기 때문에 "C:\Users\kentz\.nuget\packages\google.protobuf\3.28.2\lib\net5.0\Google.Protobuf.dll" 파일에서 "bin\Debug\net9.0-windows\Google.Protobuf.dll" 파일로 복사할 수 없습니다.
         "SkipUnchangedFiles" 매개 변수가 프로젝트에 "true"(으)로 설정되었고 파일 크기와 타임스탬프가 일치하기 때문에 "C:\Users\kentz\.nuget\packages\microsoft.bcl.asyncinterfaces\6.0.0\lib\netstandard2.1\Microsoft.Bcl.AsyncInterfaces.dll" 파일에서 "bin\Debug\net9.0-windows\Microsoft.Bcl.AsyncInterfaces.dll" 파일로 복사할 수 없습니다.
         "SkipUnchangedFiles" 매개 변수가 프로젝트에 "true"(으)로 설정되었고 파일 크기와 타임스탬프가 일치하기 때문에 "C:\Users\kentz\.nuget\packages\gapotchenko.fx.reflection.loader\2024.1.3\lib\net5.0\Gapotchenko.FX.Reflection.Loader.dll" 파일에서 "bin\Debug\net9.0-windows\Gapotchenko.FX.Reflection.Loader.dll" 파일로 복사할 수 없습니다.
         "SkipUnchangedFiles" 매개 변수가 프로젝트에 "true"(으)로 설정되었고 파일 크기와 타임스탬프가 일치하기 때문에 "C:\Users\kentz\.nuget\packages\gapotchenko.fx\2024.1.3\lib\net9.0\Gapotchenko.FX.dll" 파일에서 "bin\Debug\net9.0-windows\Gapotchenko.FX.dll" 파일로 복사할 수 없습니다.
         "SkipUnchangedFiles" 매개 변수가 프로젝트에 "true"(으)로 설정되었고 파일 크기와 타임스탬프가 일치하기 때문에 "C:\Users\kentz\.nuget\packages\microsoft.codeanalysis.common\4.12.0\lib\net8.0\Microsoft.CodeAnalysis.dll" 파일에서 "bin\Debug\net9.0-windows\Microsoft.CodeAnalysis.dll" 파일로 복사할 수 없습니다.
         "SkipUnchangedFiles" 매개 변수가 프로젝트에 "true"(으)로 설정되었고 파일 크기와 타임스탬프가 일치하기 때문에 "C:\Users\kentz\.nuget\packages\microsoft.codeanalysis.csharp\4.12.0\lib\net8.0\Microsoft.CodeAnalysis.CSharp.dll" 파일에서 "bin\Debug\net9.0-windows\Microsoft.CodeAnalysis.CSharp.dll" 파일로 복사할 수 없습니다.
         "SkipUnchangedFiles" 매개 변수가 프로젝트에 "true"(으)로 설정되었고 파일 크기와 타임스탬프가 일치하기 때문에 "C:\Users\kentz\.nuget\packages\microsoft.codeanalysis.analyzerutilities\3.3.0\lib\netstandard2.0\Microsoft.CodeAnalysis.AnalyzerUtilities.dll" 파일에서 "bin\Debug\net9.0-windows\Microsoft.CodeAnalysis.AnalyzerUtilities.dll" 파일로 복사할 수 없습니다.
         "SkipUnchangedFiles" 매개 변수가 프로젝트에 "true"(으)로 설정되었고 파일 크기와 타임스탬프가 일치하기 때문에 "C:\Users\kentz\.nuget\packages\microsoft.codeanalysis.csharp.scripting\4.12.0\lib\net8.0\Microsoft.CodeAnalysis.CSharp.Scripting.dll" 파일에서 "bin\Debug\net9.0-windows\Microsoft.CodeAnalysis.CSharp.Scripting.dll" 파일로 복사할 수 없습니다.
         "SkipUnchangedFiles" 매개 변수가 프로젝트에 "true"(으)로 설정되었고 파일 크기와 타임스탬프가 일치하기 때문에 "C:\Users\kentz\.nuget\packages\microsoft.codeanalysis.csharp.features\4.12.0\lib\net8.0\Microsoft.CodeAnalysis.CSharp.Features.dll" 파일에서 "bin\Debug\net9.0-windows\Microsoft.CodeAnalysis.CSharp.Features.dll" 파일로 복사할 수 없습니다.
         "SkipUnchangedFiles" 매개 변수가 프로젝트에 "true"(으)로 설정되었고 파일 크기와 타임스탬프가 일치하기 때문에 "C:\Users\kentz\.nuget\packages\microsoft.codeanalysis.elfie\1.0.0\lib\netstandard2.0\Microsoft.CodeAnalysis.Elfie.dll" 파일에서 "bin\Debug\net9.0-windows\Microsoft.CodeAnalysis.Elfie.dll" 파일로 복사할 수 없습니다.
         "SkipUnchangedFiles" 매개 변수가 프로젝트에 "true"(으)로 설정되었고 파일 크기와 타임스탬프가 일치하기 때문에 "C:\Users\kentz\.nuget\packages\microsoft.codeanalysis.csharp.workspaces\4.12.0\lib\net8.0\Microsoft.CodeAnalysis.CSharp.Workspaces.dll" 파일에서 "bin\Debug\net9.0-windows\Microsoft.CodeAnalysis.CSharp.Workspaces.dll" 파일로 복사할 수 없습니다.
         "SkipUnchangedFiles" 매개 변수가 프로젝트에 "true"(으)로 설정되었고 파일 크기와 타임스탬프가 일치하기 때문에 "C:\Users\kentz\.nuget\packages\microsoft.codeanalysis.features\4.12.0\lib\net8.0\Microsoft.CodeAnalysis.Features.dll" 파일에서 "bin\Debug\net9.0-windows\Microsoft.CodeAnalysis.Features.dll" 파일로 복사할 수 없습니다.
         "SkipUnchangedFiles" 매개 변수가 프로젝트에 "true"(으)로 설정되었고 파일 크기와 타임스탬프가 일치하기 때문에 "C:\Users\kentz\.nuget\packages\humanizer.core\2.14.1\lib\net6.0\Humanizer.dll" 파일에서 "bin\Debug\net9.0-windows\Humanizer.dll" 파일로 복사할 수 없습니다.
         "SkipUnchangedFiles" 매개 변수가 프로젝트에 "true"(으)로 설정되었고 파일 크기와 타임스탬프가 일치하기 때문에 "C:\Users\kentz\.nuget\packages\microsoft.data.sqlite.core\10.0.2\lib\net8.0\Microsoft.Data.Sqlite.dll" 파일에서 "bin\Debug\net9.0-windows\Microsoft.Data.Sqlite.dll" 파일로 복사할 수 없습니다.
         "SkipUnchangedFiles" 매개 변수가 프로젝트에 "true"(으)로 설정되었고 파일 크기와 타임스탬프가 일치하기 때문에 "C:\Users\kentz\.nuget\packages\microsoft.diasymreader\2.0.0\lib\netstandard2.0\Microsoft.DiaSymReader.dll" 파일에서 "bin\Debug\net9.0-windows\Microsoft.DiaSymReader.dll" 파일로 복사할 수 없습니다.
         "SkipUnchangedFiles" 매개 변수가 프로젝트에 "true"(으)로 설정되었고 파일 크기와 타임스탬프가 일치하기 때문에 "C:\Users\kentz\.nuget\packages\microsoft.codeanalysis.workspaces.common\4.12.0\lib\net8.0\Microsoft.CodeAnalysis.Workspaces.dll" 파일에서 "bin\Debug\net9.0-windows\Microsoft.CodeAnalysis.Workspaces.dll" 파일로 복사할 수 없습니다.
         "SkipUnchangedFiles" 매개 변수가 프로젝트에 "true"(으)로 설정되었고 파일 크기와 타임스탬프가 일치하기 때문에 "C:\Users\kentz\.nuget\packages\microsoft.codeanalysis.scripting.common\4.12.0\lib\net8.0\Microsoft.CodeAnalysis.Scripting.dll" 파일에서 "bin\Debug\net9.0-windows\Microsoft.CodeAnalysis.Scripting.dll" 파일로 복사할 수 없습니다.
         "SkipUnchangedFiles" 매개 변수가 프로젝트에 "true"(으)로 설정되었고 파일 크기와 타임스탬프가 일치하기 때문에 "C:\Users\kentz\.nuget\packages\microsoft.dotnet.platformabstractions\3.1.6\lib\netstandard2.0\Microsoft.DotNet.PlatformAbstractions.dll" 파일에서 "bin\Debug\net9.0-windows\Microsoft.DotNet.PlatformAbstractions.dll" 파일로 복사할 수 없습니다.
         "SkipUnchangedFiles" 매개 변수가 프로젝트에 "true"(으)로 설정되었고 파일 크기와 타임스탬프가 일치하기 때문에 "C:\Users\kentz\.nuget\packages\microsoft.extensions.configuration\9.0.6\lib\net9.0\Microsoft.Extensions.Configuration.dll" 파일에서 "bin\Debug\net9.0-windows\Microsoft.Extensions.Configuration.dll" 파일로 복사할 수 없습니다.
         "SkipUnchangedFiles" 매개 변수가 프로젝트에 "true"(으)로 설정되었고 파일 크기와 타임스탬프가 일치하기 때문에 "C:\Users\kentz\.nuget\packages\microsoft.extensions.configuration.binder\9.0.6\lib\net9.0\Microsoft.Extensions.Configuration.Binder.dll" 파일에서 "bin\Debug\net9.0-windows\Microsoft.Extensions.Configuration.Binder.dll" 파일로 복사할 수 없습니다.
         "SkipUnchangedFiles" 매개 변수가 프로젝트에 "true"(으)로 설정되었고 파일 크기와 타임스탬프가 일치하기 때문에 "C:\Users\kentz\.nuget\packages\microsoft.extensions.dependencyinjection\9.0.6\lib\net9.0\Microsoft.Extensions.DependencyInjection.dll" 파일에서 "bin\Debug\net9.0-windows\Microsoft.Extensions.DependencyInjection.dll" 파일로 복사할 수 없습니다.
         "SkipUnchangedFiles" 매개 변수가 프로젝트에 "true"(으)로 설정되었고 파일 크기와 타임스탬프가 일치하기 때문에 "C:\Users\kentz\.nuget\packages\microsoft.extensions.logging.configuration\9.0.6\lib\net9.0\Microsoft.Extensions.Logging.Configuration.dll" 파일에서 "bin\Debug\net9.0-windows\Microsoft.Extensions.Logging.Configuration.dll" 파일로 복사할 수 없습니다.
         "SkipUnchangedFiles" 매개 변수가 프로젝트에 "true"(으)로 설정되었고 파일 크기와 타임스탬프가 일치하기 때문에 "C:\Users\kentz\.nuget\packages\microsoft.extensions.configuration.abstractions\9.0.6\lib\net9.0\Microsoft.Extensions.Configuration.Abstractions.dll" 파일에서 "bin\Debug\net9.0-windows\Microsoft.Extensions.Configuration.Abstractions.dll" 파일로 복사할 수 없습니다.
         "SkipUnchangedFiles" 매개 변수가 프로젝트에 "true"(으)로 설정되었고 파일 크기와 타임스탬프가 일치하기 때문에 "C:\Users\kentz\.nuget\packages\microsoft.extensions.logging\9.0.6\lib\net9.0\Microsoft.Extensions.Logging.dll" 파일에서 "bin\Debug\net9.0-windows\Microsoft.Extensions.Logging.dll" 파일로 복사할 수 없습니다.
         "SkipUnchangedFiles" 매개 변수가 프로젝트에 "true"(으)로 설정되었고 파일 크기와 타임스탬프가 일치하기 때문에 "C:\Users\kentz\.nuget\packages\microsoft.extensions.logging.abstractions\9.0.6\lib\net9.0\Microsoft.Extensions.Logging.Abstractions.dll" 파일에서 "bin\Debug\net9.0-windows\Microsoft.Extensions.Logging.Abstractions.dll" 파일로 복사할 수 없습니다.
         "SkipUnchangedFiles" 매개 변수가 프로젝트에 "true"(으)로 설정되었고 파일 크기와 타임스탬프가 일치하기 때문에 "C:\Users\kentz\.nuget\packages\microsoft.extensions.logging.console\9.0.6\lib\net9.0\Microsoft.Extensions.Logging.Console.dll" 파일에서 "bin\Debug\net9.0-windows\Microsoft.Extensions.Logging.Console.dll" 파일로 복사할 수 없습니다.
         "SkipUnchangedFiles" 매개 변수가 프로젝트에 "true"(으)로 설정되었고 파일 크기와 타임스탬프가 일치하기 때문에 "C:\Users\kentz\.nuget\packages\microsoft.extensions.options\9.0.6\lib\net9.0\Microsoft.Extensions.Options.dll" 파일에서 "bin\Debug\net9.0-windows\Microsoft.Extensions.Options.dll" 파일로 복사할 수 없습니다.
         "SkipUnchangedFiles" 매개 변수가 프로젝트에 "true"(으)로 설정되었고 파일 크기와 타임스탬프가 일치하기 때문에 "C:\Users\kentz\.nuget\packages\microsoft.extensions.options.configurationextensions\9.0.6\lib\net9.0\Microsoft.Extensions.Options.ConfigurationExtensions.dll" 파일에서 "bin\Debug\net9.0-windows\Microsoft.Extensions.Options.ConfigurationExtensions.dll" 파일로 복사할 수 없습니다.
         "SkipUnchangedFiles" 매개 변수가 프로젝트에 "true"(으)로 설정되었고 파일 크기와 타임스탬프가 일치하기 때문에 "C:\Users\kentz\.nuget\packages\microsoft.extensions.dependencyinjection.abstractions\9.0.6\lib\net9.0\Microsoft.Extensions.DependencyInjection.Abstractions.dll" 파일에서 "bin\Debug\net9.0-windows\Microsoft.Extensions.DependencyInjection.Abstractions.dll" 파일로 복사할 수 없습니다.
         "SkipUnchangedFiles" 매개 변수가 프로젝트에 "true"(으)로 설정되었고 파일 크기와 타임스탬프가 일치하기 때문에 "C:\Users\kentz\.nuget\packages\microsoft.extensions.primitives\9.0.6\lib\net9.0\Microsoft.Extensions.Primitives.dll" 파일에서 "bin\Debug\net9.0-windows\Microsoft.Extensions.Primitives.dll" 파일로 복사할 수 없습니다.
         "SkipUnchangedFiles" 매개 변수가 프로젝트에 "true"(으)로 설정되었고 파일 크기와 타임스탬프가 일치하기 때문에 "C:\Users\kentz\.nuget\packages\microsoft.visualstudio.validation\17.8.8\lib\net6.0\Microsoft.VisualStudio.Validation.dll" 파일에서 "bin\Debug\net9.0-windows\Microsoft.VisualStudio.Validation.dll" 파일로 복사할 수 없습니다.
         "SkipUnchangedFiles" 매개 변수가 프로젝트에 "true"(으)로 설정되었고 파일 크기와 타임스탬프가 일치하기 때문에 "C:\Users\kentz\.nuget\packages\nuget.common\6.10.0\lib\netstandard2.0\NuGet.Common.dll" 파일에서 "bin\Debug\net9.0-windows\NuGet.Common.dll" 파일로 복사할 수 없습니다.
         "SkipUnchangedFiles" 매개 변수가 프로젝트에 "true"(으)로 설정되었고 파일 크기와 타임스탬프가 일치하기 때문에 "C:\Users\kentz\.nuget\packages\netcoreserver\8.0.7\lib\net8.0\NetCoreServer.dll" 파일에서 "bin\Debug\net9.0-windows\NetCoreServer.dll" 파일로 복사할 수 없습니다.
         "SkipUnchangedFiles" 매개 변수가 프로젝트에 "true"(으)로 설정되었고 파일 크기와 타임스탬프가 일치하기 때문에 "C:\Users\kentz\.nuget\packages\newtonsoft.json\13.0.3\lib\net6.0\Newtonsoft.Json.dll" 파일에서 "bin\Debug\net9.0-windows\Newtonsoft.Json.dll" 파일로 복사할 수 없습니다.
         "SkipUnchangedFiles" 매개 변수가 프로젝트에 "true"(으)로 설정되었고 파일 크기와 타임스탬프가 일치하기 때문에 "C:\Users\kentz\.nuget\packages\nuget.configuration\6.10.0\lib\netstandard2.0\NuGet.Configuration.dll" 파일에서 "bin\Debug\net9.0-windows\NuGet.Configuration.dll" 파일로 복사할 수 없습니다.
         "SkipUnchangedFiles" 매개 변수가 프로젝트에 "true"(으)로 설정되었고 파일 크기와 타임스탬프가 일치하기 때문에 "C:\Users\kentz\.nuget\packages\nuget.dependencyresolver.core\6.10.0\lib\net5.0\NuGet.DependencyResolver.Core.dll" 파일에서 "bin\Debug\net9.0-windows\NuGet.DependencyResolver.Core.dll" 파일로 복사할 수 없습니다.
         "SkipUnchangedFiles" 매개 변수가 프로젝트에 "true"(으)로 설정되었고 파일 크기와 타임스탬프가 일치하기 때문에 "C:\Users\kentz\.nuget\packages\nuget.frameworks\6.10.0\lib\netstandard2.0\NuGet.Frameworks.dll" 파일에서 "bin\Debug\net9.0-windows\NuGet.Frameworks.dll" 파일로 복사할 수 없습니다.
         "SkipUnchangedFiles" 매개 변수가 프로젝트에 "true"(으)로 설정되었고 파일 크기와 타임스탬프가 일치하기 때문에 "C:\Users\kentz\.nuget\packages\nuget.librarymodel\6.10.0\lib\netstandard2.0\NuGet.LibraryModel.dll" 파일에서 "bin\Debug\net9.0-windows\NuGet.LibraryModel.dll" 파일로 복사할 수 없습니다.
         "SkipUnchangedFiles" 매개 변수가 프로젝트에 "true"(으)로 설정되었고 파일 크기와 타임스탬프가 일치하기 때문에 "C:\Users\kentz\.nuget\packages\microsoft.visualstudio.threading\17.12.19\lib\net6.0-windows7.0\Microsoft.VisualStudio.Threading.dll" 파일에서 "bin\Debug\net9.0-windows\Microsoft.VisualStudio.Threading.dll" 파일로 복사할 수 없습니다.
         "SkipUnchangedFiles" 매개 변수가 프로젝트에 "true"(으)로 설정되었고 파일 크기와 타임스탬프가 일치하기 때문에 "C:\Users\kentz\.nuget\packages\nuget.projectmodel\6.10.0\lib\net5.0\NuGet.ProjectModel.dll" 파일에서 "bin\Debug\net9.0-windows\NuGet.ProjectModel.dll" 파일로 복사할 수 없습니다.
         "SkipUnchangedFiles" 매개 변수가 프로젝트에 "true"(으)로 설정되었고 파일 크기와 타임스탬프가 일치하기 때문에 "C:\Users\kentz\.nuget\packages\nuget.protocol\6.10.0\lib\net5.0\NuGet.Protocol.dll" 파일에서 "bin\Debug\net9.0-windows\NuGet.Protocol.dll" 파일로 복사할 수 없습니다.
         "SkipUnchangedFiles" 매개 변수가 프로젝트에 "true"(으)로 설정되었고 파일 크기와 타임스탬프가 일치하기 때문에 "C:\Users\kentz\.nuget\packages\nuget.packaging\6.10.0\lib\net5.0\NuGet.Packaging.dll" 파일에서 "bin\Debug\net9.0-windows\NuGet.Packaging.dll" 파일로 복사할 수 없습니다.
         "SkipUnchangedFiles" 매개 변수가 프로젝트에 "true"(으)로 설정되었고 파일 크기와 타임스탬프가 일치하기 때문에 "C:\Users\kentz\.nuget\packages\nuget.versioning\6.10.0\lib\netstandard2.0\NuGet.Versioning.dll" 파일에서 "bin\Debug\net9.0-windows\NuGet.Versioning.dll" 파일로 복사할 수 없습니다.
         "SkipUnchangedFiles" 매개 변수가 프로젝트에 "true"(으)로 설정되었고 파일 크기와 타임스탬프가 일치하기 때문에 "C:\Users\kentz\.nuget\packages\roslynpad.roslyn\4.12.1\lib\net8.0\Microsoft.CodeAnalysis.LanguageServer.Protocol.dll" 파일에서 "bin\Debug\net9.0-windows\Microsoft.CodeAnalysis.LanguageServer.Protocol.dll" 파일로 복사할 수 없습니다.
         "SkipUnchangedFiles" 매개 변수가 프로젝트에 "true"(으)로 설정되었고 파일 크기와 타임스탬프가 일치하기 때문에 "C:\Users\kentz\.nuget\packages\roslynpad.roslyn.windows\4.12.1\lib\net8.0-windows7.0\RoslynPad.Roslyn.Windows.dll" 파일에서 "bin\Debug\net9.0-windows\RoslynPad.Roslyn.Windows.dll" 파일로 복사할 수 없습니다.
         "SkipUnchangedFiles" 매개 변수가 프로젝트에 "true"(으)로 설정되었고 파일 크기와 타임스탬프가 일치하기 때문에 "C:\Users\kentz\.nuget\packages\roslynpad.editor.windows\4.12.1\lib\net8.0-windows7.0\RoslynPad.Editor.Windows.dll" 파일에서 "bin\Debug\net9.0-windows\RoslynPad.Editor.Windows.dll" 파일로 복사할 수 없습니다.
         "SkipUnchangedFiles" 매개 변수가 프로젝트에 "true"(으)로 설정되었고 파일 크기와 타임스탬프가 일치하기 때문에 "C:\Users\kentz\.nuget\packages\roslynpad.themes\4.12.1\lib\net8.0\RoslynPad.Themes.dll" 파일에서 "bin\Debug\net9.0-windows\RoslynPad.Themes.dll" 파일로 복사할 수 없습니다.
         "SkipUnchangedFiles" 매개 변수가 프로젝트에 "true"(으)로 설정되었고 파일 크기와 타임스탬프가 일치하기 때문에 "C:\Users\kentz\.nuget\packages\roslynpad.roslyn\4.12.1\lib\net8.0\RoslynPad.Roslyn.dll" 파일에서 "bin\Debug\net9.0-windows\RoslynPad.Roslyn.dll" 파일로 복사할 수 없습니다.
         "SkipUnchangedFiles" 매개 변수가 프로젝트에 "true"(으)로 설정되었고 파일 크기와 타임스탬프가 일치하기 때문에 "C:\Users\kentz\.nuget\packages\sqlitepclraw.core\2.1.11\lib\netstandard2.0\SQLitePCLRaw.core.dll" 파일에서 "bin\Debug\net9.0-windows\SQLitePCLRaw.core.dll" 파일로 복사할 수 없습니다.
         "SkipUnchangedFiles" 매개 변수가 프로젝트에 "true"(으)로 설정되었고 파일 크기와 타임스탬프가 일치하기 때문에 "C:\Users\kentz\.nuget\packages\sqlitepclraw.provider.e_sqlite3\2.1.11\lib\net6.0-windows7.0\SQLitePCLRaw.provider.e_sqlite3.dll" 파일에서 "bin\Debug\net9.0-windows\SQLitePCLRaw.provider.e_sqlite3.dll" 파일로 복사할 수 없습니다.
         "SkipUnchangedFiles" 매개 변수가 프로젝트에 "true"(으)로 설정되었고 파일 크기와 타임스탬프가 일치하기 때문에 "C:\Users\kentz\.nuget\packages\system.composition.attributedmodel\9.0.1\lib\net9.0\System.Composition.AttributedModel.dll" 파일에서 "bin\Debug\net9.0-windows\System.Composition.AttributedModel.dll" 파일로 복사할 수 없습니다.
         "SkipUnchangedFiles" 매개 변수가 프로젝트에 "true"(으)로 설정되었고 파일 크기와 타임스탬프가 일치하기 때문에 "C:\Users\kentz\.nuget\packages\system.composition.runtime\9.0.1\lib\net9.0\System.Composition.Runtime.dll" 파일에서 "bin\Debug\net9.0-windows\System.Composition.Runtime.dll" 파일로 복사할 수 없습니다.
         "SkipUnchangedFiles" 매개 변수가 프로젝트에 "true"(으)로 설정되었고 파일 크기와 타임스탬프가 일치하기 때문에 "C:\Users\kentz\.nuget\packages\system.composition.typedparts\9.0.1\lib\net9.0\System.Composition.TypedParts.dll" 파일에서 "bin\Debug\net9.0-windows\System.Composition.TypedParts.dll" 파일로 복사할 수 없습니다.
         "SkipUnchangedFiles" 매개 변수가 프로젝트에 "true"(으)로 설정되었고 파일 크기와 타임스탬프가 일치하기 때문에 "C:\Users\kentz\.nuget\packages\system.composition.hosting\9.0.1\lib\net9.0\System.Composition.Hosting.dll" 파일에서 "bin\Debug\net9.0-windows\System.Composition.Hosting.dll" 파일로 복사할 수 없습니다.
         "SkipUnchangedFiles" 매개 변수가 프로젝트에 "true"(으)로 설정되었고 파일 크기와 타임스탬프가 일치하기 때문에 "C:\Users\kentz\.nuget\packages\readline\2.0.1\lib\netstandard2.0\ReadLine.dll" 파일에서 "bin\Debug\net9.0-windows\ReadLine.dll" 파일로 복사할 수 없습니다.
         "SkipUnchangedFiles" 매개 변수가 프로젝트에 "true"(으)로 설정되었고 파일 크기와 타임스탬프가 일치하기 때문에 "C:\Users\kentz\.nuget\packages\sqlitepclraw.bundle_e_sqlite3\2.1.11\lib\netstandard2.0\SQLitePCLRaw.batteries_v2.dll" 파일에서 "bin\Debug\net9.0-windows\SQLitePCLRaw.batteries_v2.dll" 파일로 복사할 수 없습니다.
         "SkipUnchangedFiles" 매개 변수가 프로젝트에 "true"(으)로 설정되었고 파일 크기와 타임스탬프가 일치하기 때문에 "C:\Users\kentz\.nuget\packages\system.reactive\6.0.1\lib\net6.0\System.Reactive.dll" 파일에서 "bin\Debug\net9.0-windows\System.Reactive.dll" 파일로 복사할 수 없습니다.
         "SkipUnchangedFiles" 매개 변수가 프로젝트에 "true"(으)로 설정되었고 파일 크기와 타임스탬프가 일치하기 때문에 "C:\Users\kentz\.nuget\packages\system.composition.convention\9.0.1\lib\net9.0\System.Composition.Convention.dll" 파일에서 "bin\Debug\net9.0-windows\System.Composition.Convention.dll" 파일로 복사할 수 없습니다.
         "SkipUnchangedFiles" 매개 변수가 프로젝트에 "true"(으)로 설정되었고 파일 크기와 타임스탬프가 일치하기 때문에 "C:\Users\kentz\.nuget\packages\system.linq.async\6.0.1\lib\net6.0\System.Linq.Async.dll" 파일에서 "bin\Debug\net9.0-windows\System.Linq.Async.dll" 파일로 복사할 수 없습니다.
         "SkipUnchangedFiles" 매개 변수가 프로젝트에 "true"(으)로 설정되었고 파일 크기와 타임스탬프가 일치하기 때문에 "C:\Users\kentz\.nuget\packages\system.reactive.linq\6.0.1\lib\netstandard2.0\System.Reactive.Linq.dll" 파일에서 "bin\Debug\net9.0-windows\System.Reactive.Linq.dll" 파일로 복사할 수 없습니다.
         "SkipUnchangedFiles" 매개 변수가 프로젝트에 "true"(으)로 설정되었고 파일 크기와 타임스탬프가 일치하기 때문에 "C:\Users\kentz\.nuget\packages\system.reflection.metadataloadcontext\9.0.1\lib\net9.0\System.Reflection.MetadataLoadContext.dll" 파일에서 "bin\Debug\net9.0-windows\System.Reflection.MetadataLoadContext.dll" 파일로 복사할 수 없습니다.
         "SkipUnchangedFiles" 매개 변수가 프로젝트에 "true"(으)로 설정되었고 파일 크기와 타임스탬프가 일치하기 때문에 "C:\Users\kentz\.nuget\packages\microsoft.codeanalysis.common\4.12.0\lib\net8.0\es\Microsoft.CodeAnalysis.resources.dll" 파일에서 "bin\Debug\net9.0-windows\es\Microsoft.CodeAnalysis.resources.dll" 파일로 복사할 수 없습니다.
         "SkipUnchangedFiles" 매개 변수가 프로젝트에 "true"(으)로 설정되었고 파일 크기와 타임스탬프가 일치하기 때문에 "C:\Users\kentz\.nuget\packages\microsoft.codeanalysis.common\4.12.0\lib\net8.0\cs\Microsoft.CodeAnalysis.resources.dll" 파일에서 "bin\Debug\net9.0-windows\cs\Microsoft.CodeAnalysis.resources.dll" 파일로 복사할 수 없습니다.
         "SkipUnchangedFiles" 매개 변수가 프로젝트에 "true"(으)로 설정되었고 파일 크기와 타임스탬프가 일치하기 때문에 "C:\Users\kentz\.nuget\packages\microsoft.codeanalysis.common\4.12.0\lib\net8.0\de\Microsoft.CodeAnalysis.resources.dll" 파일에서 "bin\Debug\net9.0-windows\de\Microsoft.CodeAnalysis.resources.dll" 파일로 복사할 수 없습니다.
         "SkipUnchangedFiles" 매개 변수가 프로젝트에 "true"(으)로 설정되었고 파일 크기와 타임스탬프가 일치하기 때문에 "C:\Users\kentz\.nuget\packages\microsoft.codeanalysis.common\4.12.0\lib\net8.0\it\Microsoft.CodeAnalysis.resources.dll" 파일에서 "bin\Debug\net9.0-windows\it\Microsoft.CodeAnalysis.resources.dll" 파일로 복사할 수 없습니다.
         "SkipUnchangedFiles" 매개 변수가 프로젝트에 "true"(으)로 설정되었고 파일 크기와 타임스탬프가 일치하기 때문에 "C:\Users\kentz\.nuget\packages\microsoft.codeanalysis.common\4.12.0\lib\net8.0\ja\Microsoft.CodeAnalysis.resources.dll" 파일에서 "bin\Debug\net9.0-windows\ja\Microsoft.CodeAnalysis.resources.dll" 파일로 복사할 수 없습니다.
         "SkipUnchangedFiles" 매개 변수가 프로젝트에 "true"(으)로 설정되었고 파일 크기와 타임스탬프가 일치하기 때문에 "C:\Users\kentz\.nuget\packages\microsoft.codeanalysis.common\4.12.0\lib\net8.0\fr\Microsoft.CodeAnalysis.resources.dll" 파일에서 "bin\Debug\net9.0-windows\fr\Microsoft.CodeAnalysis.resources.dll" 파일로 복사할 수 없습니다.
         "SkipUnchangedFiles" 매개 변수가 프로젝트에 "true"(으)로 설정되었고 파일 크기와 타임스탬프가 일치하기 때문에 "C:\Users\kentz\.nuget\packages\microsoft.codeanalysis.common\4.12.0\lib\net8.0\ko\Microsoft.CodeAnalysis.resources.dll" 파일에서 "bin\Debug\net9.0-windows\ko\Microsoft.CodeAnalysis.resources.dll" 파일로 복사할 수 없습니다.
         "SkipUnchangedFiles" 매개 변수가 프로젝트에 "true"(으)로 설정되었고 파일 크기와 타임스탬프가 일치하기 때문에 "C:\Users\kentz\.nuget\packages\microsoft.codeanalysis.common\4.12.0\lib\net8.0\pl\Microsoft.CodeAnalysis.resources.dll" 파일에서 "bin\Debug\net9.0-windows\pl\Microsoft.CodeAnalysis.resources.dll" 파일로 복사할 수 없습니다.
         "SkipUnchangedFiles" 매개 변수가 프로젝트에 "true"(으)로 설정되었고 파일 크기와 타임스탬프가 일치하기 때문에 "C:\Users\kentz\.nuget\packages\microsoft.codeanalysis.csharp\4.12.0\lib\net8.0\cs\Microsoft.CodeAnalysis.CSharp.resources.dll" 파일에서 "bin\Debug\net9.0-windows\cs\Microsoft.CodeAnalysis.CSharp.resources.dll" 파일로 복사할 수 없습니다.
         "SkipUnchangedFiles" 매개 변수가 프로젝트에 "true"(으)로 설정되었고 파일 크기와 타임스탬프가 일치하기 때문에 "C:\Users\kentz\.nuget\packages\microsoft.codeanalysis.csharp\4.12.0\lib\net8.0\de\Microsoft.CodeAnalysis.CSharp.resources.dll" 파일에서 "bin\Debug\net9.0-windows\de\Microsoft.CodeAnalysis.CSharp.resources.dll" 파일로 복사할 수 없습니다.
         "SkipUnchangedFiles" 매개 변수가 프로젝트에 "true"(으)로 설정되었고 파일 크기와 타임스탬프가 일치하기 때문에 "C:\Users\kentz\.nuget\packages\microsoft.codeanalysis.csharp\4.12.0\lib\net8.0\es\Microsoft.CodeAnalysis.CSharp.resources.dll" 파일에서 "bin\Debug\net9.0-windows\es\Microsoft.CodeAnalysis.CSharp.resources.dll" 파일로 복사할 수 없습니다.
         "SkipUnchangedFiles" 매개 변수가 프로젝트에 "true"(으)로 설정되었고 파일 크기와 타임스탬프가 일치하기 때문에 "C:\Users\kentz\.nuget\packages\microsoft.codeanalysis.csharp\4.12.0\lib\net8.0\fr\Microsoft.CodeAnalysis.CSharp.resources.dll" 파일에서 "bin\Debug\net9.0-windows\fr\Microsoft.CodeAnalysis.CSharp.resources.dll" 파일로 복사할 수 없습니다.
         "SkipUnchangedFiles" 매개 변수가 프로젝트에 "true"(으)로 설정되었고 파일 크기와 타임스탬프가 일치하기 때문에 "C:\Users\kentz\.nuget\packages\microsoft.codeanalysis.csharp\4.12.0\lib\net8.0\it\Microsoft.CodeAnalysis.CSharp.resources.dll" 파일에서 "bin\Debug\net9.0-windows\it\Microsoft.CodeAnalysis.CSharp.resources.dll" 파일로 복사할 수 없습니다.
         "SkipUnchangedFiles" 매개 변수가 프로젝트에 "true"(으)로 설정되었고 파일 크기와 타임스탬프가 일치하기 때문에 "C:\Users\kentz\.nuget\packages\microsoft.codeanalysis.csharp\4.12.0\lib\net8.0\ja\Microsoft.CodeAnalysis.CSharp.resources.dll" 파일에서 "bin\Debug\net9.0-windows\ja\Microsoft.CodeAnalysis.CSharp.resources.dll" 파일로 복사할 수 없습니다.
         "SkipUnchangedFiles" 매개 변수가 프로젝트에 "true"(으)로 설정되었고 파일 크기와 타임스탬프가 일치하기 때문에 "C:\Users\kentz\.nuget\packages\microsoft.codeanalysis.csharp\4.12.0\lib\net8.0\ko\Microsoft.CodeAnalysis.CSharp.resources.dll" 파일에서 "bin\Debug\net9.0-windows\ko\Microsoft.CodeAnalysis.CSharp.resources.dll" 파일로 복사할 수 없습니다.
         "SkipUnchangedFiles" 매개 변수가 프로젝트에 "true"(으)로 설정되었고 파일 크기와 타임스탬프가 일치하기 때문에 "C:\Users\kentz\.nuget\packages\microsoft.codeanalysis.common\4.12.0\lib\net8.0\zh-Hant\Microsoft.CodeAnalysis.resources.dll" 파일에서 "bin\Debug\net9.0-windows\zh-Hant\Microsoft.CodeAnalysis.resources.dll" 파일로 복사할 수 없습니다.
         "SkipUnchangedFiles" 매개 변수가 프로젝트에 "true"(으)로 설정되었고 파일 크기와 타임스탬프가 일치하기 때문에 "C:\Users\kentz\.nuget\packages\microsoft.codeanalysis.common\4.12.0\lib\net8.0\ru\Microsoft.CodeAnalysis.resources.dll" 파일에서 "bin\Debug\net9.0-windows\ru\Microsoft.CodeAnalysis.resources.dll" 파일로 복사할 수 없습니다.
         "SkipUnchangedFiles" 매개 변수가 프로젝트에 "true"(으)로 설정되었고 파일 크기와 타임스탬프가 일치하기 때문에 "C:\Users\kentz\.nuget\packages\microsoft.codeanalysis.csharp\4.12.0\lib\net8.0\pl\Microsoft.CodeAnalysis.CSharp.resources.dll" 파일에서 "bin\Debug\net9.0-windows\pl\Microsoft.CodeAnalysis.CSharp.resources.dll" 파일로 복사할 수 없습니다.
         "SkipUnchangedFiles" 매개 변수가 프로젝트에 "true"(으)로 설정되었고 파일 크기와 타임스탬프가 일치하기 때문에 "C:\Users\kentz\.nuget\packages\microsoft.codeanalysis.common\4.12.0\lib\net8.0\tr\Microsoft.CodeAnalysis.resources.dll" 파일에서 "bin\Debug\net9.0-windows\tr\Microsoft.CodeAnalysis.resources.dll" 파일로 복사할 수 없습니다.
         "SkipUnchangedFiles" 매개 변수가 프로젝트에 "true"(으)로 설정되었고 파일 크기와 타임스탬프가 일치하기 때문에 "C:\Users\kentz\.nuget\packages\microsoft.codeanalysis.common\4.12.0\lib\net8.0\zh-Hans\Microsoft.CodeAnalysis.resources.dll" 파일에서 "bin\Debug\net9.0-windows\zh-Hans\Microsoft.CodeAnalysis.resources.dll" 파일로 복사할 수 없습니다.
         "SkipUnchangedFiles" 매개 변수가 프로젝트에 "true"(으)로 설정되었고 파일 크기와 타임스탬프가 일치하기 때문에 "C:\Users\kentz\.nuget\packages\microsoft.codeanalysis.common\4.12.0\lib\net8.0\pt-BR\Microsoft.CodeAnalysis.resources.dll" 파일에서 "bin\Debug\net9.0-windows\pt-BR\Microsoft.CodeAnalysis.resources.dll" 파일로 복사할 수 없습니다.
         "SkipUnchangedFiles" 매개 변수가 프로젝트에 "true"(으)로 설정되었고 파일 크기와 타임스탬프가 일치하기 때문에 "C:\Users\kentz\.nuget\packages\microsoft.codeanalysis.csharp\4.12.0\lib\net8.0\tr\Microsoft.CodeAnalysis.CSharp.resources.dll" 파일에서 "bin\Debug\net9.0-windows\tr\Microsoft.CodeAnalysis.CSharp.resources.dll" 파일로 복사할 수 없습니다.
         "SkipUnchangedFiles" 매개 변수가 프로젝트에 "true"(으)로 설정되었고 파일 크기와 타임스탬프가 일치하기 때문에 "C:\Users\kentz\.nuget\packages\microsoft.codeanalysis.csharp\4.12.0\lib\net8.0\pt-BR\Microsoft.CodeAnalysis.CSharp.resources.dll" 파일에서 "bin\Debug\net9.0-windows\pt-BR\Microsoft.CodeAnalysis.CSharp.resources.dll" 파일로 복사할 수 없습니다.
         "SkipUnchangedFiles" 매개 변수가 프로젝트에 "true"(으)로 설정되었고 파일 크기와 타임스탬프가 일치하기 때문에 "C:\Users\kentz\.nuget\packages\microsoft.codeanalysis.csharp\4.12.0\lib\net8.0\ru\Microsoft.CodeAnalysis.CSharp.resources.dll" 파일에서 "bin\Debug\net9.0-windows\ru\Microsoft.CodeAnalysis.CSharp.resources.dll" 파일로 복사할 수 없습니다.
         "SkipUnchangedFiles" 매개 변수가 프로젝트에 "true"(으)로 설정되었고 파일 크기와 타임스탬프가 일치하기 때문에 "C:\Users\kentz\.nuget\packages\microsoft.codeanalysis.csharp\4.12.0\lib\net8.0\zh-Hans\Microsoft.CodeAnalysis.CSharp.resources.dll" 파일에서 "bin\Debug\net9.0-windows\zh-Hans\Microsoft.CodeAnalysis.CSharp.resources.dll" 파일로 복사할 수 없습니다.
         "SkipUnchangedFiles" 매개 변수가 프로젝트에 "true"(으)로 설정되었고 파일 크기와 타임스탬프가 일치하기 때문에 "C:\Users\kentz\.nuget\packages\microsoft.codeanalysis.csharp\4.12.0\lib\net8.0\zh-Hant\Microsoft.CodeAnalysis.CSharp.resources.dll" 파일에서 "bin\Debug\net9.0-windows\zh-Hant\Microsoft.CodeAnalysis.CSharp.resources.dll" 파일로 복사할 수 없습니다.
         "SkipUnchangedFiles" 매개 변수가 프로젝트에 "true"(으)로 설정되었고 파일 크기와 타임스탬프가 일치하기 때문에 "C:\Users\kentz\.nuget\packages\microsoft.codeanalysis.csharp.features\4.12.0\lib\net8.0\cs\Microsoft.CodeAnalysis.CSharp.Features.resources.dll" 파일에서 "bin\Debug\net9.0-windows\cs\Microsoft.CodeAnalysis.CSharp.Features.resources.dll" 파일로 복사할 수 없습니다.
         "SkipUnchangedFiles" 매개 변수가 프로젝트에 "true"(으)로 설정되었고 파일 크기와 타임스탬프가 일치하기 때문에 "C:\Users\kentz\.nuget\packages\microsoft.codeanalysis.csharp.features\4.12.0\lib\net8.0\de\Microsoft.CodeAnalysis.CSharp.Features.resources.dll" 파일에서 "bin\Debug\net9.0-windows\de\Microsoft.CodeAnalysis.CSharp.Features.resources.dll" 파일로 복사할 수 없습니다.
         "SkipUnchangedFiles" 매개 변수가 프로젝트에 "true"(으)로 설정되었고 파일 크기와 타임스탬프가 일치하기 때문에 "C:\Users\kentz\.nuget\packages\microsoft.codeanalysis.csharp.features\4.12.0\lib\net8.0\es\Microsoft.CodeAnalysis.CSharp.Features.resources.dll" 파일에서 "bin\Debug\net9.0-windows\es\Microsoft.CodeAnalysis.CSharp.Features.resources.dll" 파일로 복사할 수 없습니다.
         "SkipUnchangedFiles" 매개 변수가 프로젝트에 "true"(으)로 설정되었고 파일 크기와 타임스탬프가 일치하기 때문에 "C:\Users\kentz\.nuget\packages\microsoft.codeanalysis.csharp.features\4.12.0\lib\net8.0\ko\Microsoft.CodeAnalysis.CSharp.Features.resources.dll" 파일에서 "bin\Debug\net9.0-windows\ko\Microsoft.CodeAnalysis.CSharp.Features.resources.dll" 파일로 복사할 수 없습니다.
         "SkipUnchangedFiles" 매개 변수가 프로젝트에 "true"(으)로 설정되었고 파일 크기와 타임스탬프가 일치하기 때문에 "C:\Users\kentz\.nuget\packages\microsoft.codeanalysis.csharp.features\4.12.0\lib\net8.0\ja\Microsoft.CodeAnalysis.CSharp.Features.resources.dll" 파일에서 "bin\Debug\net9.0-windows\ja\Microsoft.CodeAnalysis.CSharp.Features.resources.dll" 파일로 복사할 수 없습니다.
         "SkipUnchangedFiles" 매개 변수가 프로젝트에 "true"(으)로 설정되었고 파일 크기와 타임스탬프가 일치하기 때문에 "C:\Users\kentz\.nuget\packages\microsoft.codeanalysis.csharp.features\4.12.0\lib\net8.0\fr\Microsoft.CodeAnalysis.CSharp.Features.resources.dll" 파일에서 "bin\Debug\net9.0-windows\fr\Microsoft.CodeAnalysis.CSharp.Features.resources.dll" 파일로 복사할 수 없습니다.
         "SkipUnchangedFiles" 매개 변수가 프로젝트에 "true"(으)로 설정되었고 파일 크기와 타임스탬프가 일치하기 때문에 "C:\Users\kentz\.nuget\packages\microsoft.codeanalysis.csharp.features\4.12.0\lib\net8.0\it\Microsoft.CodeAnalysis.CSharp.Features.resources.dll" 파일에서 "bin\Debug\net9.0-windows\it\Microsoft.CodeAnalysis.CSharp.Features.resources.dll" 파일로 복사할 수 없습니다.
         "SkipUnchangedFiles" 매개 변수가 프로젝트에 "true"(으)로 설정되었고 파일 크기와 타임스탬프가 일치하기 때문에 "C:\Users\kentz\.nuget\packages\microsoft.codeanalysis.csharp.features\4.12.0\lib\net8.0\pt-BR\Microsoft.CodeAnalysis.CSharp.Features.resources.dll" 파일에서 "bin\Debug\net9.0-windows\pt-BR\Microsoft.CodeAnalysis.CSharp.Features.resources.dll" 파일로 복사할 수 없습니다.
         "SkipUnchangedFiles" 매개 변수가 프로젝트에 "true"(으)로 설정되었고 파일 크기와 타임스탬프가 일치하기 때문에 "C:\Users\kentz\.nuget\packages\microsoft.codeanalysis.csharp.features\4.12.0\lib\net8.0\pl\Microsoft.CodeAnalysis.CSharp.Features.resources.dll" 파일에서 "bin\Debug\net9.0-windows\pl\Microsoft.CodeAnalysis.CSharp.Features.resources.dll" 파일로 복사할 수 없습니다.
         "SkipUnchangedFiles" 매개 변수가 프로젝트에 "true"(으)로 설정되었고 파일 크기와 타임스탬프가 일치하기 때문에 "C:\Users\kentz\.nuget\packages\microsoft.codeanalysis.csharp.features\4.12.0\lib\net8.0\ru\Microsoft.CodeAnalysis.CSharp.Features.resources.dll" 파일에서 "bin\Debug\net9.0-windows\ru\Microsoft.CodeAnalysis.CSharp.Features.resources.dll" 파일로 복사할 수 없습니다.
         "SkipUnchangedFiles" 매개 변수가 프로젝트에 "true"(으)로 설정되었고 파일 크기와 타임스탬프가 일치하기 때문에 "C:\Users\kentz\.nuget\packages\microsoft.codeanalysis.csharp.features\4.12.0\lib\net8.0\zh-Hans\Microsoft.CodeAnalysis.CSharp.Features.resources.dll" 파일에서 "bin\Debug\net9.0-windows\zh-Hans\Microsoft.CodeAnalysis.CSharp.Features.resources.dll" 파일로 복사할 수 없습니다.
         "SkipUnchangedFiles" 매개 변수가 프로젝트에 "true"(으)로 설정되었고 파일 크기와 타임스탬프가 일치하기 때문에 "C:\Users\kentz\.nuget\packages\microsoft.codeanalysis.csharp.features\4.12.0\lib\net8.0\zh-Hant\Microsoft.CodeAnalysis.CSharp.Features.resources.dll" 파일에서 "bin\Debug\net9.0-windows\zh-Hant\Microsoft.CodeAnalysis.CSharp.Features.resources.dll" 파일로 복사할 수 없습니다.
         "SkipUnchangedFiles" 매개 변수가 프로젝트에 "true"(으)로 설정되었고 파일 크기와 타임스탬프가 일치하기 때문에 "C:\Users\kentz\.nuget\packages\microsoft.codeanalysis.csharp.features\4.12.0\lib\net8.0\tr\Microsoft.CodeAnalysis.CSharp.Features.resources.dll" 파일에서 "bin\Debug\net9.0-windows\tr\Microsoft.CodeAnalysis.CSharp.Features.resources.dll" 파일로 복사할 수 없습니다.
         "SkipUnchangedFiles" 매개 변수가 프로젝트에 "true"(으)로 설정되었고 파일 크기와 타임스탬프가 일치하기 때문에 "C:\Users\kentz\.nuget\packages\microsoft.codeanalysis.csharp.scripting\4.12.0\lib\net8.0\cs\Microsoft.CodeAnalysis.CSharp.Scripting.resources.dll" 파일에서 "bin\Debug\net9.0-windows\cs\Microsoft.CodeAnalysis.CSharp.Scripting.resources.dll" 파일로 복사할 수 없습니다.
         "SkipUnchangedFiles" 매개 변수가 프로젝트에 "true"(으)로 설정되었고 파일 크기와 타임스탬프가 일치하기 때문에 "C:\Users\kentz\.nuget\packages\microsoft.codeanalysis.csharp.scripting\4.12.0\lib\net8.0\de\Microsoft.CodeAnalysis.CSharp.Scripting.resources.dll" 파일에서 "bin\Debug\net9.0-windows\de\Microsoft.CodeAnalysis.CSharp.Scripting.resources.dll" 파일로 복사할 수 없습니다.
         "SkipUnchangedFiles" 매개 변수가 프로젝트에 "true"(으)로 설정되었고 파일 크기와 타임스탬프가 일치하기 때문에 "C:\Users\kentz\.nuget\packages\microsoft.codeanalysis.csharp.scripting\4.12.0\lib\net8.0\es\Microsoft.CodeAnalysis.CSharp.Scripting.resources.dll" 파일에서 "bin\Debug\net9.0-windows\es\Microsoft.CodeAnalysis.CSharp.Scripting.resources.dll" 파일로 복사할 수 없습니다.
         "SkipUnchangedFiles" 매개 변수가 프로젝트에 "true"(으)로 설정되었고 파일 크기와 타임스탬프가 일치하기 때문에 "C:\Users\kentz\.nuget\packages\microsoft.codeanalysis.csharp.scripting\4.12.0\lib\net8.0\fr\Microsoft.CodeAnalysis.CSharp.Scripting.resources.dll" 파일에서 "bin\Debug\net9.0-windows\fr\Microsoft.CodeAnalysis.CSharp.Scripting.resources.dll" 파일로 복사할 수 없습니다.
         "SkipUnchangedFiles" 매개 변수가 프로젝트에 "true"(으)로 설정되었고 파일 크기와 타임스탬프가 일치하기 때문에 "C:\Users\kentz\.nuget\packages\microsoft.codeanalysis.csharp.scripting\4.12.0\lib\net8.0\ja\Microsoft.CodeAnalysis.CSharp.Scripting.resources.dll" 파일에서 "bin\Debug\net9.0-windows\ja\Microsoft.CodeAnalysis.CSharp.Scripting.resources.dll" 파일로 복사할 수 없습니다.
         "SkipUnchangedFiles" 매개 변수가 프로젝트에 "true"(으)로 설정되었고 파일 크기와 타임스탬프가 일치하기 때문에 "C:\Users\kentz\.nuget\packages\microsoft.codeanalysis.csharp.scripting\4.12.0\lib\net8.0\it\Microsoft.CodeAnalysis.CSharp.Scripting.resources.dll" 파일에서 "bin\Debug\net9.0-windows\it\Microsoft.CodeAnalysis.CSharp.Scripting.resources.dll" 파일로 복사할 수 없습니다.
         "SkipUnchangedFiles" 매개 변수가 프로젝트에 "true"(으)로 설정되었고 파일 크기와 타임스탬프가 일치하기 때문에 "C:\Users\kentz\.nuget\packages\microsoft.codeanalysis.csharp.scripting\4.12.0\lib\net8.0\ko\Microsoft.CodeAnalysis.CSharp.Scripting.resources.dll" 파일에서 "bin\Debug\net9.0-windows\ko\Microsoft.CodeAnalysis.CSharp.Scripting.resources.dll" 파일로 복사할 수 없습니다.
         "SkipUnchangedFiles" 매개 변수가 프로젝트에 "true"(으)로 설정되었고 파일 크기와 타임스탬프가 일치하기 때문에 "C:\Users\kentz\.nuget\packages\microsoft.codeanalysis.csharp.scripting\4.12.0\lib\net8.0\pl\Microsoft.CodeAnalysis.CSharp.Scripting.resources.dll" 파일에서 "bin\Debug\net9.0-windows\pl\Microsoft.CodeAnalysis.CSharp.Scripting.resources.dll" 파일로 복사할 수 없습니다.
         "SkipUnchangedFiles" 매개 변수가 프로젝트에 "true"(으)로 설정되었고 파일 크기와 타임스탬프가 일치하기 때문에 "C:\Users\kentz\.nuget\packages\microsoft.codeanalysis.csharp.scripting\4.12.0\lib\net8.0\pt-BR\Microsoft.CodeAnalysis.CSharp.Scripting.resources.dll" 파일에서 "bin\Debug\net9.0-windows\pt-BR\Microsoft.CodeAnalysis.CSharp.Scripting.resources.dll" 파일로 복사할 수 없습니다.
         "SkipUnchangedFiles" 매개 변수가 프로젝트에 "true"(으)로 설정되었고 파일 크기와 타임스탬프가 일치하기 때문에 "C:\Users\kentz\.nuget\packages\microsoft.codeanalysis.csharp.scripting\4.12.0\lib\net8.0\ru\Microsoft.CodeAnalysis.CSharp.Scripting.resources.dll" 파일에서 "bin\Debug\net9.0-windows\ru\Microsoft.CodeAnalysis.CSharp.Scripting.resources.dll" 파일로 복사할 수 없습니다.
         "SkipUnchangedFiles" 매개 변수가 프로젝트에 "true"(으)로 설정되었고 파일 크기와 타임스탬프가 일치하기 때문에 "C:\Users\kentz\.nuget\packages\microsoft.codeanalysis.csharp.scripting\4.12.0\lib\net8.0\tr\Microsoft.CodeAnalysis.CSharp.Scripting.resources.dll" 파일에서 "bin\Debug\net9.0-windows\tr\Microsoft.CodeAnalysis.CSharp.Scripting.resources.dll" 파일로 복사할 수 없습니다.
         "SkipUnchangedFiles" 매개 변수가 프로젝트에 "true"(으)로 설정되었고 파일 크기와 타임스탬프가 일치하기 때문에 "C:\Users\kentz\.nuget\packages\microsoft.codeanalysis.csharp.scripting\4.12.0\lib\net8.0\zh-Hant\Microsoft.CodeAnalysis.CSharp.Scripting.resources.dll" 파일에서 "bin\Debug\net9.0-windows\zh-Hant\Microsoft.CodeAnalysis.CSharp.Scripting.resources.dll" 파일로 복사할 수 없습니다.
         "SkipUnchangedFiles" 매개 변수가 프로젝트에 "true"(으)로 설정되었고 파일 크기와 타임스탬프가 일치하기 때문에 "C:\Users\kentz\.nuget\packages\microsoft.codeanalysis.csharp.scripting\4.12.0\lib\net8.0\zh-Hans\Microsoft.CodeAnalysis.CSharp.Scripting.resources.dll" 파일에서 "bin\Debug\net9.0-windows\zh-Hans\Microsoft.CodeAnalysis.CSharp.Scripting.resources.dll" 파일로 복사할 수 없습니다.
         "SkipUnchangedFiles" 매개 변수가 프로젝트에 "true"(으)로 설정되었고 파일 크기와 타임스탬프가 일치하기 때문에 "C:\Users\kentz\.nuget\packages\microsoft.codeanalysis.csharp.workspaces\4.12.0\lib\net8.0\cs\Microsoft.CodeAnalysis.CSharp.Workspaces.resources.dll" 파일에서 "bin\Debug\net9.0-windows\cs\Microsoft.CodeAnalysis.CSharp.Workspaces.resources.dll" 파일로 복사할 수 없습니다.
         "SkipUnchangedFiles" 매개 변수가 프로젝트에 "true"(으)로 설정되었고 파일 크기와 타임스탬프가 일치하기 때문에 "C:\Users\kentz\.nuget\packages\microsoft.codeanalysis.csharp.workspaces\4.12.0\lib\net8.0\de\Microsoft.CodeAnalysis.CSharp.Workspaces.resources.dll" 파일에서 "bin\Debug\net9.0-windows\de\Microsoft.CodeAnalysis.CSharp.Workspaces.resources.dll" 파일로 복사할 수 없습니다.
         "SkipUnchangedFiles" 매개 변수가 프로젝트에 "true"(으)로 설정되었고 파일 크기와 타임스탬프가 일치하기 때문에 "C:\Users\kentz\.nuget\packages\microsoft.codeanalysis.csharp.workspaces\4.12.0\lib\net8.0\es\Microsoft.CodeAnalysis.CSharp.Workspaces.resources.dll" 파일에서 "bin\Debug\net9.0-windows\es\Microsoft.CodeAnalysis.CSharp.Workspaces.resources.dll" 파일로 복사할 수 없습니다.
         "SkipUnchangedFiles" 매개 변수가 프로젝트에 "true"(으)로 설정되었고 파일 크기와 타임스탬프가 일치하기 때문에 "C:\Users\kentz\.nuget\packages\microsoft.codeanalysis.csharp.workspaces\4.12.0\lib\net8.0\ja\Microsoft.CodeAnalysis.CSharp.Workspaces.resources.dll" 파일에서 "bin\Debug\net9.0-windows\ja\Microsoft.CodeAnalysis.CSharp.Workspaces.resources.dll" 파일로 복사할 수 없습니다.
         "SkipUnchangedFiles" 매개 변수가 프로젝트에 "true"(으)로 설정되었고 파일 크기와 타임스탬프가 일치하기 때문에 "C:\Users\kentz\.nuget\packages\microsoft.codeanalysis.csharp.workspaces\4.12.0\lib\net8.0\fr\Microsoft.CodeAnalysis.CSharp.Workspaces.resources.dll" 파일에서 "bin\Debug\net9.0-windows\fr\Microsoft.CodeAnalysis.CSharp.Workspaces.resources.dll" 파일로 복사할 수 없습니다.
         "SkipUnchangedFiles" 매개 변수가 프로젝트에 "true"(으)로 설정되었고 파일 크기와 타임스탬프가 일치하기 때문에 "C:\Users\kentz\.nuget\packages\microsoft.codeanalysis.csharp.workspaces\4.12.0\lib\net8.0\ko\Microsoft.CodeAnalysis.CSharp.Workspaces.resources.dll" 파일에서 "bin\Debug\net9.0-windows\ko\Microsoft.CodeAnalysis.CSharp.Workspaces.resources.dll" 파일로 복사할 수 없습니다.
         "SkipUnchangedFiles" 매개 변수가 프로젝트에 "true"(으)로 설정되었고 파일 크기와 타임스탬프가 일치하기 때문에 "C:\Users\kentz\.nuget\packages\microsoft.codeanalysis.csharp.workspaces\4.12.0\lib\net8.0\it\Microsoft.CodeAnalysis.CSharp.Workspaces.resources.dll" 파일에서 "bin\Debug\net9.0-windows\it\Microsoft.CodeAnalysis.CSharp.Workspaces.resources.dll" 파일로 복사할 수 없습니다.
         "SkipUnchangedFiles" 매개 변수가 프로젝트에 "true"(으)로 설정되었고 파일 크기와 타임스탬프가 일치하기 때문에 "C:\Users\kentz\.nuget\packages\microsoft.codeanalysis.csharp.workspaces\4.12.0\lib\net8.0\pl\Microsoft.CodeAnalysis.CSharp.Workspaces.resources.dll" 파일에서 "bin\Debug\net9.0-windows\pl\Microsoft.CodeAnalysis.CSharp.Workspaces.resources.dll" 파일로 복사할 수 없습니다.
         "SkipUnchangedFiles" 매개 변수가 프로젝트에 "true"(으)로 설정되었고 파일 크기와 타임스탬프가 일치하기 때문에 "C:\Users\kentz\.nuget\packages\microsoft.codeanalysis.csharp.workspaces\4.12.0\lib\net8.0\pt-BR\Microsoft.CodeAnalysis.CSharp.Workspaces.resources.dll" 파일에서 "bin\Debug\net9.0-windows\pt-BR\Microsoft.CodeAnalysis.CSharp.Workspaces.resources.dll" 파일로 복사할 수 없습니다.
         "SkipUnchangedFiles" 매개 변수가 프로젝트에 "true"(으)로 설정되었고 파일 크기와 타임스탬프가 일치하기 때문에 "C:\Users\kentz\.nuget\packages\microsoft.codeanalysis.csharp.workspaces\4.12.0\lib\net8.0\ru\Microsoft.CodeAnalysis.CSharp.Workspaces.resources.dll" 파일에서 "bin\Debug\net9.0-windows\ru\Microsoft.CodeAnalysis.CSharp.Workspaces.resources.dll" 파일로 복사할 수 없습니다.
         "SkipUnchangedFiles" 매개 변수가 프로젝트에 "true"(으)로 설정되었고 파일 크기와 타임스탬프가 일치하기 때문에 "C:\Users\kentz\.nuget\packages\microsoft.codeanalysis.csharp.workspaces\4.12.0\lib\net8.0\tr\Microsoft.CodeAnalysis.CSharp.Workspaces.resources.dll" 파일에서 "bin\Debug\net9.0-windows\tr\Microsoft.CodeAnalysis.CSharp.Workspaces.resources.dll" 파일로 복사할 수 없습니다.
         "SkipUnchangedFiles" 매개 변수가 프로젝트에 "true"(으)로 설정되었고 파일 크기와 타임스탬프가 일치하기 때문에 "C:\Users\kentz\.nuget\packages\microsoft.codeanalysis.features\4.12.0\lib\net8.0\cs\Microsoft.CodeAnalysis.Features.resources.dll" 파일에서 "bin\Debug\net9.0-windows\cs\Microsoft.CodeAnalysis.Features.resources.dll" 파일로 복사할 수 없습니다.
         "SkipUnchangedFiles" 매개 변수가 프로젝트에 "true"(으)로 설정되었고 파일 크기와 타임스탬프가 일치하기 때문에 "C:\Users\kentz\.nuget\packages\microsoft.codeanalysis.features\4.12.0\lib\net8.0\fr\Microsoft.CodeAnalysis.Features.resources.dll" 파일에서 "bin\Debug\net9.0-windows\fr\Microsoft.CodeAnalysis.Features.resources.dll" 파일로 복사할 수 없습니다.
         "SkipUnchangedFiles" 매개 변수가 프로젝트에 "true"(으)로 설정되었고 파일 크기와 타임스탬프가 일치하기 때문에 "C:\Users\kentz\.nuget\packages\microsoft.codeanalysis.features\4.12.0\lib\net8.0\it\Microsoft.CodeAnalysis.Features.resources.dll" 파일에서 "bin\Debug\net9.0-windows\it\Microsoft.CodeAnalysis.Features.resources.dll" 파일로 복사할 수 없습니다.
         "SkipUnchangedFiles" 매개 변수가 프로젝트에 "true"(으)로 설정되었고 파일 크기와 타임스탬프가 일치하기 때문에 "C:\Users\kentz\.nuget\packages\microsoft.codeanalysis.features\4.12.0\lib\net8.0\ja\Microsoft.CodeAnalysis.Features.resources.dll" 파일에서 "bin\Debug\net9.0-windows\ja\Microsoft.CodeAnalysis.Features.resources.dll" 파일로 복사할 수 없습니다.
         "SkipUnchangedFiles" 매개 변수가 프로젝트에 "true"(으)로 설정되었고 파일 크기와 타임스탬프가 일치하기 때문에 "C:\Users\kentz\.nuget\packages\microsoft.codeanalysis.features\4.12.0\lib\net8.0\pl\Microsoft.CodeAnalysis.Features.resources.dll" 파일에서 "bin\Debug\net9.0-windows\pl\Microsoft.CodeAnalysis.Features.resources.dll" 파일로 복사할 수 없습니다.
         "SkipUnchangedFiles" 매개 변수가 프로젝트에 "true"(으)로 설정되었고 파일 크기와 타임스탬프가 일치하기 때문에 "C:\Users\kentz\.nuget\packages\microsoft.codeanalysis.features\4.12.0\lib\net8.0\pt-BR\Microsoft.CodeAnalysis.Features.resources.dll" 파일에서 "bin\Debug\net9.0-windows\pt-BR\Microsoft.CodeAnalysis.Features.resources.dll" 파일로 복사할 수 없습니다.
         "SkipUnchangedFiles" 매개 변수가 프로젝트에 "true"(으)로 설정되었고 파일 크기와 타임스탬프가 일치하기 때문에 "C:\Users\kentz\.nuget\packages\microsoft.codeanalysis.csharp.workspaces\4.12.0\lib\net8.0\zh-Hant\Microsoft.CodeAnalysis.CSharp.Workspaces.resources.dll" 파일에서 "bin\Debug\net9.0-windows\zh-Hant\Microsoft.CodeAnalysis.CSharp.Workspaces.resources.dll" 파일로 복사할 수 없습니다.
         "SkipUnchangedFiles" 매개 변수가 프로젝트에 "true"(으)로 설정되었고 파일 크기와 타임스탬프가 일치하기 때문에 "C:\Users\kentz\.nuget\packages\microsoft.codeanalysis.features\4.12.0\lib\net8.0\ru\Microsoft.CodeAnalysis.Features.resources.dll" 파일에서 "bin\Debug\net9.0-windows\ru\Microsoft.CodeAnalysis.Features.resources.dll" 파일로 복사할 수 없습니다.
         "SkipUnchangedFiles" 매개 변수가 프로젝트에 "true"(으)로 설정되었고 파일 크기와 타임스탬프가 일치하기 때문에 "C:\Users\kentz\.nuget\packages\microsoft.codeanalysis.features\4.12.0\lib\net8.0\tr\Microsoft.CodeAnalysis.Features.resources.dll" 파일에서 "bin\Debug\net9.0-windows\tr\Microsoft.CodeAnalysis.Features.resources.dll" 파일로 복사할 수 없습니다.
         "SkipUnchangedFiles" 매개 변수가 프로젝트에 "true"(으)로 설정되었고 파일 크기와 타임스탬프가 일치하기 때문에 "C:\Users\kentz\.nuget\packages\microsoft.codeanalysis.features\4.12.0\lib\net8.0\zh-Hans\Microsoft.CodeAnalysis.Features.resources.dll" 파일에서 "bin\Debug\net9.0-windows\zh-Hans\Microsoft.CodeAnalysis.Features.resources.dll" 파일로 복사할 수 없습니다.
         "SkipUnchangedFiles" 매개 변수가 프로젝트에 "true"(으)로 설정되었고 파일 크기와 타임스탬프가 일치하기 때문에 "C:\Users\kentz\.nuget\packages\microsoft.codeanalysis.csharp.workspaces\4.12.0\lib\net8.0\zh-Hans\Microsoft.CodeAnalysis.CSharp.Workspaces.resources.dll" 파일에서 "bin\Debug\net9.0-windows\zh-Hans\Microsoft.CodeAnalysis.CSharp.Workspaces.resources.dll" 파일로 복사할 수 없습니다.
         "SkipUnchangedFiles" 매개 변수가 프로젝트에 "true"(으)로 설정되었고 파일 크기와 타임스탬프가 일치하기 때문에 "C:\Users\kentz\.nuget\packages\microsoft.codeanalysis.features\4.12.0\lib\net8.0\zh-Hant\Microsoft.CodeAnalysis.Features.resources.dll" 파일에서 "bin\Debug\net9.0-windows\zh-Hant\Microsoft.CodeAnalysis.Features.resources.dll" 파일로 복사할 수 없습니다.
         "SkipUnchangedFiles" 매개 변수가 프로젝트에 "true"(으)로 설정되었고 파일 크기와 타임스탬프가 일치하기 때문에 "C:\Users\kentz\.nuget\packages\microsoft.codeanalysis.features\4.12.0\lib\net8.0\ko\Microsoft.CodeAnalysis.Features.resources.dll" 파일에서 "bin\Debug\net9.0-windows\ko\Microsoft.CodeAnalysis.Features.resources.dll" 파일로 복사할 수 없습니다.
         "SkipUnchangedFiles" 매개 변수가 프로젝트에 "true"(으)로 설정되었고 파일 크기와 타임스탬프가 일치하기 때문에 "C:\Users\kentz\.nuget\packages\microsoft.codeanalysis.scripting.common\4.12.0\lib\net8.0\cs\Microsoft.CodeAnalysis.Scripting.resources.dll" 파일에서 "bin\Debug\net9.0-windows\cs\Microsoft.CodeAnalysis.Scripting.resources.dll" 파일로 복사할 수 없습니다.
         "SkipUnchangedFiles" 매개 변수가 프로젝트에 "true"(으)로 설정되었고 파일 크기와 타임스탬프가 일치하기 때문에 "C:\Users\kentz\.nuget\packages\microsoft.codeanalysis.scripting.common\4.12.0\lib\net8.0\de\Microsoft.CodeAnalysis.Scripting.resources.dll" 파일에서 "bin\Debug\net9.0-windows\de\Microsoft.CodeAnalysis.Scripting.resources.dll" 파일로 복사할 수 없습니다.
         "SkipUnchangedFiles" 매개 변수가 프로젝트에 "true"(으)로 설정되었고 파일 크기와 타임스탬프가 일치하기 때문에 "C:\Users\kentz\.nuget\packages\microsoft.codeanalysis.scripting.common\4.12.0\lib\net8.0\es\Microsoft.CodeAnalysis.Scripting.resources.dll" 파일에서 "bin\Debug\net9.0-windows\es\Microsoft.CodeAnalysis.Scripting.resources.dll" 파일로 복사할 수 없습니다.
         "SkipUnchangedFiles" 매개 변수가 프로젝트에 "true"(으)로 설정되었고 파일 크기와 타임스탬프가 일치하기 때문에 "C:\Users\kentz\.nuget\packages\microsoft.codeanalysis.scripting.common\4.12.0\lib\net8.0\fr\Microsoft.CodeAnalysis.Scripting.resources.dll" 파일에서 "bin\Debug\net9.0-windows\fr\Microsoft.CodeAnalysis.Scripting.resources.dll" 파일로 복사할 수 없습니다.
         "SkipUnchangedFiles" 매개 변수가 프로젝트에 "true"(으)로 설정되었고 파일 크기와 타임스탬프가 일치하기 때문에 "C:\Users\kentz\.nuget\packages\microsoft.codeanalysis.scripting.common\4.12.0\lib\net8.0\it\Microsoft.CodeAnalysis.Scripting.resources.dll" 파일에서 "bin\Debug\net9.0-windows\it\Microsoft.CodeAnalysis.Scripting.resources.dll" 파일로 복사할 수 없습니다.
         "SkipUnchangedFiles" 매개 변수가 프로젝트에 "true"(으)로 설정되었고 파일 크기와 타임스탬프가 일치하기 때문에 "C:\Users\kentz\.nuget\packages\microsoft.codeanalysis.scripting.common\4.12.0\lib\net8.0\ja\Microsoft.CodeAnalysis.Scripting.resources.dll" 파일에서 "bin\Debug\net9.0-windows\ja\Microsoft.CodeAnalysis.Scripting.resources.dll" 파일로 복사할 수 없습니다.
         "SkipUnchangedFiles" 매개 변수가 프로젝트에 "true"(으)로 설정되었고 파일 크기와 타임스탬프가 일치하기 때문에 "C:\Users\kentz\.nuget\packages\microsoft.codeanalysis.features\4.12.0\lib\net8.0\es\Microsoft.CodeAnalysis.Features.resources.dll" 파일에서 "bin\Debug\net9.0-windows\es\Microsoft.CodeAnalysis.Features.resources.dll" 파일로 복사할 수 없습니다.
         "SkipUnchangedFiles" 매개 변수가 프로젝트에 "true"(으)로 설정되었고 파일 크기와 타임스탬프가 일치하기 때문에 "C:\Users\kentz\.nuget\packages\microsoft.codeanalysis.scripting.common\4.12.0\lib\net8.0\ko\Microsoft.CodeAnalysis.Scripting.resources.dll" 파일에서 "bin\Debug\net9.0-windows\ko\Microsoft.CodeAnalysis.Scripting.resources.dll" 파일로 복사할 수 없습니다.
         "SkipUnchangedFiles" 매개 변수가 프로젝트에 "true"(으)로 설정되었고 파일 크기와 타임스탬프가 일치하기 때문에 "C:\Users\kentz\.nuget\packages\microsoft.codeanalysis.scripting.common\4.12.0\lib\net8.0\pl\Microsoft.CodeAnalysis.Scripting.resources.dll" 파일에서 "bin\Debug\net9.0-windows\pl\Microsoft.CodeAnalysis.Scripting.resources.dll" 파일로 복사할 수 없습니다.
         "SkipUnchangedFiles" 매개 변수가 프로젝트에 "true"(으)로 설정되었고 파일 크기와 타임스탬프가 일치하기 때문에 "C:\Users\kentz\.nuget\packages\microsoft.codeanalysis.scripting.common\4.12.0\lib\net8.0\tr\Microsoft.CodeAnalysis.Scripting.resources.dll" 파일에서 "bin\Debug\net9.0-windows\tr\Microsoft.CodeAnalysis.Scripting.resources.dll" 파일로 복사할 수 없습니다.
         "SkipUnchangedFiles" 매개 변수가 프로젝트에 "true"(으)로 설정되었고 파일 크기와 타임스탬프가 일치하기 때문에 "C:\Users\kentz\.nuget\packages\microsoft.codeanalysis.features\4.12.0\lib\net8.0\de\Microsoft.CodeAnalysis.Features.resources.dll" 파일에서 "bin\Debug\net9.0-windows\de\Microsoft.CodeAnalysis.Features.resources.dll" 파일로 복사할 수 없습니다.
         "SkipUnchangedFiles" 매개 변수가 프로젝트에 "true"(으)로 설정되었고 파일 크기와 타임스탬프가 일치하기 때문에 "C:\Users\kentz\.nuget\packages\microsoft.codeanalysis.scripting.common\4.12.0\lib\net8.0\ru\Microsoft.CodeAnalysis.Scripting.resources.dll" 파일에서 "bin\Debug\net9.0-windows\ru\Microsoft.CodeAnalysis.Scripting.resources.dll" 파일로 복사할 수 없습니다.
         "SkipUnchangedFiles" 매개 변수가 프로젝트에 "true"(으)로 설정되었고 파일 크기와 타임스탬프가 일치하기 때문에 "C:\Users\kentz\.nuget\packages\microsoft.codeanalysis.scripting.common\4.12.0\lib\net8.0\pt-BR\Microsoft.CodeAnalysis.Scripting.resources.dll" 파일에서 "bin\Debug\net9.0-windows\pt-BR\Microsoft.CodeAnalysis.Scripting.resources.dll" 파일로 복사할 수 없습니다.
         "SkipUnchangedFiles" 매개 변수가 프로젝트에 "true"(으)로 설정되었고 파일 크기와 타임스탬프가 일치하기 때문에 "C:\Users\kentz\.nuget\packages\microsoft.codeanalysis.scripting.common\4.12.0\lib\net8.0\zh-Hant\Microsoft.CodeAnalysis.Scripting.resources.dll" 파일에서 "bin\Debug\net9.0-windows\zh-Hant\Microsoft.CodeAnalysis.Scripting.resources.dll" 파일로 복사할 수 없습니다.
         "SkipUnchangedFiles" 매개 변수가 프로젝트에 "true"(으)로 설정되었고 파일 크기와 타임스탬프가 일치하기 때문에 "C:\Users\kentz\.nuget\packages\microsoft.codeanalysis.scripting.common\4.12.0\lib\net8.0\zh-Hans\Microsoft.CodeAnalysis.Scripting.resources.dll" 파일에서 "bin\Debug\net9.0-windows\zh-Hans\Microsoft.CodeAnalysis.Scripting.resources.dll" 파일로 복사할 수 없습니다.
         "SkipUnchangedFiles" 매개 변수가 프로젝트에 "true"(으)로 설정되었고 파일 크기와 타임스탬프가 일치하기 때문에 "C:\Users\kentz\.nuget\packages\microsoft.codeanalysis.workspaces.common\4.12.0\lib\net8.0\de\Microsoft.CodeAnalysis.Workspaces.resources.dll" 파일에서 "bin\Debug\net9.0-windows\de\Microsoft.CodeAnalysis.Workspaces.resources.dll" 파일로 복사할 수 없습니다.
         "SkipUnchangedFiles" 매개 변수가 프로젝트에 "true"(으)로 설정되었고 파일 크기와 타임스탬프가 일치하기 때문에 "C:\Users\kentz\.nuget\packages\microsoft.codeanalysis.workspaces.common\4.12.0\lib\net8.0\cs\Microsoft.CodeAnalysis.Workspaces.resources.dll" 파일에서 "bin\Debug\net9.0-windows\cs\Microsoft.CodeAnalysis.Workspaces.resources.dll" 파일로 복사할 수 없습니다.
         "SkipUnchangedFiles" 매개 변수가 프로젝트에 "true"(으)로 설정되었고 파일 크기와 타임스탬프가 일치하기 때문에 "C:\Users\kentz\.nuget\packages\microsoft.codeanalysis.workspaces.common\4.12.0\lib\net8.0\ja\Microsoft.CodeAnalysis.Workspaces.resources.dll" 파일에서 "bin\Debug\net9.0-windows\ja\Microsoft.CodeAnalysis.Workspaces.resources.dll" 파일로 복사할 수 없습니다.
         "SkipUnchangedFiles" 매개 변수가 프로젝트에 "true"(으)로 설정되었고 파일 크기와 타임스탬프가 일치하기 때문에 "C:\Users\kentz\.nuget\packages\microsoft.codeanalysis.workspaces.common\4.12.0\lib\net8.0\es\Microsoft.CodeAnalysis.Workspaces.resources.dll" 파일에서 "bin\Debug\net9.0-windows\es\Microsoft.CodeAnalysis.Workspaces.resources.dll" 파일로 복사할 수 없습니다.
         "SkipUnchangedFiles" 매개 변수가 프로젝트에 "true"(으)로 설정되었고 파일 크기와 타임스탬프가 일치하기 때문에 "C:\Users\kentz\.nuget\packages\microsoft.codeanalysis.workspaces.common\4.12.0\lib\net8.0\pl\Microsoft.CodeAnalysis.Workspaces.resources.dll" 파일에서 "bin\Debug\net9.0-windows\pl\Microsoft.CodeAnalysis.Workspaces.resources.dll" 파일로 복사할 수 없습니다.
         "SkipUnchangedFiles" 매개 변수가 프로젝트에 "true"(으)로 설정되었고 파일 크기와 타임스탬프가 일치하기 때문에 "C:\Users\kentz\.nuget\packages\microsoft.codeanalysis.workspaces.common\4.12.0\lib\net8.0\it\Microsoft.CodeAnalysis.Workspaces.resources.dll" 파일에서 "bin\Debug\net9.0-windows\it\Microsoft.CodeAnalysis.Workspaces.resources.dll" 파일로 복사할 수 없습니다.
         "SkipUnchangedFiles" 매개 변수가 프로젝트에 "true"(으)로 설정되었고 파일 크기와 타임스탬프가 일치하기 때문에 "C:\Users\kentz\.nuget\packages\microsoft.codeanalysis.workspaces.common\4.12.0\lib\net8.0\ko\Microsoft.CodeAnalysis.Workspaces.resources.dll" 파일에서 "bin\Debug\net9.0-windows\ko\Microsoft.CodeAnalysis.Workspaces.resources.dll" 파일로 복사할 수 없습니다.
         "SkipUnchangedFiles" 매개 변수가 프로젝트에 "true"(으)로 설정되었고 파일 크기와 타임스탬프가 일치하기 때문에 "C:\Users\kentz\.nuget\packages\microsoft.codeanalysis.workspaces.common\4.12.0\lib\net8.0\pt-BR\Microsoft.CodeAnalysis.Workspaces.resources.dll" 파일에서 "bin\Debug\net9.0-windows\pt-BR\Microsoft.CodeAnalysis.Workspaces.resources.dll" 파일로 복사할 수 없습니다.
         "SkipUnchangedFiles" 매개 변수가 프로젝트에 "true"(으)로 설정되었고 파일 크기와 타임스탬프가 일치하기 때문에 "C:\Users\kentz\.nuget\packages\microsoft.codeanalysis.workspaces.common\4.12.0\lib\net8.0\fr\Microsoft.CodeAnalysis.Workspaces.resources.dll" 파일에서 "bin\Debug\net9.0-windows\fr\Microsoft.CodeAnalysis.Workspaces.resources.dll" 파일로 복사할 수 없습니다.
         "SkipUnchangedFiles" 매개 변수가 프로젝트에 "true"(으)로 설정되었고 파일 크기와 타임스탬프가 일치하기 때문에 "C:\Users\kentz\.nuget\packages\microsoft.codeanalysis.workspaces.common\4.12.0\lib\net8.0\ru\Microsoft.CodeAnalysis.Workspaces.resources.dll" 파일에서 "bin\Debug\net9.0-windows\ru\Microsoft.CodeAnalysis.Workspaces.resources.dll" 파일로 복사할 수 없습니다.
         "SkipUnchangedFiles" 매개 변수가 프로젝트에 "true"(으)로 설정되었고 파일 크기와 타임스탬프가 일치하기 때문에 "C:\Users\kentz\.nuget\packages\microsoft.visualstudio.threading\17.12.19\lib\net6.0-windows7.0\cs\Microsoft.VisualStudio.Threading.resources.dll" 파일에서 "bin\Debug\net9.0-windows\cs\Microsoft.VisualStudio.Threading.resources.dll" 파일로 복사할 수 없습니다.
         "SkipUnchangedFiles" 매개 변수가 프로젝트에 "true"(으)로 설정되었고 파일 크기와 타임스탬프가 일치하기 때문에 "C:\Users\kentz\.nuget\packages\microsoft.codeanalysis.workspaces.common\4.12.0\lib\net8.0\tr\Microsoft.CodeAnalysis.Workspaces.resources.dll" 파일에서 "bin\Debug\net9.0-windows\tr\Microsoft.CodeAnalysis.Workspaces.resources.dll" 파일로 복사할 수 없습니다.
         "SkipUnchangedFiles" 매개 변수가 프로젝트에 "true"(으)로 설정되었고 파일 크기와 타임스탬프가 일치하기 때문에 "C:\Users\kentz\.nuget\packages\microsoft.codeanalysis.workspaces.common\4.12.0\lib\net8.0\zh-Hans\Microsoft.CodeAnalysis.Workspaces.resources.dll" 파일에서 "bin\Debug\net9.0-windows\zh-Hans\Microsoft.CodeAnalysis.Workspaces.resources.dll" 파일로 복사할 수 없습니다.
         "SkipUnchangedFiles" 매개 변수가 프로젝트에 "true"(으)로 설정되었고 파일 크기와 타임스탬프가 일치하기 때문에 "C:\Users\kentz\.nuget\packages\microsoft.codeanalysis.workspaces.common\4.12.0\lib\net8.0\zh-Hant\Microsoft.CodeAnalysis.Workspaces.resources.dll" 파일에서 "bin\Debug\net9.0-windows\zh-Hant\Microsoft.CodeAnalysis.Workspaces.resources.dll" 파일로 복사할 수 없습니다.
         "SkipUnchangedFiles" 매개 변수가 프로젝트에 "true"(으)로 설정되었고 파일 크기와 타임스탬프가 일치하기 때문에 "C:\Users\kentz\.nuget\packages\microsoft.visualstudio.threading\17.12.19\lib\net6.0-windows7.0\es\Microsoft.VisualStudio.Threading.resources.dll" 파일에서 "bin\Debug\net9.0-windows\es\Microsoft.VisualStudio.Threading.resources.dll" 파일로 복사할 수 없습니다.
         "SkipUnchangedFiles" 매개 변수가 프로젝트에 "true"(으)로 설정되었고 파일 크기와 타임스탬프가 일치하기 때문에 "C:\Users\kentz\.nuget\packages\microsoft.visualstudio.threading\17.12.19\lib\net6.0-windows7.0\de\Microsoft.VisualStudio.Threading.resources.dll" 파일에서 "bin\Debug\net9.0-windows\de\Microsoft.VisualStudio.Threading.resources.dll" 파일로 복사할 수 없습니다.
         "SkipUnchangedFiles" 매개 변수가 프로젝트에 "true"(으)로 설정되었고 파일 크기와 타임스탬프가 일치하기 때문에 "C:\Users\kentz\.nuget\packages\microsoft.visualstudio.threading\17.12.19\lib\net6.0-windows7.0\fr\Microsoft.VisualStudio.Threading.resources.dll" 파일에서 "bin\Debug\net9.0-windows\fr\Microsoft.VisualStudio.Threading.resources.dll" 파일로 복사할 수 없습니다.
         "SkipUnchangedFiles" 매개 변수가 프로젝트에 "true"(으)로 설정되었고 파일 크기와 타임스탬프가 일치하기 때문에 "C:\Users\kentz\.nuget\packages\microsoft.visualstudio.threading\17.12.19\lib\net6.0-windows7.0\it\Microsoft.VisualStudio.Threading.resources.dll" 파일에서 "bin\Debug\net9.0-windows\it\Microsoft.VisualStudio.Threading.resources.dll" 파일로 복사할 수 없습니다.
         "SkipUnchangedFiles" 매개 변수가 프로젝트에 "true"(으)로 설정되었고 파일 크기와 타임스탬프가 일치하기 때문에 "C:\Users\kentz\.nuget\packages\microsoft.visualstudio.threading\17.12.19\lib\net6.0-windows7.0\ja\Microsoft.VisualStudio.Threading.resources.dll" 파일에서 "bin\Debug\net9.0-windows\ja\Microsoft.VisualStudio.Threading.resources.dll" 파일로 복사할 수 없습니다.
         "SkipUnchangedFiles" 매개 변수가 프로젝트에 "true"(으)로 설정되었고 파일 크기와 타임스탬프가 일치하기 때문에 "C:\Users\kentz\.nuget\packages\microsoft.visualstudio.threading\17.12.19\lib\net6.0-windows7.0\ko\Microsoft.VisualStudio.Threading.resources.dll" 파일에서 "bin\Debug\net9.0-windows\ko\Microsoft.VisualStudio.Threading.resources.dll" 파일로 복사할 수 없습니다.
         "SkipUnchangedFiles" 매개 변수가 프로젝트에 "true"(으)로 설정되었고 파일 크기와 타임스탬프가 일치하기 때문에 "C:\Users\kentz\.nuget\packages\microsoft.visualstudio.threading\17.12.19\lib\net6.0-windows7.0\pt-BR\Microsoft.VisualStudio.Threading.resources.dll" 파일에서 "bin\Debug\net9.0-windows\pt-BR\Microsoft.VisualStudio.Threading.resources.dll" 파일로 복사할 수 없습니다.
         "SkipUnchangedFiles" 매개 변수가 프로젝트에 "true"(으)로 설정되었고 파일 크기와 타임스탬프가 일치하기 때문에 "C:\Users\kentz\.nuget\packages\microsoft.visualstudio.threading\17.12.19\lib\net6.0-windows7.0\pl\Microsoft.VisualStudio.Threading.resources.dll" 파일에서 "bin\Debug\net9.0-windows\pl\Microsoft.VisualStudio.Threading.resources.dll" 파일로 복사할 수 없습니다.
         "SkipUnchangedFiles" 매개 변수가 프로젝트에 "true"(으)로 설정되었고 파일 크기와 타임스탬프가 일치하기 때문에 "C:\Users\kentz\.nuget\packages\microsoft.visualstudio.threading\17.12.19\lib\net6.0-windows7.0\tr\Microsoft.VisualStudio.Threading.resources.dll" 파일에서 "bin\Debug\net9.0-windows\tr\Microsoft.VisualStudio.Threading.resources.dll" 파일로 복사할 수 없습니다.
         "SkipUnchangedFiles" 매개 변수가 프로젝트에 "true"(으)로 설정되었고 파일 크기와 타임스탬프가 일치하기 때문에 "C:\Users\kentz\.nuget\packages\microsoft.visualstudio.threading\17.12.19\lib\net6.0-windows7.0\ru\Microsoft.VisualStudio.Threading.resources.dll" 파일에서 "bin\Debug\net9.0-windows\ru\Microsoft.VisualStudio.Threading.resources.dll" 파일로 복사할 수 없습니다.
         "SkipUnchangedFiles" 매개 변수가 프로젝트에 "true"(으)로 설정되었고 파일 크기와 타임스탬프가 일치하기 때문에 "C:\Users\kentz\.nuget\packages\microsoft.visualstudio.validation\17.8.8\lib\net6.0\cs\Microsoft.VisualStudio.Validation.resources.dll" 파일에서 "bin\Debug\net9.0-windows\cs\Microsoft.VisualStudio.Validation.resources.dll" 파일로 복사할 수 없습니다.
         "SkipUnchangedFiles" 매개 변수가 프로젝트에 "true"(으)로 설정되었고 파일 크기와 타임스탬프가 일치하기 때문에 "C:\Users\kentz\.nuget\packages\microsoft.visualstudio.threading\17.12.19\lib\net6.0-windows7.0\zh-Hant\Microsoft.VisualStudio.Threading.resources.dll" 파일에서 "bin\Debug\net9.0-windows\zh-Hant\Microsoft.VisualStudio.Threading.resources.dll" 파일로 복사할 수 없습니다.
         "SkipUnchangedFiles" 매개 변수가 프로젝트에 "true"(으)로 설정되었고 파일 크기와 타임스탬프가 일치하기 때문에 "C:\Users\kentz\.nuget\packages\microsoft.visualstudio.threading\17.12.19\lib\net6.0-windows7.0\zh-Hans\Microsoft.VisualStudio.Threading.resources.dll" 파일에서 "bin\Debug\net9.0-windows\zh-Hans\Microsoft.VisualStudio.Threading.resources.dll" 파일로 복사할 수 없습니다.
         "SkipUnchangedFiles" 매개 변수가 프로젝트에 "true"(으)로 설정되었고 파일 크기와 타임스탬프가 일치하기 때문에 "C:\Users\kentz\.nuget\packages\microsoft.visualstudio.validation\17.8.8\lib\net6.0\de\Microsoft.VisualStudio.Validation.resources.dll" 파일에서 "bin\Debug\net9.0-windows\de\Microsoft.VisualStudio.Validation.resources.dll" 파일로 복사할 수 없습니다.
         "SkipUnchangedFiles" 매개 변수가 프로젝트에 "true"(으)로 설정되었고 파일 크기와 타임스탬프가 일치하기 때문에 "C:\Users\kentz\.nuget\packages\microsoft.visualstudio.validation\17.8.8\lib\net6.0\es\Microsoft.VisualStudio.Validation.resources.dll" 파일에서 "bin\Debug\net9.0-windows\es\Microsoft.VisualStudio.Validation.resources.dll" 파일로 복사할 수 없습니다.
         "SkipUnchangedFiles" 매개 변수가 프로젝트에 "true"(으)로 설정되었고 파일 크기와 타임스탬프가 일치하기 때문에 "C:\Users\kentz\.nuget\packages\microsoft.visualstudio.validation\17.8.8\lib\net6.0\ko\Microsoft.VisualStudio.Validation.resources.dll" 파일에서 "bin\Debug\net9.0-windows\ko\Microsoft.VisualStudio.Validation.resources.dll" 파일로 복사할 수 없습니다.
         "SkipUnchangedFiles" 매개 변수가 프로젝트에 "true"(으)로 설정되었고 파일 크기와 타임스탬프가 일치하기 때문에 "C:\Users\kentz\.nuget\packages\microsoft.visualstudio.validation\17.8.8\lib\net6.0\fr\Microsoft.VisualStudio.Validation.resources.dll" 파일에서 "bin\Debug\net9.0-windows\fr\Microsoft.VisualStudio.Validation.resources.dll" 파일로 복사할 수 없습니다.
         "SkipUnchangedFiles" 매개 변수가 프로젝트에 "true"(으)로 설정되었고 파일 크기와 타임스탬프가 일치하기 때문에 "C:\Users\kentz\.nuget\packages\microsoft.visualstudio.validation\17.8.8\lib\net6.0\it\Microsoft.VisualStudio.Validation.resources.dll" 파일에서 "bin\Debug\net9.0-windows\it\Microsoft.VisualStudio.Validation.resources.dll" 파일로 복사할 수 없습니다.
         "SkipUnchangedFiles" 매개 변수가 프로젝트에 "true"(으)로 설정되었고 파일 크기와 타임스탬프가 일치하기 때문에 "C:\Users\kentz\.nuget\packages\microsoft.visualstudio.validation\17.8.8\lib\net6.0\pl\Microsoft.VisualStudio.Validation.resources.dll" 파일에서 "bin\Debug\net9.0-windows\pl\Microsoft.VisualStudio.Validation.resources.dll" 파일로 복사할 수 없습니다.
         "SkipUnchangedFiles" 매개 변수가 프로젝트에 "true"(으)로 설정되었고 파일 크기와 타임스탬프가 일치하기 때문에 "C:\Users\kentz\.nuget\packages\microsoft.visualstudio.validation\17.8.8\lib\net6.0\ja\Microsoft.VisualStudio.Validation.resources.dll" 파일에서 "bin\Debug\net9.0-windows\ja\Microsoft.VisualStudio.Validation.resources.dll" 파일로 복사할 수 없습니다.
         "SkipUnchangedFiles" 매개 변수가 프로젝트에 "true"(으)로 설정되었고 파일 크기와 타임스탬프가 일치하기 때문에 "C:\Users\kentz\.nuget\packages\microsoft.visualstudio.validation\17.8.8\lib\net6.0\pt-BR\Microsoft.VisualStudio.Validation.resources.dll" 파일에서 "bin\Debug\net9.0-windows\pt-BR\Microsoft.VisualStudio.Validation.resources.dll" 파일로 복사할 수 없습니다.
         "SkipUnchangedFiles" 매개 변수가 프로젝트에 "true"(으)로 설정되었고 파일 크기와 타임스탬프가 일치하기 때문에 "C:\Users\kentz\.nuget\packages\microsoft.visualstudio.validation\17.8.8\lib\net6.0\ru\Microsoft.VisualStudio.Validation.resources.dll" 파일에서 "bin\Debug\net9.0-windows\ru\Microsoft.VisualStudio.Validation.resources.dll" 파일로 복사할 수 없습니다.
         "SkipUnchangedFiles" 매개 변수가 프로젝트에 "true"(으)로 설정되었고 파일 크기와 타임스탬프가 일치하기 때문에 "C:\Users\kentz\.nuget\packages\microsoft.visualstudio.validation\17.8.8\lib\net6.0\zh-Hant\Microsoft.VisualStudio.Validation.resources.dll" 파일에서 "bin\Debug\net9.0-windows\zh-Hant\Microsoft.VisualStudio.Validation.resources.dll" 파일로 복사할 수 없습니다.
         "SkipUnchangedFiles" 매개 변수가 프로젝트에 "true"(으)로 설정되었고 파일 크기와 타임스탬프가 일치하기 때문에 "C:\Users\kentz\.nuget\packages\microsoft.visualstudio.validation\17.8.8\lib\net6.0\tr\Microsoft.VisualStudio.Validation.resources.dll" 파일에서 "bin\Debug\net9.0-windows\tr\Microsoft.VisualStudio.Validation.resources.dll" 파일로 복사할 수 없습니다.
         "SkipUnchangedFiles" 매개 변수가 프로젝트에 "true"(으)로 설정되었고 파일 크기와 타임스탬프가 일치하기 때문에 "C:\Users\kentz\.nuget\packages\microsoft.visualstudio.validation\17.8.8\lib\net6.0\zh-Hans\Microsoft.VisualStudio.Validation.resources.dll" 파일에서 "bin\Debug\net9.0-windows\zh-Hans\Microsoft.VisualStudio.Validation.resources.dll" 파일로 복사할 수 없습니다.
         "SkipUnchangedFiles" 매개 변수가 프로젝트에 "true"(으)로 설정되었고 파일 크기와 타임스탬프가 일치하기 때문에 "C:\Users\kentz\.nuget\packages\sqlitepclraw.lib.e_sqlite3\2.1.11\runtimes\linux-arm\native\libe_sqlite3.so" 파일에서 "bin\Debug\net9.0-windows\runtimes\linux-arm\native\libe_sqlite3.so" 파일로 복사할 수 없습니다.
         "SkipUnchangedFiles" 매개 변수가 프로젝트에 "true"(으)로 설정되었고 파일 크기와 타임스탬프가 일치하기 때문에 "C:\Users\kentz\.nuget\packages\sqlitepclraw.lib.e_sqlite3\2.1.11\runtimes\browser-wasm\nativeassets\net9.0\e_sqlite3.a" 파일에서 "bin\Debug\net9.0-windows\runtimes\browser-wasm\nativeassets\net9.0\e_sqlite3.a" 파일로 복사할 수 없습니다.
         "SkipUnchangedFiles" 매개 변수가 프로젝트에 "true"(으)로 설정되었고 파일 크기와 타임스탬프가 일치하기 때문에 "C:\Users\kentz\.nuget\packages\sqlitepclraw.lib.e_sqlite3\2.1.11\runtimes\linux-mips64\native\libe_sqlite3.so" 파일에서 "bin\Debug\net9.0-windows\runtimes\linux-mips64\native\libe_sqlite3.so" 파일로 복사할 수 없습니다.
         "SkipUnchangedFiles" 매개 변수가 프로젝트에 "true"(으)로 설정되었고 파일 크기와 타임스탬프가 일치하기 때문에 "C:\Users\kentz\.nuget\packages\sqlitepclraw.lib.e_sqlite3\2.1.11\runtimes\linux-arm64\native\libe_sqlite3.so" 파일에서 "bin\Debug\net9.0-windows\runtimes\linux-arm64\native\libe_sqlite3.so" 파일로 복사할 수 없습니다.
         "SkipUnchangedFiles" 매개 변수가 프로젝트에 "true"(으)로 설정되었고 파일 크기와 타임스탬프가 일치하기 때문에 "C:\Users\kentz\.nuget\packages\sqlitepclraw.lib.e_sqlite3\2.1.11\runtimes\linux-musl-arm\native\libe_sqlite3.so" 파일에서 "bin\Debug\net9.0-windows\runtimes\linux-musl-arm\native\libe_sqlite3.so" 파일로 복사할 수 없습니다.
         "SkipUnchangedFiles" 매개 변수가 프로젝트에 "true"(으)로 설정되었고 파일 크기와 타임스탬프가 일치하기 때문에 "C:\Users\kentz\.nuget\packages\sqlitepclraw.lib.e_sqlite3\2.1.11\runtimes\linux-armel\native\libe_sqlite3.so" 파일에서 "bin\Debug\net9.0-windows\runtimes\linux-armel\native\libe_sqlite3.so" 파일로 복사할 수 없습니다.
         "SkipUnchangedFiles" 매개 변수가 프로젝트에 "true"(으)로 설정되었고 파일 크기와 타임스탬프가 일치하기 때문에 "C:\Users\kentz\.nuget\packages\sqlitepclraw.lib.e_sqlite3\2.1.11\runtimes\linux-musl-riscv64\native\libe_sqlite3.so" 파일에서 "bin\Debug\net9.0-windows\runtimes\linux-musl-riscv64\native\libe_sqlite3.so" 파일로 복사할 수 없습니다.
         "SkipUnchangedFiles" 매개 변수가 프로젝트에 "true"(으)로 설정되었고 파일 크기와 타임스탬프가 일치하기 때문에 "C:\Users\kentz\.nuget\packages\sqlitepclraw.lib.e_sqlite3\2.1.11\runtimes\linux-musl-arm64\native\libe_sqlite3.so" 파일에서 "bin\Debug\net9.0-windows\runtimes\linux-musl-arm64\native\libe_sqlite3.so" 파일로 복사할 수 없습니다.
         "SkipUnchangedFiles" 매개 변수가 프로젝트에 "true"(으)로 설정되었고 파일 크기와 타임스탬프가 일치하기 때문에 "C:\Users\kentz\.nuget\packages\sqlitepclraw.lib.e_sqlite3\2.1.11\runtimes\linux-ppc64le\native\libe_sqlite3.so" 파일에서 "bin\Debug\net9.0-windows\runtimes\linux-ppc64le\native\libe_sqlite3.so" 파일로 복사할 수 없습니다.
         "SkipUnchangedFiles" 매개 변수가 프로젝트에 "true"(으)로 설정되었고 파일 크기와 타임스탬프가 일치하기 때문에 "C:\Users\kentz\.nuget\packages\sqlitepclraw.lib.e_sqlite3\2.1.11\runtimes\linux-musl-s390x\native\libe_sqlite3.so" 파일에서 "bin\Debug\net9.0-windows\runtimes\linux-musl-s390x\native\libe_sqlite3.so" 파일로 복사할 수 없습니다.
         "SkipUnchangedFiles" 매개 변수가 프로젝트에 "true"(으)로 설정되었고 파일 크기와 타임스탬프가 일치하기 때문에 "C:\Users\kentz\.nuget\packages\sqlitepclraw.lib.e_sqlite3\2.1.11\runtimes\linux-musl-x64\native\libe_sqlite3.so" 파일에서 "bin\Debug\net9.0-windows\runtimes\linux-musl-x64\native\libe_sqlite3.so" 파일로 복사할 수 없습니다.
         "SkipUnchangedFiles" 매개 변수가 프로젝트에 "true"(으)로 설정되었고 파일 크기와 타임스탬프가 일치하기 때문에 "C:\Users\kentz\.nuget\packages\sqlitepclraw.lib.e_sqlite3\2.1.11\runtimes\linux-riscv64\native\libe_sqlite3.so" 파일에서 "bin\Debug\net9.0-windows\runtimes\linux-riscv64\native\libe_sqlite3.so" 파일로 복사할 수 없습니다.
         "SkipUnchangedFiles" 매개 변수가 프로젝트에 "true"(으)로 설정되었고 파일 크기와 타임스탬프가 일치하기 때문에 "C:\Users\kentz\.nuget\packages\sqlitepclraw.lib.e_sqlite3\2.1.11\runtimes\linux-x64\native\libe_sqlite3.so" 파일에서 "bin\Debug\net9.0-windows\runtimes\linux-x64\native\libe_sqlite3.so" 파일로 복사할 수 없습니다.
         "SkipUnchangedFiles" 매개 변수가 프로젝트에 "true"(으)로 설정되었고 파일 크기와 타임스탬프가 일치하기 때문에 "C:\Users\kentz\.nuget\packages\sqlitepclraw.lib.e_sqlite3\2.1.11\runtimes\linux-s390x\native\libe_sqlite3.so" 파일에서 "bin\Debug\net9.0-windows\runtimes\linux-s390x\native\libe_sqlite3.so" 파일로 복사할 수 없습니다.
         "SkipUnchangedFiles" 매개 변수가 프로젝트에 "true"(으)로 설정되었고 파일 크기와 타임스탬프가 일치하기 때문에 "C:\Users\kentz\.nuget\packages\sqlitepclraw.lib.e_sqlite3\2.1.11\runtimes\linux-x86\native\libe_sqlite3.so" 파일에서 "bin\Debug\net9.0-windows\runtimes\linux-x86\native\libe_sqlite3.so" 파일로 복사할 수 없습니다.
         "SkipUnchangedFiles" 매개 변수가 프로젝트에 "true"(으)로 설정되었고 파일 크기와 타임스탬프가 일치하기 때문에 "C:\Users\kentz\.nuget\packages\sqlitepclraw.lib.e_sqlite3\2.1.11\runtimes\maccatalyst-x64\native\libe_sqlite3.dylib" 파일에서 "bin\Debug\net9.0-windows\runtimes\maccatalyst-x64\native\libe_sqlite3.dylib" 파일로 복사할 수 없습니다.
         "SkipUnchangedFiles" 매개 변수가 프로젝트에 "true"(으)로 설정되었고 파일 크기와 타임스탬프가 일치하기 때문에 "C:\Users\kentz\.nuget\packages\sqlitepclraw.lib.e_sqlite3\2.1.11\runtimes\osx-arm64\native\libe_sqlite3.dylib" 파일에서 "bin\Debug\net9.0-windows\runtimes\osx-arm64\native\libe_sqlite3.dylib" 파일로 복사할 수 없습니다.
         "SkipUnchangedFiles" 매개 변수가 프로젝트에 "true"(으)로 설정되었고 파일 크기와 타임스탬프가 일치하기 때문에 "C:\Users\kentz\.nuget\packages\sqlitepclraw.lib.e_sqlite3\2.1.11\runtimes\maccatalyst-arm64\native\libe_sqlite3.dylib" 파일에서 "bin\Debug\net9.0-windows\runtimes\maccatalyst-arm64\native\libe_sqlite3.dylib" 파일로 복사할 수 없습니다.
         "SkipUnchangedFiles" 매개 변수가 프로젝트에 "true"(으)로 설정되었고 파일 크기와 타임스탬프가 일치하기 때문에 "C:\Users\kentz\.nuget\packages\sqlitepclraw.lib.e_sqlite3\2.1.11\runtimes\win-arm\native\e_sqlite3.dll" 파일에서 "bin\Debug\net9.0-windows\runtimes\win-arm\native\e_sqlite3.dll" 파일로 복사할 수 없습니다.
         "SkipUnchangedFiles" 매개 변수가 프로젝트에 "true"(으)로 설정되었고 파일 크기와 타임스탬프가 일치하기 때문에 "C:\Users\kentz\.nuget\packages\sqlitepclraw.lib.e_sqlite3\2.1.11\runtimes\osx-x64\native\libe_sqlite3.dylib" 파일에서 "bin\Debug\net9.0-windows\runtimes\osx-x64\native\libe_sqlite3.dylib" 파일로 복사할 수 없습니다.
         "SkipUnchangedFiles" 매개 변수가 프로젝트에 "true"(으)로 설정되었고 파일 크기와 타임스탬프가 일치하기 때문에 "C:\Users\kentz\.nuget\packages\sqlitepclraw.lib.e_sqlite3\2.1.11\runtimes\win-arm64\native\e_sqlite3.dll" 파일에서 "bin\Debug\net9.0-windows\runtimes\win-arm64\native\e_sqlite3.dll" 파일로 복사할 수 없습니다.
         "SkipUnchangedFiles" 매개 변수가 프로젝트에 "true"(으)로 설정되었고 파일 크기와 타임스탬프가 일치하기 때문에 "C:\Users\kentz\.nuget\packages\sqlitepclraw.lib.e_sqlite3\2.1.11\runtimes\win-x64\native\e_sqlite3.dll" 파일에서 "bin\Debug\net9.0-windows\runtimes\win-x64\native\e_sqlite3.dll" 파일로 복사할 수 없습니다.
         "SkipUnchangedFiles" 매개 변수가 프로젝트에 "true"(으)로 설정되었고 파일 크기와 타임스탬프가 일치하기 때문에 "C:\Users\kentz\.nuget\packages\sqlitepclraw.lib.e_sqlite3\2.1.11\runtimes\win-x86\native\e_sqlite3.dll" 파일에서 "bin\Debug\net9.0-windows\runtimes\win-x86\native\e_sqlite3.dll" 파일로 복사할 수 없습니다.
       "Copy" 작업을 실행했습니다.
       조건이 잘못되어 "Touch" 작업을 건너뜁니다. ('@(ReferencesCopiedInThisBuild)' != '' and '$(WroteAtLeastOneFile)' == 'true')이(가) ('bin\Debug\net9.0-windows\ICSharpCode.AvalonEdit.dll;bin\Debug\net9.0-windows\Dotnet.Script.Core.dll;bin\Debug\net9.0-windows\Dotnet.Script.DependencyModel.dll;...' != '' and 'False' == 'true')(으)로 확인되었습니다.
   1:7>"ProtoTestTool.csproj" 프로젝트에 "_CopyFilesMarkedCopyLocal" 대상을 빌드했습니다.
       "AssignTargetPaths" 대상을 건너뜁니다. 이전에 빌드되었습니다.
       조건이 잘못되어 "AssignProjectConfiguration" 대상을 건너뜁니다. ('$(CurrentSolutionConfigurationContents)' != '' or '@(ProjectReference)'!='')이(가) ('' != '' or ''!='')(으)로 확인되었습니다.
       "_SplitProjectReferencesByFileExistence" 대상을 건너뜁니다. 이전에 빌드되었습니다.
       "_GetProjectReferenceTargetFrameworkProperties" 대상을 건너뜁니다. 이전에 빌드되었습니다.
   1:7>"c:\Work\backup\tcpaop\Tests\ProtoTestTool\ProtoTestTool.csproj" 프로젝트의 "C:\Program Files\dotnet\sdk\9.0.309\Microsoft.Common.CurrentVersion.targets" 파일에 있는 "_PopulateCommonStateForGetCopyToOutputDirectoryItems" 대상("GetCopyToOutputDirectoryItems" 대상이 종속됨):
   1:7>"ProtoTestTool.csproj" 프로젝트에 "_PopulateCommonStateForGetCopyToOutputDirectoryItems" 대상을 빌드했습니다.
   1:7>"c:\Work\backup\tcpaop\Tests\ProtoTestTool\ProtoTestTool.csproj" 프로젝트의 "C:\Program Files\dotnet\sdk\9.0.309\Sdks\Microsoft.NET.Sdk\targets\Microsoft.NET.Sdk.targets" 파일에 있는 "AddDepsJsonAndRuntimeConfigToCopyItemsForReferencingProjects" 대상("GetCopyToOutputDirectoryItems" 대상이 종속됨):
   1:7>"ProtoTestTool.csproj" 프로젝트에 "AddDepsJsonAndRuntimeConfigToCopyItemsForReferencingProjects" 대상을 빌드했습니다.
   1:7>"c:\Work\backup\tcpaop\Tests\ProtoTestTool\ProtoTestTool.csproj" 프로젝트의 "C:\Program Files\dotnet\sdk\9.0.309\Microsoft.Common.CurrentVersion.targets" 파일에 있는 "GetCopyToOutputDirectoryItems" 대상("_CopySourceItemsToOutputDirectory" 대상이 종속됨):
       "Microsoft.Build.Tasks.Core, Version=15.1.0.0, Culture=neutral, PublicKeyToken=b03f5f7f11d50a3a" 어셈블리에서 "CallTarget" 작업을 사용합니다.
       "CallTarget" 작업
       "_PopulateCommonStateForGetCopyToOutputDirectoryItems" 대상을 건너뜁니다. 이전에 빌드되었습니다.
       "_AddOutputPathToGlobalPropertiesToRemove" 대상을 건너뜁니다. 이전에 빌드되었습니다.
   1:7>"c:\Work\backup\tcpaop\Tests\ProtoTestTool\ProtoTestTool.csproj" 프로젝트의 "C:\Program Files\dotnet\sdk\9.0.309\Microsoft.Common.CurrentVersion.targets" 파일에 있는 "_GetCopyToOutputDirectoryItemsFromTransitiveProjectReferences" 대상("GetCopyToOutputDirectoryItems" 대상이 종속됨):
       조건이 잘못되어 "MSBuild" 작업을 건너뜁니다. ('@(_MSBuildProjectReferenceExistent)' != '' and '$(_GetChildProjectCopyToOutputDirectoryItems)' == 'true' and '%(_MSBuildProjectReferenceExistent.Private)' != 'false' and '$(UseCommonOutputDirectory)' != 'true')이(가) ('' != '' and 'true' == 'true' and '' != 'false' and 'false' != 'true')(으)로 확인되었습니다.
       "AssignTargetPath" 작업
       "AssignTargetPath" 작업을 실행했습니다.
   1:7>"ProtoTestTool.csproj" 프로젝트에 "_GetCopyToOutputDirectoryItemsFromTransitiveProjectReferences" 대상을 빌드했습니다.
       "CallTarget" 작업을 실행했습니다.
       "CallTarget" 작업
       "AssignTargetPaths" 대상을 건너뜁니다. 이전에 빌드되었습니다.
       "_PopulateCommonStateForGetCopyToOutputDirectoryItems" 대상을 건너뜁니다. 이전에 빌드되었습니다.
   1:7>"c:\Work\backup\tcpaop\Tests\ProtoTestTool\ProtoTestTool.csproj" 프로젝트의 "C:\Program Files\dotnet\sdk\9.0.309\Microsoft.Common.CurrentVersion.targets" 파일에 있는 "_GetCopyToOutputDirectoryItemsFromThisProject" 대상("GetCopyToOutputDirectoryItems" 대상이 종속됨):
       "AssignTargetPath" 작업
       "AssignTargetPath" 작업을 실행했습니다.
   1:7>"ProtoTestTool.csproj" 프로젝트에 "_GetCopyToOutputDirectoryItemsFromThisProject" 대상을 빌드했습니다.
       "CallTarget" 작업을 실행했습니다.
   1:7>"ProtoTestTool.csproj" 프로젝트에 "GetCopyToOutputDirectoryItems" 대상을 빌드했습니다.
   1:7>"c:\Work\backup\tcpaop\Tests\ProtoTestTool\ProtoTestTool.csproj" 프로젝트의 "C:\Program Files\dotnet\sdk\9.0.309\Microsoft.Common.CurrentVersion.targets" 파일에 있는 "_CopyOutOfDateSourceItemsToOutputDirectory" 대상("_CopySourceItemsToOutputDirectory" 대상이 종속됨):
       "_CopyOutOfDateSourceItemsToOutputDirectory" 대상을 모두 빌드하고 있습니다.
       입력 파일 "c:\Work\backup\tcpaop\Tests\ProtoTestTool\obj\Debug\net9.0-windows\apphost.exe"이(가) 출력 파일 "bin\Debug\net9.0-windows\ProtoTestTool.exe"보다 최신 파일입니다.
       "Copy" 작업
         "c:\Work\backup\tcpaop\Tests\ProtoTestTool\obj\Debug\net9.0-windows\apphost.exe"에서 "c:\Work\backup\tcpaop\Tests\ProtoTestTool\bin\Debug\net9.0-windows\ProtoTestTool.exe"(으)로 파일을 복사하고 있습니다.
       "Copy" 작업을 실행했습니다.
   1:7>"ProtoTestTool.csproj" 프로젝트에 "_CopyOutOfDateSourceItemsToOutputDirectory" 대상을 빌드했습니다.
       조건이 잘못되어 "_CopyOutOfDateSourceItemsToOutputDirectoryAlways" 대상을 건너뜁니다. ( '@(_SourceItemsToCopyToOutputDirectoryAlways)' != '' )이(가) ( '' != '' )(으)로 확인되었습니다.
       조건이 잘못되어 "_CopyDifferingSourceItemsToOutputDirectory" 대상을 건너뜁니다. ( '@(_SourceItemsToCopyToOutputDirectoryIfDifferent)' != '' )이(가) ( '' != '' )(으)로 확인되었습니다.
   1:7>"c:\Work\backup\tcpaop\Tests\ProtoTestTool\ProtoTestTool.csproj" 프로젝트의 "C:\Program Files\dotnet\sdk\9.0.309\Microsoft.Common.CurrentVersion.targets" 파일에 있는 "_CopySourceItemsToOutputDirectory" 대상("CopyFilesToOutputDirectory" 대상이 종속됨):
   1:7>"ProtoTestTool.csproj" 프로젝트에 "_CopySourceItemsToOutputDirectory" 대상을 빌드했습니다.
       조건이 잘못되어 "_CopyAppConfigFile" 대상을 건너뜁니다. ( '@(AppConfigWithTargetPath)' != '' )이(가) ( '' != '' )(으)로 확인되었습니다.
       조건이 잘못되어 "_CopyManifestFiles" 대상을 건너뜁니다. ( '$(_DeploymentCopyApplicationManifest)'=='true' or '$(GenerateClickOnceManifests)'=='true' )이(가) ( ''=='true' or ''=='true' )(으)로 확인되었습니다.
   1:7>"c:\Work\backup\tcpaop\Tests\ProtoTestTool\ProtoTestTool.csproj" 프로젝트의 "C:\Program Files\dotnet\sdk\9.0.309\Microsoft.Common.CurrentVersion.targets" 파일에 있는 "_CheckForCompileOutputs" 대상("CopyFilesToOutputDirectory" 대상이 종속됨):
   1:7>"ProtoTestTool.csproj" 프로젝트에 "_CheckForCompileOutputs" 대상을 빌드했습니다.
       조건이 잘못되어 "_SGenCheckForOutputs" 대상을 건너뜁니다. ('$(_SGenGenerateSerializationAssembliesConfig)' == 'On' or ('@(WebReferenceUrl)'!='' and '$(_SGenGenerateSerializationAssembliesConfig)' == 'Auto'))이(가) ('Off' == 'On' or (''!='' and 'Off' == 'Auto'))(으)로 확인되었습니다.
       "_DefaultMicrosoftNETPlatformLibrary" 대상을 건너뜁니다. 이전에 빌드되었습니다.
       "_HandlePackageFileConflicts" 대상을 건너뜁니다. 이전에 빌드되었습니다.
       "ResolveAssemblyReferences" 대상을 건너뜁니다. 이전에 빌드되었습니다.
   1:7>"c:\Work\backup\tcpaop\Tests\ProtoTestTool\ProtoTestTool.csproj" 프로젝트의 "C:\Program Files\dotnet\sdk\9.0.309\Sdks\Microsoft.NET.Sdk\targets\Microsoft.NET.Sdk.targets" 파일에 있는 "_ComputeReferenceAssemblies" 대상("GenerateBuildDependencyFile" 대상이 종속됨):
   1:7>"ProtoTestTool.csproj" 프로젝트에 "_ComputeReferenceAssemblies" 대상을 빌드했습니다.
   1:7>"c:\Work\backup\tcpaop\Tests\ProtoTestTool\ProtoTestTool.csproj" 프로젝트의 "C:\Program Files\dotnet\sdk\9.0.309\Sdks\Microsoft.NET.Sdk\targets\Microsoft.NET.Sdk.targets" 파일에 있는 "_ComputeUserRuntimeAssemblies" 대상("GenerateBuildDependencyFile" 대상이 종속됨):
   1:7>"ProtoTestTool.csproj" 프로젝트에 "_ComputeUserRuntimeAssemblies" 대상을 빌드했습니다.
       조건이 잘못되어 "ResolveRuntimePackAssets" 대상을 건너뜁니다. ('@(RuntimePack)' != '')이(가) ('' != '')(으)로 확인되었습니다.
       "_ComputePackageReferencePublish" 대상을 건너뜁니다. 이전에 빌드되었습니다.
       조건이 잘못되어 "ComputeDependencyFileCompilerOptions" 대상을 건너뜁니다. ('$(PreserveCompilationContext)' == 'true')이(가) ('' == 'true')(으)로 확인되었습니다.
   1:7>"c:\Work\backup\tcpaop\Tests\ProtoTestTool\ProtoTestTool.csproj" 프로젝트의 "C:\Program Files\dotnet\sdk\9.0.309\Sdks\Microsoft.NET.Sdk\targets\Microsoft.NET.Sdk.targets" 파일에 있는 "GenerateBuildDependencyFile" 대상("CopyFilesToOutputDirectory" 대상이 종속됨):
       "GenerateBuildDependencyFile" 대상을 모두 빌드하고 있습니다.
       입력 파일 "c:\Work\backup\tcpaop\Tests\ProtoTestTool\obj\Debug\net9.0-windows\ProtoTestTool.assets.cache"이(가) 출력 파일 "c:\Work\backup\tcpaop\Tests\ProtoTestTool\bin\Debug\net9.0-windows\ProtoTestTool.deps.json"보다 최신 파일입니다.
       "C:\Program Files\dotnet\sdk\9.0.309\Sdks\Microsoft.NET.Sdk\targets\..\tools\net9.0\Microsoft.NET.Build.Tasks.dll" 어셈블리에서 "GenerateDepsFile" 작업을 사용합니다.
       "GenerateDepsFile" 작업
       "GenerateDepsFile" 작업을 실행했습니다.
   1:7>"ProtoTestTool.csproj" 프로젝트에 "GenerateBuildDependencyFile" 대상을 빌드했습니다.
       "_DefaultMicrosoftNETPlatformLibrary" 대상을 건너뜁니다. 이전에 빌드되었습니다.
   1:7>"c:\Work\backup\tcpaop\Tests\ProtoTestTool\ProtoTestTool.csproj" 프로젝트의 "C:\Program Files\dotnet\sdk\9.0.309\Sdks\Microsoft.NET.Sdk\targets\Microsoft.NET.Sdk.targets" 파일에 있는 "_GenerateRuntimeConfigurationFilesInputCache" 대상("GenerateBuildRuntimeConfigurationFiles" 대상이 종속됨):
       "Hash" 작업
       "Hash" 작업을 실행했습니다.
       "WriteLinesToFile" 작업
       "WriteLinesToFile" 작업을 실행했습니다.
   1:7>"ProtoTestTool.csproj" 프로젝트에 "_GenerateRuntimeConfigurationFilesInputCache" 대상을 빌드했습니다.
   1:7>"c:\Work\backup\tcpaop\Tests\ProtoTestTool\ProtoTestTool.csproj" 프로젝트의 "C:\Program Files\dotnet\sdk\9.0.309\Sdks\Microsoft.NET.Sdk\targets\Microsoft.NET.Sdk.targets" 파일에 있는 "GenerateBuildRuntimeConfigurationFiles" 대상("CopyFilesToOutputDirectory" 대상이 종속됨):
       "GenerateBuildRuntimeConfigurationFiles" 대상을 모두 빌드하고 있습니다.
       입력 파일 "c:\Work\backup\tcpaop\Tests\ProtoTestTool\obj\Debug\net9.0-windows\ProtoTestTool.assets.cache"이(가) 출력 파일 "c:\Work\backup\tcpaop\Tests\ProtoTestTool\bin\Debug\net9.0-windows\ProtoTestTool.runtimeconfig.json"보다 최신 파일입니다.
       조건이 잘못되어 "NETSdkError" 작업을 건너뜁니다. ('$(RollForward)' != '' and '$(RollForward)' != 'Major' and '$(RollForward)' != 'LatestMajor' and '$(_IsRollForwardSupported)' != 'true')이(가) ('' != '' and '' != 'Major' and '' != 'LatestMajor' and 'true' != 'true')(으)로 확인되었습니다.
       "C:\Program Files\dotnet\sdk\9.0.309\Sdks\Microsoft.NET.Sdk\targets\..\tools\net9.0\Microsoft.NET.Build.Tasks.dll" 어셈블리에서 "GenerateRuntimeConfigurationFiles" 작업을 사용합니다.
       "GenerateRuntimeConfigurationFiles" 작업
       "GenerateRuntimeConfigurationFiles" 작업을 실행했습니다.
   1:7>"ProtoTestTool.csproj" 프로젝트에 "GenerateBuildRuntimeConfigurationFiles" 대상을 빌드했습니다.
       조건이 잘못되어 "GenerateShimsAssets" 대상을 건너뜁니다. ('$(PackAsTool)' == 'true' and $(PackAsToolShimRuntimeIdentifiers) != '' )이(가) ('' == 'true' and  != '' )(으)로 확인되었습니다.
   1:7>"c:\Work\backup\tcpaop\Tests\ProtoTestTool\ProtoTestTool.csproj" 프로젝트의 "C:\Program Files\dotnet\sdk\9.0.309\Microsoft.Common.CurrentVersion.targets" 파일에 있는 "CopyFilesToOutputDirectory" 대상("PrepareForRun" 대상이 종속됨):
       "Copy" 작업
         "c:\Work\backup\tcpaop\Tests\ProtoTestTool\obj\Debug\net9.0-windows\ProtoTestTool.dll"에서 "c:\Work\backup\tcpaop\Tests\ProtoTestTool\bin\Debug\net9.0-windows\ProtoTestTool.dll"(으)로 파일을 복사하고 있습니다.
       "Copy" 작업을 실행했습니다.
       "C:\Program Files\dotnet\sdk\9.0.309\Roslyn\Microsoft.Build.Tasks.CodeAnalysis.dll" 어셈블리에서 "CopyRefAssembly" 작업을 사용합니다.
       "CopyRefAssembly" 작업
         TaskRun (Microsoft.CodeAnalysis.BuildTasks.CopyRefAssembly) 동안 로드된 어셈블리: Microsoft.Build.Tasks.CodeAnalysis.resources, Version=4.14.13.7007, Culture=ko, PublicKeyToken=31bf3856ad364e35(위치: C:\Program Files\dotnet\sdk\9.0.309\Roslyn\ko\Microsoft.Build.Tasks.CodeAnalysis.resources.dll, MVID: 2d2b148d-28cb-4001-95cb-5160942f52c0, AssemblyLoadContext: MSBuild plugin C:\Program Files\dotnet\sdk\9.0.309\Roslyn\Microsoft.Build.Tasks.CodeAnalysis.dll)
         원본 참조 어셈블리 "obj\Debug\net9.0-windows\refint\ProtoTestTool.dll"(타임스탬프 "2026-01-22T01:14:05.3044385Z", MVID "30b81049-4039-41f4-b08b-2091b903a3c3")이(가) 대상 "c:\Work\backup\tcpaop\Tests\ProtoTestTool\obj\Debug\net9.0-windows\ref\ProtoTestTool.dll"(타임스탬프 "2026-01-21T22:58:29.2514423Z", MVID "205e21b0-5fb2-47fe-85aa-56ec18647d9f")과(와) 다릅니다.
         "obj\Debug\net9.0-windows\refint\ProtoTestTool.dll"에서 "c:\Work\backup\tcpaop\Tests\ProtoTestTool\obj\Debug\net9.0-windows\ref\ProtoTestTool.dll"(으)로 참조 어셈블리를 복사하는 중입니다.
       "CopyRefAssembly" 작업을 실행했습니다.
       "Message" 작업
         ProtoTestTool -> c:\Work\backup\tcpaop\Tests\ProtoTestTool\bin\Debug\net9.0-windows\ProtoTestTool.dll
       "Message" 작업을 실행했습니다.
       조건이 잘못되어 "Copy" 작업을 건너뜁니다. ('@(AddModules)' != '')이(가) ('' != '')(으)로 확인되었습니다.
       조건이 잘못되어 "Copy" 작업을 건너뜁니다. ('$(_SGenDllCreated)'=='true')이(가) ('false'=='true')(으)로 확인되었습니다.
       "Copy" 작업
         "c:\Work\backup\tcpaop\Tests\ProtoTestTool\obj\Debug\net9.0-windows\ProtoTestTool.pdb"에서 "c:\Work\backup\tcpaop\Tests\ProtoTestTool\bin\Debug\net9.0-windows\ProtoTestTool.pdb"(으)로 파일을 복사하고 있습니다.
       "Copy" 작업을 실행했습니다.
       조건이 잘못되어 "Copy" 작업을 건너뜁니다. ('$(_DocumentationFileProduced)'=='true' and '$(CopyDocumentationFileToOutputDirectory)'=='true')이(가) ('false'=='true' and 'true'=='true')(으)로 확인되었습니다.
       조건이 잘못되어 "Copy" 작업을 건너뜁니다. ('@(IntermediateSatelliteAssembliesWithTargetPath)' != '')이(가) ('' != '')(으)로 확인되었습니다.
       조건이 잘못되어 "Copy" 작업을 건너뜁니다. ('@(ReferenceComWrappersToCopyLocal)' != '' or '@(ResolvedIsolatedComModules)' != '' or '@(_DeploymentLooseManifestFile)' != '' or '@(NativeReferenceFile)' != '' )이(가) ('' != '' or '' != '' or '' != '' or '' != '' )(으)로 확인되었습니다.
       조건이 잘못되어 "Copy" 작업을 건너뜁니다. ('$(SkipCopyWinMDArtifact)' != 'true' and '@(WinMDExpArtifacts)' != '')이(가) ('' != 'true' and '' != '')(으)로 확인되었습니다.
       조건이 잘못되어 "Message" 작업을 건너뜁니다. ('$(SkipCopyWinMDArtifact)' != 'true' and '$(_WindowsMetadataOutputPath)' != '')이(가) ('' != 'true' and '' != '')(으)로 확인되었습니다.
   1:7>"ProtoTestTool.csproj" 프로젝트에 "CopyFilesToOutputDirectory" 대상을 빌드했습니다.
       조건이 잘못되어 "_CopyReferenceOnlyAssembliesForBuild" 대상을 건너뜁니다. ('$(PreserveCompilationReferences)' == 'true')이(가) ('' == 'true')(으)로 확인되었습니다.
   1:7>"c:\Work\backup\tcpaop\Tests\ProtoTestTool\ProtoTestTool.csproj" 프로젝트의 "C:\Program Files\dotnet\sdk\9.0.309\Microsoft.Common.CurrentVersion.targets" 파일에 있는 "PrepareForRun" 대상("CoreBuild" 대상이 종속됨):
   1:7>"ProtoTestTool.csproj" 프로젝트에 "PrepareForRun" 대상을 빌드했습니다.
       조건이 잘못되어 "UnmanagedRegistration" 대상을 건너뜁니다. ('$(RegisterForComInterop)'=='true' and '$(OutputType)'=='library')이(가) (''=='true' and 'WinExe'=='library')(으)로 확인되었습니다.
       "_CheckForCompileOutputs" 대상을 건너뜁니다. 이전에 빌드되었습니다.
       조건이 잘못되어 "_SGenCheckForOutputs" 대상을 건너뜁니다. ('$(_SGenGenerateSerializationAssembliesConfig)' == 'On' or ('@(WebReferenceUrl)'!='' and '$(_SGenGenerateSerializationAssembliesConfig)' == 'Auto'))이(가) ('Off' == 'On' or (''!='' and 'Off' == 'Auto'))(으)로 확인되었습니다.
   1:7>"c:\Work\backup\tcpaop\Tests\ProtoTestTool\ProtoTestTool.csproj" 프로젝트의 "C:\Program Files\dotnet\sdk\9.0.309\Microsoft.Common.CurrentVersion.targets" 파일에 있는 "_CleanGetCurrentAndPriorFileWrites" 대상("IncrementalClean" 대상이 종속됨):
       "Microsoft.Build.Tasks.Core, Version=15.1.0.0, Culture=neutral, PublicKeyToken=b03f5f7f11d50a3a" 어셈블리에서 "ReadLinesFromFile" 작업을 사용합니다.
       "ReadLinesFromFile" 작업
       "ReadLinesFromFile" 작업을 실행했습니다.
       "ConvertToAbsolutePath" 작업
       "ConvertToAbsolutePath" 작업을 실행했습니다.
       "Microsoft.Build.Tasks.Core, Version=15.1.0.0, Culture=neutral, PublicKeyToken=b03f5f7f11d50a3a" 어셈블리에서 "FindUnderPath" 작업을 사용합니다.
       "FindUnderPath" 작업
         비교 경로는 "c:\Work\backup\tcpaop\Tests\ProtoTestTool"입니다.
       "FindUnderPath" 작업을 실행했습니다.
       "FindUnderPath" 작업
         비교 경로는 "bin\Debug\net9.0-windows\"입니다.
       "FindUnderPath" 작업을 실행했습니다.
       "FindUnderPath" 작업
         비교 경로는 "obj\Debug\net9.0-windows\"입니다.
       "FindUnderPath" 작업을 실행했습니다.
       "RemoveDuplicates" 작업
       "RemoveDuplicates" 작업을 실행했습니다.
   1:7>"ProtoTestTool.csproj" 프로젝트에 "_CleanGetCurrentAndPriorFileWrites" 대상을 빌드했습니다.
   1:7>"c:\Work\backup\tcpaop\Tests\ProtoTestTool\ProtoTestTool.csproj" 프로젝트의 "C:\Program Files\dotnet\sdk\9.0.309\Microsoft.Common.CurrentVersion.targets" 파일에 있는 "IncrementalClean" 대상("CoreBuild" 대상이 종속됨):
       "FindUnderPath" 작업
         비교 경로는 "bin\Debug\net9.0-windows\"입니다.
       "FindUnderPath" 작업을 실행했습니다.
       "FindUnderPath" 작업
         비교 경로는 "obj\Debug\net9.0-windows\"입니다.
       "FindUnderPath" 작업을 실행했습니다.
       "Microsoft.Build.Tasks.Core, Version=15.1.0.0, Culture=neutral, PublicKeyToken=b03f5f7f11d50a3a" 어셈블리에서 "Delete" 작업을 사용합니다.
       "Delete" 작업
       "Delete" 작업을 실행했습니다.
       "RemoveDuplicates" 작업
       "RemoveDuplicates" 작업을 실행했습니다.
       조건이 잘못되어 "WriteLinesToFile" 작업을 건너뜁니다. ('@(_CleanUnfilteredPriorFileWrites)'!='@(_CleanUniqueRemainingFileWritesAfterIncrementalClean)')이(가) ('C:\Work\backup\tcpaop\Tests\ProtoTestTool\bin\Debug\net9.0-windows\ProtoTestTool.exe;C:\Work\backup\tcpaop\Tests\ProtoTestTool\bin\Debug\net9.0-windows\ProtoTestTool.deps.json;C:\Work\backup\tcpaop\Tests\ProtoTestTool\bin\Debug\net9.0-windows\ProtoTestTool.runtimeconfig.json;...'!='C:\Work\backup\tcpaop\Tests\ProtoTestTool\bin\Debug\net9.0-windows\ProtoTestTool.exe;C:\Work\backup\tcpaop\Tests\ProtoTestTool\bin\Debug\net9.0-windows\ProtoTestTool.deps.json;C:\Work\backup\tcpaop\Tests\ProtoTestTool\bin\Debug\net9.0-windows\ProtoTestTool.runtimeconfig.json;...')(으)로 확인되었습니다.
   1:7>"ProtoTestTool.csproj" 프로젝트에 "IncrementalClean" 대상을 빌드했습니다.
       조건이 잘못되어 "PostBuildEvent" 대상을 건너뜁니다. ('$(PostBuildEvent)' != '' and ('$(RunPostBuildEvent)' != 'OnOutputUpdated' or '$(_AssemblyTimestampBeforeCompile)' != '$(_AssemblyTimestampAfterCompile)'))이(가) ('' != '' and ('' != 'OnOutputUpdated' or '' != ''))(으)로 확인되었습니다.
       "GenerateBuildDependencyFile" 대상을 건너뜁니다. 이전에 빌드되었습니다.
       "GenerateBuildRuntimeConfigurationFiles" 대상을 건너뜁니다. 이전에 빌드되었습니다.
   1:7>"c:\Work\backup\tcpaop\Tests\ProtoTestTool\ProtoTestTool.csproj" 프로젝트의 "C:\Program Files\dotnet\sdk\9.0.309\Microsoft.Common.CurrentVersion.targets" 파일에 있는 "CoreBuild" 대상("Build" 대상이 종속됨):
   1:7>"ProtoTestTool.csproj" 프로젝트에 "CoreBuild" 대상을 빌드했습니다.
   1:7>"c:\Work\backup\tcpaop\Tests\ProtoTestTool\ProtoTestTool.csproj" 프로젝트의 "C:\Program Files\dotnet\sdk\9.0.309\Microsoft.Common.CurrentVersion.targets" 파일에 있는 "AfterBuild" 대상("Build" 대상이 종속됨):
   1:7>"ProtoTestTool.csproj" 프로젝트에 "AfterBuild" 대상을 빌드했습니다.
       조건이 잘못되어 "_CheckBrowserWorkloadNeededButNotAvailable" 대상을 건너뜁니다. ('$(RuntimeIdentifier)' == 'browser-wasm' and '$(_BrowserWorkloadDisabled)' != 'true' and '$(WasmNativeWorkloadAvailable)' != 'true')이(가) ('' == 'browser-wasm' and '' != 'true' and '' != 'true')(으)로 확인되었습니다.
       조건이 잘못되어 "_ErrorWorkloadDisabledForTFMLessThan6" 대상을 건너뜁니다. ('$(_BrowserWorkloadNotSupportedForTFM)' == 'true')이(가) ('' == 'true')(으)로 확인되었습니다.
       조건이 잘못되어 "_ErrorDualWasmThreadPropsOn7" 대상을 건너뜁니다. ('$(TargetsNet7)' == 'true' and '$(RuntimeIdentifier)' == 'browser-wasm' and
           '$(BrowserWorkloadDisabled)' != 'true' and '$(WasmEnableThreads)' == 'true' and '$(WasmEnablePerfTrace)' == 'true')이(가) ('' == 'true' and '' == 'browser-wasm' and
           '' != 'true' and '' == 'true' and '' == 'true')(으)로 확인되었습니다.
       "_CheckForInvalidConfigurationAndPlatform" 대상을 건너뜁니다. 이전에 빌드되었습니다.
       "_CheckForInvalidConfigurationAndPlatform" 대상을 건너뜁니다. 이전에 빌드되었습니다.
   1:7>"c:\Work\backup\tcpaop\Tests\ProtoTestTool\ProtoTestTool.csproj" 프로젝트의 "C:\Program Files\dotnet\sdk\9.0.309\Microsoft.Common.CurrentVersion.targets" 파일에 있는 "Build" 대상(진입점):
   1:7>"ProtoTestTool.csproj" 프로젝트에 "Build" 대상을 빌드했습니다.
   1:7>"c:\Work\backup\tcpaop\Tests\ProtoTestTool\ProtoTestTool.csproj" 프로젝트의 "CopyProtoc" 대상(진입점):
       "Copy" 작업
         "SkipUnchangedFiles" 매개 변수가 프로젝트에 "true"(으)로 설정되었고 파일 크기와 타임스탬프가 일치하기 때문에 "C:\Users\kentz\.nuget\packages\grpc.tools\2.60.0\tools\windows_x64\protoc.exe" 파일에서 "bin\Debug\net9.0-windows\\Tools\protoc.exe" 파일로 복사할 수 없습니다.
       "Copy" 작업을 실행했습니다.
       "Copy" 작업
       "Copy" 작업을 실행했습니다.
   1:7>"ProtoTestTool.csproj" 프로젝트에 "CopyProtoc" 대상을 빌드했습니다.
       조건이 잘못되어 "_PackAsBuildAfterTarget" 대상을 건너뜁니다. ('$(GeneratePackageOnBuild)' == 'true' AND '$(IsInnerBuild)' != 'true')이(가) ('false' == 'true' AND '' != 'true')(으)로 확인되었습니다.
   1:7>"c:\Work\backup\tcpaop\Tests\ProtoTestTool\ProtoTestTool.csproj" 프로젝트의 "C:\Program Files\dotnet\sdk\9.0.309\Containers\build\Microsoft.NET.Build.Containers.targets" 파일에 있는 "_CheckContainersPackage" 대상(진입점):
       조건이 잘못되어 "Warning" 작업을 건너뜁니다. ($(_ContainerPackageIsPresent)
               and (
                 ($(_SdkCanPublishWeb) and $(_IsWebProject)) or
                 ($(_SdkCanPublishWorker) and $(_IsWorkerProject)) or
                 ($(_SdkCanPublishConsole) and '$(EnableSdkContainerSupport)' == 'true')
               ))이(가) (false
               and (
                 (True and false) or
                 (True and false) or
                 (True and 'true' == 'true')
               ))(으)로 확인되었습니다.
   1:7>"ProtoTestTool.csproj" 프로젝트에 "_CheckContainersPackage" 대상을 빌드했습니다.
   1:7>"c:\Work\backup\tcpaop\Tests\ProtoTestTool\ProtoTestTool.csproj" 프로젝트를 빌드했습니다(기본 대상).

빌드했습니다.

       "c:\Work\backup\tcpaop\Tests\ProtoTestTool\ProtoTestTool.csproj"(기본 대상)(1:7)->
       (CoreCompile 대상) -> 
         c:\Work\backup\tcpaop\Tests\ProtoTestTool\MainWindow.xaml.cs(77,28): warning CS1998: 이 비동기 메서드에는 'await' 연산자가 없으며 메서드가 동시에 실행됩니다. 'await' 연산자를 사용하여 비블로킹 API 호출을 대기하거나, 'await Task.Run(...)'을 사용하여 백그라운드 스레드에서 CPU 바인딩된 작업을 수행하세요. [c:\Work\backup\tcpaop\Tests\ProtoTestTool\ProtoTestTool.csproj]
         c:\Work\backup\tcpaop\Tests\ProtoTestTool\ScriptEditorWindow.xaml.cs(18,58): warning CS0067: 'ScriptEditorWindow.OnCompilationSuccess' 이벤트가 사용되지 않았습니다. [c:\Work\backup\tcpaop\Tests\ProtoTestTool\ProtoTestTool.csproj]
         c:\Work\backup\tcpaop\Tests\ProtoTestTool\ScriptEditorWindow.xaml.cs(30,28): warning VSTHRD100: Avoid "async void" methods, because any exceptions not handled by the method will crash the process (https://github.com/Microsoft/vs-threading/blob/main/doc/analyzers/VSTHRD100.md) [c:\Work\backup\tcpaop\Tests\ProtoTestTool\ProtoTestTool.csproj]
         c:\Work\backup\tcpaop\Tests\ProtoTestTool\MainWindow.xaml.cs(473,22): warning VSTHRD200: Avoid "Async" suffix in names of methods that do not return an awaitable type (https://github.com/Microsoft/vs-threading/blob/main/doc/analyzers/VSTHRD200.md) [c:\Work\backup\tcpaop\Tests\ProtoTestTool\ProtoTestTool.csproj]
         c:\Work\backup\tcpaop\Tests\ProtoTestTool\MainWindow.xaml.cs(370,21): warning VSTHRD110: Observe the awaitable result of this method call by awaiting it, assigning to a variable, or passing it to another method (https://github.com/Microsoft/vs-threading/blob/main/doc/analyzers/VSTHRD110.md) [c:\Work\backup\tcpaop\Tests\ProtoTestTool\ProtoTestTool.csproj]

    경고 5개
    오류 0개

경과 시간: 00:00:02.78
